ONTOLOGY,ID,Description,GeneRatio,BgRatio,pvalue,p.adjust,qvalue,geneID,Count
BP,GO:0007059,chromosome segregation,127/2408,423/18888,2.2758522374981772e-21,1.3732492401064002e-17,1.1472690910925022e-17,HJURP/AURKA/RMI2/FAM83D/TPX2/UHRF1/TRIP13/CDK1/TOP2A/CENPU/MAD2L1/SKA1/KIF2C/DIAPH3/HASPIN/SGO2/KIFC1/CDCA8/CCNB1/PLK1/CCNB2/DSN1/ZWINT/BUB1/NUF2/SKA3/MZT1/FANCD2/CCNE2/CDCA2/CDCA5/CENPE/NCAPH/NCAPG/CENPH/KIF18B/CDT1/NDC80/TTK/CENPN/SGO1/RACGAP1/ESCO2/ESPL1/MYBL2/MAP9/RCC1/MKI67/FBXO5/NEK2/CDC6/AURKB/TUBB/CENPI/SMC4/HAUS6/SPAG5/DLGAP5/NCAPG2/KIF23/PRC1/KIF4A/CENPK/PSMC3IP/UBE2C/XRCC3/BIRC5/KIF14/KNL1/MIS18A/NCAPD2/GPSM2/KIF11/SMARCE1/RAD18/KIF4B/TACC3/KNSTRN/BUB1B/KIF18A/CENPO/BRCA1/CENPF/CENPW/CEP85/ECT2/ACTL6A/INCENP/MAP3K20/HAUS8/MTCL2/OIP5/ZWILCH/CDC20/TUBG1/MAPRE3/SPDL1/NCAPD3/PTTG2/CENPJ/CENPL/MTCL1/RECQL5/PTTG1/SPC24/SRPK1/NDE1/STIL/PTTG3P/SPC25/BRIP1/NDC1/ASPM/GEM/FIRRM/ZCWPW1/KNTC1/MAEL/GEN1/CEP97/TUBGCP3/C14orf39/CHMP4A/FMN2/REC8/MAPK15/SYCP2,127
BP,GO:0098813,nuclear chromosome segregation,95/2408,317/18888,3.061975955205699e-16,9.237981456855595e-13,7.717790973410576e-13,AURKA/RMI2/FAM83D/TPX2/UHRF1/TRIP13/CDK1/TOP2A/MAD2L1/SKA1/KIF2C/HASPIN/KIFC1/CDCA8/CCNB1/PLK1/CCNB2/DSN1/ZWINT/BUB1/NUF2/SKA3/MZT1/FANCD2/CCNE2/CDCA5/CENPE/NCAPH/NCAPG/KIF18B/CDT1/NDC80/TTK/SGO1/RACGAP1/ESPL1/MYBL2/MAP9/FBXO5/NEK2/CDC6/AURKB/CENPI/SMC4/SPAG5/DLGAP5/NCAPG2/KIF23/PRC1/KIF4A/CENPK/PSMC3IP/UBE2C/XRCC3/BIRC5/KIF14/KNL1/NCAPD2/KIF11/SMARCE1/KIF4B/TACC3/KNSTRN/BUB1B/KIF18A/CENPF/ECT2/ACTL6A/INCENP/MAP3K20/ZWILCH/CDC20/TUBG1/SPDL1/NCAPD3/PTTG2/PTTG1/SPC24/PTTG3P/SPC25/BRIP1/NDC1/ASPM/GEM/ZCWPW1/KNTC1/MAEL/GEN1/CEP97/C14orf39/CHMP4A/FMN2/REC8/MAPK15/SYCP2,95
BP,GO:0000280,nuclear division,119/2408,446/18888,9.501639861238405e-16,1.911096497423751e-12,1.5966088875603765e-12,AURKA/TPX2/UHRF1/TRIP13/CDK1/TOP2A/KIF20B/MAD2L1/SKA1/KIF2C/HASPIN/KIFC1/CDCA8/CCNB1/PLK1/CCNB2/ZWINT/BUB1/NUF2/SKA3/MZT1/RAD54L/FANCD2/CCNE2/CDCA2/EME1/LIF/RAD51/CDCA5/CENPE/NCAPH/NCAPG/KIF18B/CDT1/GPR3/NDC80/TTK/SGO1/RACGAP1/ESPL1/MYBL2/MYBL1/MAP9/RCC1/MKI67/FBXO5/NEK2/BRCA2/PDGFRB/AURKB/CENPI/SMC4/ANLN/SPAG5/MASTL/DLGAP5/NCAPG2/KIF23/PRC1/KIF4A/CENPK/PSMC3IP/UBE2C/XRCC3/BIRC5/RAD51AP1/KIF14/FANCA/KNL1/HSPA2/NCAPD2/KIF11/CHEK1/PKMYT1/TGFA/KIF4B/KNSTRN/BORA/BUB1B/KIF18A/CDC25C/PDGFB/CENPF/CEP85/INCENP/ZWILCH/CDC20/TUBG1/SPDL1/NCAPD3/PTTG2/FANCM/PTTG1/SPC24/NDE1/PTTG3P/RMI1/SPC25/BRIP1/NDC1/ASPM/SPHK1/ZCWPW1/FIGNL1/KNTC1/MAEL/GEN1/CEP97/FBXO43/C14orf39/UBE2S/CHMP4A/CYP26B1/CCDC8/IL1B/FMN2/REC8/MAPK15/SYCP2,119
BP,GO:0006261,DNA-templated DNA replication,60/2408,160/18888,1.39510444007253e-15,2.1045150478494116e-12,1.7581987272387754e-12,ORC1/MCM4/ORC6/CDK2/CDC45/MCM3/DSCC1/GINS1/CCNE2/EME1/RAD51/E2F7/CDT1/MCM6/FEN1/RFC3/MCM2/FBXO5/BRCA2/CDC6/HMGA1/RRM1/MCM10/GINS4/WDHD1/MCM5/TICRR/PCNA/RFWD3/RFC5/BLM/TIMELESS/POLD3/ATAD5/GINS2/DBF4/MCM8/RFC4/RBBP8/E2F8/BRCA1/PRIM2/GMNN/POLE2/NOC3L/MMS22L/BARD1/TK1/CDC7/PRIM1/POLQ/POLD1/DNA2/FANCM/RECQL5/GEN1/BCL6/TRAIP/POLA2/POLN,60
BP,GO:0140014,mitotic nuclear division,85/2408,277/18888,2.468073540269427e-15,2.9784711483971443e-12,2.488337723021113e-12,AURKA/TPX2/UHRF1/TRIP13/CDK1/KIF20B/MAD2L1/SKA1/KIF2C/HASPIN/KIFC1/CDCA8/CCNB1/PLK1/ZWINT/BUB1/NUF2/SKA3/MZT1/CDCA2/CDCA5/CENPE/NCAPH/NCAPG/KIF18B/CDT1/NDC80/TTK/RACGAP1/ESPL1/MYBL2/MAP9/RCC1/MKI67/FBXO5/NEK2/PDGFRB/AURKB/CENPI/SMC4/ANLN/SPAG5/DLGAP5/NCAPG2/KIF23/PRC1/KIF4A/CENPK/UBE2C/XRCC3/BIRC5/KIF14/KNL1/NCAPD2/KIF11/CHEK1/PKMYT1/TGFA/KIF4B/KNSTRN/BORA/BUB1B/KIF18A/CDC25C/PDGFB/CENPF/CEP85/INCENP/ZWILCH/CDC20/TUBG1/SPDL1/NCAPD3/SPC24/NDE1/SPC25/SPHK1/KNTC1/GEN1/CEP97/FBXO43/UBE2S/CHMP4A/CCDC8/IL1B,85
BP,GO:0000070,mitotic sister chromatid segregation,65/2408,188/18888,9.176259720172502e-15,9.228258525253478e-12,7.709668035071249e-12,TPX2/UHRF1/TRIP13/CDK1/MAD2L1/SKA1/KIF2C/HASPIN/KIFC1/CDCA8/CCNB1/PLK1/ZWINT/BUB1/NUF2/SKA3/MZT1/CDCA5/CENPE/NCAPH/NCAPG/KIF18B/CDT1/NDC80/TTK/RACGAP1/ESPL1/MYBL2/MAP9/FBXO5/NEK2/AURKB/CENPI/SMC4/SPAG5/DLGAP5/NCAPG2/KIF23/PRC1/KIF4A/CENPK/UBE2C/XRCC3/BIRC5/KIF14/KNL1/NCAPD2/KIF11/KIF4B/KNSTRN/BUB1B/KIF18A/CENPF/INCENP/ZWILCH/CDC20/TUBG1/SPDL1/NCAPD3/SPC24/SPC25/KNTC1/GEN1/CEP97/CHMP4A,65
BP,GO:0048285,organelle fission,125/2408,493/18888,1.1439814812128921e-14,9.86112036805513e-12,8.238386937636903e-12,AURKA/TPX2/UHRF1/TRIP13/CDK1/TOP2A/KIF20B/MAD2L1/SKA1/KIF2C/HASPIN/KIFC1/CDCA8/CCNB1/PLK1/CCNB2/ZWINT/BUB1/NUF2/SKA3/MZT1/MTFR2/RAD54L/FANCD2/CCNE2/CDCA2/EME1/LIF/RAD51/CDCA5/CENPE/NCAPH/NCAPG/KIF18B/STAT2/CDT1/GPR3/NDC80/TTK/SGO1/RACGAP1/ESPL1/MYBL2/MYBL1/MAP9/RCC1/MKI67/FBXO5/NEK2/BRCA2/PDGFRB/AURKB/CENPI/SMC4/ANLN/SPAG5/MASTL/DLGAP5/NCAPG2/KIF23/PRC1/KIF4A/CENPK/PSMC3IP/UBE2C/XRCC3/BIRC5/RAD51AP1/KIF14/FANCA/KNL1/HSPA2/NCAPD2/KIF11/CHEK1/PKMYT1/PEX11G/TGFA/KIF4B/KNSTRN/BORA/BUB1B/KIF18A/CDC25C/PDGFB/CENPF/CEP85/INCENP/CORO1C/MCU/ZWILCH/CDC20/MTFR1/TUBG1/SPDL1/NCAPD3/PTTG2/FANCM/PTTG1/SPC24/NDE1/PTTG3P/RMI1/SPC25/BRIP1/NDC1/ASPM/SPHK1/ZCWPW1/FIGNL1/KNTC1/MAEL/GEN1/CEP97/FBXO43/C14orf39/UBE2S/CHMP4A/CYP26B1/CCDC8/IL1B/FMN2/REC8/MAPK15/SYCP2,125
BP,GO:0000819,sister chromatid segregation,73/2408,229/18888,2.645888343687083e-14,1.9693778854193525e-11,1.645299564445908e-11,RMI2/TPX2/UHRF1/TRIP13/CDK1/TOP2A/MAD2L1/SKA1/KIF2C/HASPIN/KIFC1/CDCA8/CCNB1/PLK1/ZWINT/BUB1/NUF2/SKA3/MZT1/CDCA5/CENPE/NCAPH/NCAPG/KIF18B/CDT1/NDC80/TTK/RACGAP1/ESPL1/MYBL2/MAP9/FBXO5/NEK2/CDC6/AURKB/CENPI/SMC4/SPAG5/DLGAP5/NCAPG2/KIF23/PRC1/KIF4A/CENPK/UBE2C/XRCC3/BIRC5/KIF14/KNL1/NCAPD2/KIF11/SMARCE1/KIF4B/TACC3/KNSTRN/BUB1B/KIF18A/CENPF/ACTL6A/INCENP/MAP3K20/ZWILCH/CDC20/TUBG1/SPDL1/NCAPD3/SPC24/SPC25/KNTC1/GEN1/CEP97/CHMP4A/MAPK15,73
BP,GO:0006260,DNA replication,83/2408,278/18888,2.937421439969203e-14,1.9693778854193525e-11,1.645299564445908e-11,ID3/DTL/RMI2/ORC1/CDK1/MCM4/TSPYL2/ORC6/CDK2/CDC45/CHAF1B/MCM3/DSCC1/FAM111B/GINS1/CCNE2/CDC25A/EME1/RAD51/E2F7/CDT1/CCNA2/MCM6/ESCO2/FEN1/RFC3/MCM2/CHAF1A/JADE2/FBXO5/BRCA2/CDC6/HMGA1/RRM1/MCM10/GINS4/WDHD1/MCM5/TICRR/PCNA/POLH/RFWD3/RFC5/WEE1/BLM/CDKN1A/TIMELESS/POLD3/ATAD5/CHEK1/GINS2/DBF4/MCM8/RFC4/RBBP8/E2F8/BRCA1/PRIM2/GMNN/POLE2/NOC3L/MMS22L/BARD1/TK1/ACTL6A/CDC7/PRIM1/POLQ/POLD1/POLL/DNA2/FANCM/RECQL5/RMI1/UCHL5/USP37/GEN1/BCL6/TRAIP/ADRA2A/ZBTB38/POLA2/POLN,83
BP,GO:1905818,regulation of chromosome separation,36/2408,74/18888,5.958954133384517e-14,3.595632924084217e-11,3.003940141555626e-11,TRIP13/MAD2L1/HASPIN/CDCA8/CCNB1/PLK1/ZWINT/BUB1/NUF2/NCAPH/NCAPG/NDC80/TTK/ESPL1/FBXO5/AURKB/SMC4/DLGAP5/NCAPG2/UBE2C/XRCC3/BIRC5/KNL1/NCAPD2/BUB1B/CENPF/INCENP/ZWILCH/CDC20/SPDL1/NCAPD3/SPC24/SPC25/KNTC1/GEN1/MAPK15,36
BP,GO:0051304,chromosome separation,37/2408,81/18888,3.189302137725514e-13,1.7494771908214318e-10,1.4615854485710514e-10,TRIP13/MAD2L1/HASPIN/CDCA8/CCNB1/PLK1/ZWINT/BUB1/NUF2/NCAPH/NCAPG/NDC80/TTK/ESPL1/FBXO5/AURKB/SMC4/DLGAP5/NCAPG2/UBE2C/XRCC3/BIRC5/KNL1/NCAPD2/BUB1B/CENPF/INCENP/ZWILCH/CDC20/SPDL1/NCAPD3/RECQL5/SPC24/SPC25/KNTC1/GEN1/MAPK15,37
BP,GO:0007093,mitotic cell cycle checkpoint signaling,52/2408,143/18888,4.464635252435046e-13,2.2449674260994222e-10,1.8755384406939855e-10,DTL/ORC1/TRIP13/CDK1/MAD2L1/HASPIN/CDK2/CDCA8/CCNB1/PLK1/ZWINT/BUB1/NUF2/FANCD2/EME1/E2F7/GTSE1/NDC80/CLSPN/TTK/CDC6/AURKB/TICRR/STK33/XRCC3/RFWD3/BIRC5/CCND1/BLM/CDKN1A/KNL1/CHEK1/RPS27L/RBBP8/TAOK3/BUB1B/BRCA1/CENPF/BARD1/INCENP/MAP3K20/ZWILCH/CDC20/NABP1/SPDL1/SPC24/MUC1/SPC25/KNTC1/MDC1/GEN1/PRKDC,52
BP,GO:0007088,regulation of mitotic nuclear division,46/2408,118/18888,5.508523466619869e-13,2.55680235366033e-10,2.1360582090398828e-10,AURKA/TRIP13/KIF20B/MAD2L1/HASPIN/CDCA8/CCNB1/PLK1/ZWINT/BUB1/NUF2/CDCA2/NDC80/TTK/ESPL1/RCC1/MKI67/FBXO5/NEK2/PDGFRB/AURKB/DLGAP5/UBE2C/XRCC3/BIRC5/KNL1/CHEK1/PKMYT1/TGFA/BORA/BUB1B/CDC25C/PDGFB/CENPF/INCENP/ZWILCH/CDC20/SPDL1/SPC24/SPC25/SPHK1/KNTC1/GEN1/FBXO43/CCDC8/IL1B,46
BP,GO:0000075,cell cycle checkpoint signaling,62/2408,191/18888,9.47916175294027e-13,4.0855187155172564e-10,3.4132109499872897e-10,DTL/ORC1/TRIP13/CDK1/MAD2L1/HASPIN/CDK2/CDC45/CDCA8/CCNB1/PLK1/ZWINT/BUB1/NUF2/FANCD2/EME1/RAD51/E2F7/GTSE1/CDT1/NDC80/CLSPN/E2F1/TTK/WDR76/BRCA2/CDC6/AURKB/TICRR/STK33/XRCC3/RFWD3/BIRC5/CCND1/BLM/CDKN1A/TIMELESS/KNL1/CHEK1/RPS27L/RBBP8/TAOK3/BUB1B/BRCA1/CENPF/BARD1/INCENP/MAP3K20/FBXO6/ZWILCH/CDC20/NABP1/DNA2/SPDL1/SPC24/MUC1/SPC25/BRIP1/KNTC1/MDC1/GEN1/PRKDC,62
BP,GO:0051983,regulation of chromosome segregation,48/2408,131/18888,2.547533802086714e-12,1.0247879307860822e-9,8.561501318030368e-10,RMI2/TRIP13/CDK1/MAD2L1/KIF2C/HASPIN/CDCA8/CCNB1/PLK1/ZWINT/BUB1/NUF2/CDCA2/CENPE/NCAPH/NCAPG/NDC80/TTK/ESPL1/MKI67/FBXO5/CDC6/AURKB/SMC4/DLGAP5/NCAPG2/UBE2C/XRCC3/BIRC5/KNL1/NCAPD2/SMARCE1/RAD18/TACC3/BUB1B/CENPF/ACTL6A/INCENP/MAP3K20/ZWILCH/CDC20/SPDL1/NCAPD3/SPC24/SPC25/KNTC1/GEN1/MAPK15,48
BP,GO:0033046,negative regulation of sister chromatid segregation,26/2408,48/18888,7.792202066701718e-12,2.4746393300251667e-9,2.0674158281127164e-9,TRIP13/MAD2L1/HASPIN/CDCA8/CCNB1/PLK1/ZWINT/BUB1/NUF2/NDC80/TTK/FBXO5/AURKB/XRCC3/BIRC5/KNL1/BUB1B/CENPF/INCENP/ZWILCH/CDC20/SPDL1/SPC24/SPC25/KNTC1/GEN1,26
BP,GO:0033048,negative regulation of mitotic sister chromatid segregation,26/2408,48/18888,7.792202066701718e-12,2.4746393300251667e-9,2.0674158281127164e-9,TRIP13/MAD2L1/HASPIN/CDCA8/CCNB1/PLK1/ZWINT/BUB1/NUF2/NDC80/TTK/FBXO5/AURKB/XRCC3/BIRC5/KNL1/BUB1B/CENPF/INCENP/ZWILCH/CDC20/SPDL1/SPC24/SPC25/KNTC1/GEN1,26
BP,GO:0045841,negative regulation of mitotic metaphase/anaphase transition,26/2408,48/18888,7.792202066701718e-12,2.4746393300251667e-9,2.0674158281127164e-9,TRIP13/MAD2L1/HASPIN/CDCA8/CCNB1/PLK1/ZWINT/BUB1/NUF2/NDC80/TTK/FBXO5/AURKB/XRCC3/BIRC5/KNL1/BUB1B/CENPF/INCENP/ZWILCH/CDC20/SPDL1/SPC24/SPC25/KNTC1/GEN1,26
BP,GO:2000816,negative regulation of mitotic sister chromatid separation,26/2408,48/18888,7.792202066701718e-12,2.4746393300251667e-9,2.0674158281127164e-9,TRIP13/MAD2L1/HASPIN/CDCA8/CCNB1/PLK1/ZWINT/BUB1/NUF2/NDC80/TTK/FBXO5/AURKB/XRCC3/BIRC5/KNL1/BUB1B/CENPF/INCENP/ZWILCH/CDC20/SPDL1/SPC24/SPC25/KNTC1/GEN1,26
BP,GO:0010965,regulation of mitotic sister chromatid separation,29/2408,59/18888,1.1886696998815487e-11,3.5862164845426324e-9,2.9960732593330195e-9,TRIP13/MAD2L1/HASPIN/CDCA8/CCNB1/PLK1/ZWINT/BUB1/NUF2/NDC80/TTK/ESPL1/FBXO5/AURKB/DLGAP5/UBE2C/XRCC3/BIRC5/KNL1/BUB1B/CENPF/INCENP/ZWILCH/CDC20/SPDL1/SPC24/SPC25/KNTC1/GEN1,29
BP,GO:0044772,mitotic cell cycle phase transition,109/2408,451/18888,1.502189429408501e-11,4.316290960500426e-9,3.606007607738001e-9,ID2/RRM2/CCL2/MELK/DTL/AURKA/ORC1/TRIP13/CDK1/CDKN3/MAD2L1/FOXM1/HASPIN/CDK2/CDCA8/CCNB1/PLK1/CCNB2/ZWINT/BUB1/NUF2/CCNF/CCNE2/CDC25A/E2F7/CDCA5/CENPE/IQGAP3/MYC/GTSE1/CCNA2/CACNB4/NDC80/CLSPN/E2F1/TTK/CALM1/ESPL1/RCC1/FBXO5/CDC6/AURKB/ANLN/RRM1/MASTL/DLGAP5/TICRR/UBE2C/XRCC3/RFWD3/KDM8/BIRC5/CCND1/WEE1/BLM/KIF14/CDKN1A/KNL1/HSPA2/ATAD5/CHEK1/PKMYT1/SMARCE1/DBF4/RPS27L/RBBP8/TACC3/TAOK3/BUB1B/BRCA1/CDC25C/BCAT1/GFI1B/PLK5/CENPF/BARD1/ACTL6A/INCENP/MAP3K20/CCDC57/TPD52L1/ZFP36L2/CDC7/ZWILCH/CDC20/NABP1/SPDL1/CKS1B/CENPJ/SPC24/FAM107A/MUC1/RBL1/STIL/SPC25/CRLF3/CCNP/KNTC1/MBLAC1/USP37/GEN1/EIF4EBP1/PRKDC/APPL1/CDK14/UBE2S/LSM11/GJC2/UBE2E2,109
BP,GO:0007094,mitotic spindle assembly checkpoint signaling,25/2408,46/18888,1.7861636914965357e-11,4.490713214370873e-9,3.7517271572705745e-9,TRIP13/MAD2L1/HASPIN/CDCA8/CCNB1/PLK1/ZWINT/BUB1/NUF2/NDC80/TTK/AURKB/XRCC3/BIRC5/KNL1/BUB1B/CENPF/INCENP/ZWILCH/CDC20/SPDL1/SPC24/SPC25/KNTC1/GEN1,25
BP,GO:0071173,spindle assembly checkpoint signaling,25/2408,46/18888,1.7861636914965357e-11,4.490713214370873e-9,3.7517271572705745e-9,TRIP13/MAD2L1/HASPIN/CDCA8/CCNB1/PLK1/ZWINT/BUB1/NUF2/NDC80/TTK/AURKB/XRCC3/BIRC5/KNL1/BUB1B/CENPF/INCENP/ZWILCH/CDC20/SPDL1/SPC24/SPC25/KNTC1/GEN1,25
BP,GO:0071174,mitotic spindle checkpoint signaling,25/2408,46/18888,1.7861636914965357e-11,4.490713214370873e-9,3.7517271572705745e-9,TRIP13/MAD2L1/HASPIN/CDCA8/CCNB1/PLK1/ZWINT/BUB1/NUF2/NDC80/TTK/AURKB/XRCC3/BIRC5/KNL1/BUB1B/CENPF/INCENP/ZWILCH/CDC20/SPDL1/SPC24/SPC25/KNTC1/GEN1,25
BP,GO:0051985,negative regulation of chromosome segregation,26/2408,50/18888,2.6711450596041218e-11,5.9695145517226936e-9,4.987178826683875e-9,TRIP13/MAD2L1/HASPIN/CDCA8/CCNB1/PLK1/ZWINT/BUB1/NUF2/NDC80/TTK/FBXO5/AURKB/XRCC3/BIRC5/KNL1/BUB1B/CENPF/INCENP/ZWILCH/CDC20/SPDL1/SPC24/SPC25/KNTC1/GEN1,26
BP,GO:1902100,negative regulation of metaphase/anaphase transition of cell cycle,26/2408,50/18888,2.6711450596041218e-11,5.9695145517226936e-9,4.987178826683875e-9,TRIP13/MAD2L1/HASPIN/CDCA8/CCNB1/PLK1/ZWINT/BUB1/NUF2/NDC80/TTK/FBXO5/AURKB/XRCC3/BIRC5/KNL1/BUB1B/CENPF/INCENP/ZWILCH/CDC20/SPDL1/SPC24/SPC25/KNTC1/GEN1,26
BP,GO:1905819,negative regulation of chromosome separation,26/2408,50/18888,2.6711450596041218e-11,5.9695145517226936e-9,4.987178826683875e-9,TRIP13/MAD2L1/HASPIN/CDCA8/CCNB1/PLK1/ZWINT/BUB1/NUF2/NDC80/TTK/FBXO5/AURKB/XRCC3/BIRC5/KNL1/BUB1B/CENPF/INCENP/ZWILCH/CDC20/SPDL1/SPC24/SPC25/KNTC1/GEN1,26
BP,GO:0031577,spindle checkpoint signaling,25/2408,47/18888,3.354077698195144e-11,7.031240312793966e-9,5.874188346382832e-9,TRIP13/MAD2L1/HASPIN/CDCA8/CCNB1/PLK1/ZWINT/BUB1/NUF2/NDC80/TTK/AURKB/XRCC3/BIRC5/KNL1/BUB1B/CENPF/INCENP/ZWILCH/CDC20/SPDL1/SPC24/SPC25/KNTC1/GEN1,25
BP,GO:0051960,regulation of nervous system development,111/2408,468/18888,3.379283544431969e-11,7.031240312793966e-9,5.874188346382832e-9,GFAP/ASCL1/NOG/CXCR4/NCAN/ID2/SOX8/BCAN/DLL1/SLC7A5/LRRN3/BTG2/ETV5/L1CAM/LRRC4B/RGMA/SEMA5B/NLGN3/PTN/DRAXIN/TTBK1/EPHB1/TG/MAP6/WDR62/BMP2/LIF/DLL3/RND2/EPHA4/NUMBL/PLXNB1/LRP8/LDLR/PLXNA2/XRCC2/NTN1/SEMA6B/HEY2/SPP1/NRP1/FGF13/EPHB3/HMGB2/AGRN/PLXNB3/OLIG2/HAP1/SEMA3A/GPR37L1/MYB/ARHGAP4/FOXG1/CLSTN3/EFNB3/BHLHE41/SERPINF1/DRD2/SLITRK3/KIF14/TNFRSF1B/DCT/CDH4/SEMA6C/THBS2/ITPKA/SHH/SMO/RASSF10/ADGRB1/SLITRK1/HES5/ABCC8/MT3/GPER1/S100A10/CRABP2/SHANK3/EFNA5/SEMA6D/LRRTM2/NTRK2/HES6/LRRN1/SEMA6A/FSTL4/TPPP/SEMA7A/TNFRSF21/LRRC24/ASPM/ANKRD27/EPHA7/SLIT2/IL1RAP/OTP/ROBO2/GBX2/CDH1/PLXNC1/HIF1A/SLITRK4/LYN/MACF1/ACAN/GJC2/TNR/HES7/PLAG1/PRKCH/IL1B,111
BP,GO:0033047,regulation of mitotic sister chromatid segregation,27/2408,54/18888,3.651830366442057e-11,7.345048143703791e-9,6.1363563596108814e-9,TRIP13/CDK1/MAD2L1/HASPIN/CDCA8/CCNB1/PLK1/ZWINT/BUB1/NUF2/NDC80/TTK/FBXO5/AURKB/XRCC3/BIRC5/KNL1/BUB1B/CENPF/INCENP/ZWILCH/CDC20/SPDL1/SPC24/SPC25/KNTC1/GEN1,27
BP,GO:0051306,mitotic sister chromatid separation,29/2408,62/18888,5.587076791728771e-11,1.0874974632674647e-8,9.08540263347677e-9,TRIP13/MAD2L1/HASPIN/CDCA8/CCNB1/PLK1/ZWINT/BUB1/NUF2/NDC80/TTK/ESPL1/FBXO5/AURKB/DLGAP5/UBE2C/XRCC3/BIRC5/KNL1/BUB1B/CENPF/INCENP/ZWILCH/CDC20/SPDL1/SPC24/SPC25/KNTC1/GEN1,29
BP,GO:0051783,regulation of nuclear division,49/2408,147/18888,7.815214246536936e-11,1.473656336362621e-8,1.2311533232455718e-8,AURKA/TRIP13/KIF20B/MAD2L1/HASPIN/CDCA8/CCNB1/PLK1/ZWINT/BUB1/NUF2/CDCA2/LIF/GPR3/NDC80/TTK/ESPL1/RCC1/MKI67/FBXO5/NEK2/PDGFRB/AURKB/DLGAP5/UBE2C/XRCC3/BIRC5/RAD51AP1/KNL1/CHEK1/PKMYT1/TGFA/BORA/BUB1B/CDC25C/PDGFB/CENPF/INCENP/ZWILCH/CDC20/SPDL1/SPC24/SPC25/SPHK1/KNTC1/GEN1/FBXO43/CCDC8/IL1B,49
BP,GO:0051784,negative regulation of nuclear division,29/2408,63/18888,9.095437301435629e-11,1.6630869296018967e-8,1.3894114589019209e-8,TRIP13/MAD2L1/HASPIN/CDCA8/CCNB1/PLK1/ZWINT/BUB1/NUF2/LIF/NDC80/TTK/FBXO5/AURKB/XRCC3/BIRC5/KNL1/CHEK1/BUB1B/CENPF/INCENP/ZWILCH/CDC20/SPDL1/SPC24/SPC25/KNTC1/GEN1/FBXO43,29
BP,GO:0045839,negative regulation of mitotic nuclear division,27/2408,56/18888,1.0696881736843754e-10,1.8983818941210356e-8,1.5859865832119113e-8,TRIP13/MAD2L1/HASPIN/CDCA8/CCNB1/PLK1/ZWINT/BUB1/NUF2/NDC80/TTK/FBXO5/AURKB/XRCC3/BIRC5/KNL1/CHEK1/BUB1B/CENPF/INCENP/ZWILCH/CDC20/SPDL1/SPC24/SPC25/KNTC1/GEN1,27
BP,GO:0010948,negative regulation of cell cycle process,82/2408,316/18888,1.3006639502136087e-10,2.2423446501682614e-8,1.8733472654354804e-8,CCL2/DTL/ORC1/TRIP13/CDK1/MAD2L1/HASPIN/CDK2/CDC45/CDCA8/CCNB1/PLK1/ZWINT/BUB1/NUF2/FANCD2/CCNF/EME1/LIF/RAD51/E2F7/GTSE1/CDT1/CACNB4/NDC80/CLSPN/E2F1/TTK/ESPL1/WDR76/FBXO5/NEK2/BRCA2/CDC6/AURKB/TICRR/STK33/XRCC3/RFWD3/BIRC5/CCND1/WEE1/BLM/CDKN1A/TIMELESS/KNL1/CHEK1/PKMYT1/RPS27L/RBBP8/E2F8/TAOK3/BUB1B/BRCA1/GFI1B/CENPF/BARD1/INCENP/MAP3K20/GPER1/ZFP36L2/FBXO6/ZWILCH/CDC20/NABP1/DNA2/SPDL1/CCP110/SPC24/FAM107A/MUC1/RBL1/SPC25/BRIP1/CRLF3/KNTC1/MDC1/GEN1/FBXO43/PRKDC/BCL6/GJC2,82
BP,GO:1901991,negative regulation of mitotic cell cycle phase transition,58/2408,195/18888,2.564094030340537e-10,4.297706494187444e-8,3.590481377573342e-8,CCL2/DTL/ORC1/TRIP13/CDK1/MAD2L1/HASPIN/CDK2/CDCA8/CCNB1/PLK1/ZWINT/BUB1/NUF2/E2F7/GTSE1/CACNB4/NDC80/CLSPN/TTK/FBXO5/CDC6/AURKB/TICRR/XRCC3/RFWD3/BIRC5/CCND1/WEE1/BLM/CDKN1A/KNL1/CHEK1/PKMYT1/RPS27L/RBBP8/TAOK3/BUB1B/BRCA1/GFI1B/CENPF/BARD1/INCENP/ZFP36L2/ZWILCH/CDC20/NABP1/SPDL1/SPC24/FAM107A/MUC1/RBL1/SPC25/CRLF3/KNTC1/GEN1/PRKDC/GJC2,58
BP,GO:1901987,regulation of cell cycle phase transition,106/2408,455/18888,2.8382917705397594e-10,4.628716903631597e-8,3.8670211348833307e-8,ID2/RRM2/CCL2/DTL/AURKA/FAM83D/ORC1/TRIP13/CDK1/MAD2L1/HASPIN/CDK2/CDC45/CDCA8/CCNB1/PLK1/ZWINT/BUB1/NUF2/FANCD2/CCNE2/CDC25A/EME1/RAD51/E2F7/CDCA5/CENPE/GTSE1/CDT1/CACNB4/NDC80/CLSPN/E2F1/TTK/ESPL1/WDR76/FBXO5/BRCA2/CDC6/AURKB/ING4/ANLN/RRM1/DLGAP5/TICRR/UBE2C/STK33/XRCC3/RFWD3/BIRC5/CCND1/WEE1/BLM/KIF14/CDKN1A/TIMELESS/KNL1/HSPA2/ATAD5/CHEK1/PKMYT1/SMARCE1/DBF4/RPS27L/RBBP8/TAOK3/BUB1B/BRCA1/CDC25C/GFI1B/PLK5/CENPF/BARD1/ACTL6A/INCENP/MAP3K20/ZFP36L2/CDC7/FBXO6/ZWILCH/CDC20/NABP1/DNA2/SPDL1/PAXIP1/DYRK3/CENPJ/SPC24/FAM107A/MUC1/RBL1/STIL/SPC25/BRIP1/CRLF3/KNTC1/MN1/MBLAC1/MDC1/GEN1/PRKDC/APPL1/LSM11/GJC2/UBE2E2/MAPK15,106
BP,GO:1901988,negative regulation of cell cycle phase transition,73/2408,273/18888,3.133730245707777e-10,4.976033763842296e-8,4.1571839741536133e-8,CCL2/DTL/ORC1/TRIP13/CDK1/MAD2L1/HASPIN/CDK2/CDC45/CDCA8/CCNB1/PLK1/ZWINT/BUB1/NUF2/FANCD2/EME1/RAD51/E2F7/GTSE1/CDT1/CACNB4/NDC80/CLSPN/E2F1/TTK/WDR76/FBXO5/BRCA2/CDC6/AURKB/TICRR/STK33/XRCC3/RFWD3/BIRC5/CCND1/WEE1/BLM/CDKN1A/TIMELESS/KNL1/CHEK1/PKMYT1/RPS27L/RBBP8/TAOK3/BUB1B/BRCA1/GFI1B/CENPF/BARD1/INCENP/MAP3K20/ZFP36L2/FBXO6/ZWILCH/CDC20/NABP1/DNA2/SPDL1/SPC24/FAM107A/MUC1/RBL1/SPC25/BRIP1/CRLF3/KNTC1/MDC1/GEN1/PRKDC/GJC2,73
BP,GO:0045786,negative regulation of cell cycle,97/2408,405/18888,3.3763687225949776e-10,5.223848428753358e-8,4.364218572876478e-8,CCL2/BTG2/DTL/ORC1/TRIP13/CDK1/MAD2L1/TSPYL2/HASPIN/CDK2/CDC45/CDCA8/CCNB1/PLK1/ZWINT/BUB1/BMP2/NUF2/TENT5B/FANCD2/CCNF/NPPC/EME1/LIF/RAD51/E2F7/GTSE1/CDT1/CACNB4/NDC80/CLSPN/E2F1/TTK/ESPL1/WDR76/FBXO5/BTG3/NEK2/BRCA2/CDC6/AURKB/GATA3/TICRR/STK33/XRCC3/RFWD3/BIRC5/CCND1/WEE1/BLM/CDKN1A/TIMELESS/KNL1/CHEK1/PKMYT1/NR2F2/RPS27L/RBBP8/E2F8/TAOK3/BUB1B/BRCA1/GFI1B/GMNN/CENPF/SUV39H1/BARD1/INCENP/MAP3K20/GPER1/ZFP36L2/FBXO6/GAS1/ZWILCH/CDC20/IPO7/NABP1/DNA2/SPDL1/CCP110/SPC24/IPO5/FAM107A/MUC1/RBL1/SPC25/BRIP1/CRLF3/KNTC1/MDC1/NUPR1/GEN1/FBXO43/PRKDC/BCL6/GJC2/INCA1,97
BP,GO:0007051,spindle organization,58/2408,197/18888,3.9735821690061674e-10,5.994148701945803e-8,5.007759212465931e-8,AURKA/TPX2/UHRF1/KIFC1/CDCA8/CCNB1/PLK1/CCNB2/WDR62/NUF2/MZT1/CENPE/CENPH/NDC80/MYH9/TTK/RACGAP1/ESPL1/MYBL2/MAP9/RCC1/FBXO5/NEK2/AURKB/TUBB/HAUS6/SPAG5/DLGAP5/KIF23/PRC1/KIF4A/AUNIP/BIRC5/GPSM2/KIF11/KIF4B/TACC3/KNSTRN/BORA/KIZ/INCENP/HAUS8/CDC20/TUBG1/MAPRE3/CEP72/CENPJ/TACC1/TPPP/STIL/SPC25/ASPM/CKAP5/CEP97/FAM110A/TUBGCP3/CHMP4A/MAPK15,58
BP,GO:0033045,regulation of sister chromatid segregation,38/2408,104/18888,5.205169603224308e-10,7.660486191672067e-8,6.399886323450889e-8,RMI2/TRIP13/CDK1/MAD2L1/HASPIN/CDCA8/CCNB1/PLK1/ZWINT/BUB1/NUF2/CENPE/NDC80/TTK/ESPL1/FBXO5/CDC6/AURKB/DLGAP5/UBE2C/XRCC3/BIRC5/KNL1/SMARCE1/TACC3/BUB1B/CENPF/ACTL6A/INCENP/MAP3K20/ZWILCH/CDC20/SPDL1/SPC24/SPC25/KNTC1/GEN1/MAPK15,38
BP,GO:0044786,cell cycle DNA replication,23/2408,45/18888,5.879363782799314e-10,8.446685967955014e-8,7.056710064116772e-8,MCM4/CDC45/MCM3/GINS1/RAD51/E2F7/CDT1/MCM6/FEN1/MCM2/FBXO5/BRCA2/PCNA/BLM/ATAD5/DBF4/E2F8/GMNN/TK1/CDC7/DNA2/RECQL5/BCL6,23
BP,GO:0044784,metaphase/anaphase transition of cell cycle,36/2408,97/18888,8.9590920804516e-10,1.2571898049638362e-7,1.0503082490399685e-7,TRIP13/MAD2L1/HASPIN/CDCA8/CCNB1/PLK1/ZWINT/BUB1/NUF2/CENPE/NDC80/TTK/ESPL1/FBXO5/CDC6/AURKB/DLGAP5/UBE2C/XRCC3/BIRC5/KNL1/SMARCE1/TACC3/BUB1B/CENPF/ACTL6A/INCENP/MAP3K20/ZWILCH/CDC20/SPDL1/SPC24/SPC25/KNTC1/GEN1/MAPK15,36
BP,GO:0072073,kidney epithelium development,48/2408,152/18888,9.734360392757896e-10,1.3241127273728163e-7,1.1062184204225907e-7,AGT/NOG/SOX8/SDC1/DLL1/PECAM1/KIF26B/NPNT/BMP2/CD34/LIF/MYC/EPHA4/WNT11/HS3ST3A1/FGFR2/SMAD6/EDNRB/GATA3/SPRY1/POU3F3/SMAD1/FGF1/CALB1/LAMA5/SHH/SMO/TFAP2B/HES5/FOXJ1/TMEM59L/CITED1/PAX8/AQP1/BMPER/EPHA7/MTSS1/PODXL/PTCH1/HOXB7/SLIT2/ROBO2/RET/IQGAP1/FMN1/TACSTD2/GDNF/WT1,48
BP,GO:1902099,regulation of metaphase/anaphase transition of cell cycle,35/2408,93/18888,9.874887758000783e-10,1.3241127273728163e-7,1.1062184204225907e-7,TRIP13/MAD2L1/HASPIN/CDCA8/CCNB1/PLK1/ZWINT/BUB1/NUF2/CENPE/NDC80/TTK/ESPL1/FBXO5/CDC6/AURKB/DLGAP5/UBE2C/XRCC3/BIRC5/KNL1/SMARCE1/BUB1B/CENPF/ACTL6A/INCENP/MAP3K20/ZWILCH/CDC20/SPDL1/SPC24/SPC25/KNTC1/GEN1/MAPK15,35
BP,GO:0045930,negative regulation of mitotic cell cycle,67/2408,248/18888,1.044599176409403e-9,1.3702416153161603e-7,1.1447563972138745e-7,CCL2/BTG2/DTL/ORC1/TRIP13/CDK1/MAD2L1/HASPIN/CDK2/CDCA8/CCNB1/PLK1/ZWINT/BUB1/NUF2/FANCD2/EME1/E2F7/GTSE1/CACNB4/NDC80/CLSPN/TTK/FBXO5/BTG3/CDC6/AURKB/TICRR/STK33/XRCC3/RFWD3/BIRC5/CCND1/WEE1/BLM/CDKN1A/KNL1/CHEK1/PKMYT1/RPS27L/RBBP8/TAOK3/BUB1B/BRCA1/GFI1B/CENPF/BARD1/INCENP/MAP3K20/ZFP36L2/GAS1/ZWILCH/CDC20/NABP1/SPDL1/SPC24/FAM107A/MUC1/RBL1/SPC25/CRLF3/KNTC1/MDC1/GEN1/PRKDC/BCL6/GJC2,67
BP,GO:0030900,forebrain development,96/2408,408/18888,1.13424188175091e-9,1.4561735137202108e-7,1.216547451669677e-7,ASCL1/ATP1B2/NOG/CXCR4/ID2/BCAN/ATP1A2/AKNA/BTG2/PRDM8/ZIC1/KCNC1/DCLK2/DRAXIN/AXL/ADGRG1/DCLK1/WDR62/SLC2A1/BMP2/ARX/COL3A1/GRIA1/NUMBL/HPRT1/E2F1/LRP8/LHX6/RFX4/OTX1/SEMA6B/NRP1/FGF13/FGFR2/EPHB3/RRM1/OLIG2/HAP1/SEMA3A/FOXG1/TCTN1/DRD2/KIF14/DCT/POU3F3/POU3F1/NR2F2/GSC/RTN4RL1/CSF1R/TACC3/ELAVL4/SHH/SMO/TMEM108/HES5/CORO1C/FBXO45/SHANK3/NOTCH2NLA/NTRK2/APLP1/PCDH9/TACC1/AQP1/SCN5A/SEMA7A/NDE1/STIL/NOTCH2NLC/SSTR2/SLC7A11/NRP2/OPHN1/ASPM/UCHL5/CHRNB2/PTCHD1/SLIT2/INHBB/OTP/ROBO2/GBX2/VAX2/CDH1/MFSD2A/ARHGAP11B/HIF1A/PHLPP2/FUT1/KCNA1/TNR/CDK5R2/NOTCH2NLB/DYNC2H1/CCDC141,96
BP,GO:0007091,metaphase/anaphase transition of mitotic cell cycle,35/2408,94/18888,1.3817001412370626e-9,1.736912219213424e-7,1.451088152715854e-7,TRIP13/MAD2L1/HASPIN/CDCA8/CCNB1/PLK1/ZWINT/BUB1/NUF2/CENPE/NDC80/TTK/ESPL1/FBXO5/CDC6/AURKB/DLGAP5/UBE2C/XRCC3/BIRC5/KNL1/SMARCE1/TACC3/BUB1B/CENPF/ACTL6A/INCENP/MAP3K20/ZWILCH/CDC20/SPDL1/SPC24/SPC25/KNTC1/GEN1,35
BP,GO:0030071,regulation of mitotic metaphase/anaphase transition,34/2408,90/18888,1.5189934794748e-9,1.870531970438968e-7,1.5627196075627967e-7,TRIP13/MAD2L1/HASPIN/CDCA8/CCNB1/PLK1/ZWINT/BUB1/NUF2/CENPE/NDC80/TTK/ESPL1/FBXO5/CDC6/AURKB/DLGAP5/UBE2C/XRCC3/BIRC5/KNL1/SMARCE1/BUB1B/CENPF/ACTL6A/INCENP/MAP3K20/ZWILCH/CDC20/SPDL1/SPC24/SPC25/KNTC1/GEN1,34
BP,GO:1902850,microtubule cytoskeleton organization involved in mitosis,50/2408,164/18888,1.7043327529957248e-9,2.0567887663152407e-7,1.7183262219150584e-7,AURKA/TPX2/UHRF1/CDK1/MAD2L1/KIFC1/CDCA8/CENPA/CCNB1/PLK1/WDR62/NUF2/MZT1/CENPE/CENPH/NDC80/TTK/RACGAP1/ESPL1/MYBL2/MAP9/RCC1/NEK2/AURKB/DLGAP5/KIF23/PRC1/KIF4A/SPRY1/BIRC5/GPSM2/KIF11/KIF4B/TACC3/BORA/INCENP/SPRY2/CDC20/TUBG1/SPDL1/CENPJ/TACC1/NDE1/STIL/SPC25/CKAP5/CEP97/PKHD1/FAM110A/CHMP4A,50
BP,GO:0051962,positive regulation of nervous system development,75/2408,294/18888,1.81625211093847e-9,2.1488755367456328e-7,1.7952593104818024e-7,GFAP/ASCL1/CXCR4/NCAN/ID2/SOX8/BCAN/SLC7A5/LRRN3/ETV5/L1CAM/LRRC4B/NLGN3/PTN/TTBK1/EPHB1/MAP6/WDR62/BMP2/LIF/RND2/EPHA4/NUMBL/PLXNB1/LRP8/PLXNA2/XRCC2/NTN1/NRP1/EPHB3/AGRN/PLXNB3/OLIG2/HAP1/MYB/FOXG1/CLSTN3/SERPINF1/DRD2/SLITRK3/TNFRSF1B/DCT/CDH4/THBS2/ITPKA/SHH/SMO/RASSF10/ADGRB1/SLITRK1/GPER1/CRABP2/SHANK3/EFNA5/LRRTM2/NTRK2/LRRN1/SEMA7A/LRRC24/ASPM/ANKRD27/SLIT2/IL1RAP/OTP/ROBO2/PLXNC1/HIF1A/SLITRK4/LYN/MACF1/ACAN/GJC2/PLAG1/PRKCH/IL1B,75
BP,GO:0050808,synapse organization,110/2408,493/18888,1.8589710041892448e-9,2.1571213537072888e-7,1.8021482062879137e-7,ITGA3/BCAN/SLC1A1/C1QL1/LRRN3/L1CAM/EFNA1/LRRC4B/GPM6A/NLGN3/LRRC4/EPHB1/GRIA1/ARF6/EPHA4/PLXNB1/CACNB4/CTNND2/LRP8/NRXN2/ARHGAP22/NTN1/NRP1/FGF13/TUBB/EPHB3/NPTX1/AGRN/SPTB/PCDH17/SYBU/KY/ACTN1/CLSTN3/EFNB3/APOE/DRD2/DBNL/SLITRK3/ANK3/NTNG2/NGEF/THBS2/LAMA5/ITPKA/SRCIN1/SEPTIN11/ADGRB1/SEZ6L/TMEM108/PCDHB14/SLITRK1/HIP1R/UBE3A/PAK3/DRP2/FBXO45/SHANK3/CDC20/TNC/EFNA5/FILIP1/LRRTM2/GABRA3/NTRK2/PCDHB10/LGI2/PTK2B/GABRE/LRRN1/ELFN1/LRRC24/FZD9/SLC7A11/NRP2/CHRDL1/ADD2/LHFPL4/OPHN1/NRCAM/EPHA7/DNER/CLN3/CHRNB2/NOS1AP/CBLN4/IL1RAP/ROBO2/APPL1/CDH1/PLXNC1/PICK1/NTNG1/RAB17/COLQ/PCDHB16/SLITRK4/CAMKV/PCDHB13/FCGR2B/TANC1/C5AR1/TNR/GRIN2B/CBLN3/GDNF/FRMPD4/GPR158/C1QL2/ADGRF1,110
BP,GO:1901990,regulation of mitotic cell cycle phase transition,86/2408,356/18888,2.173112986970939e-9,2.474068634600499e-7,2.0669390456015544e-7,ID2/RRM2/CCL2/DTL/AURKA/ORC1/TRIP13/CDK1/MAD2L1/HASPIN/CDK2/CDCA8/CCNB1/PLK1/ZWINT/BUB1/NUF2/CCNE2/CDC25A/E2F7/CDCA5/CENPE/GTSE1/CACNB4/NDC80/CLSPN/E2F1/TTK/ESPL1/FBXO5/CDC6/AURKB/ANLN/RRM1/DLGAP5/TICRR/UBE2C/XRCC3/RFWD3/BIRC5/CCND1/WEE1/BLM/KIF14/CDKN1A/KNL1/HSPA2/ATAD5/CHEK1/PKMYT1/SMARCE1/RPS27L/RBBP8/TAOK3/BUB1B/BRCA1/CDC25C/GFI1B/PLK5/CENPF/BARD1/ACTL6A/INCENP/MAP3K20/ZFP36L2/CDC7/ZWILCH/CDC20/NABP1/SPDL1/CENPJ/SPC24/FAM107A/MUC1/RBL1/STIL/SPC25/CRLF3/KNTC1/MBLAC1/GEN1/PRKDC/APPL1/LSM11/GJC2/UBE2E2,86
BP,GO:0090068,positive regulation of cell cycle process,69/2408,263/18888,2.28357042237456e-9,2.5516785052977957e-7,2.1317775346494672e-7,RRM2/DTL/AURKA/FAM83D/CDK1/KIF20B/MAD2L1/CDCA8/CCNB1/BUB1/CCNE2/CIT/CDC25A/E2F7/CDCA5/PLK4/NCAPH/NCAPG/NDC80/RACGAP1/FEN1/ESPL1/FBXO5/CDC6/PDGFRB/AURKB/SMC4/RRM1/SPAG5/DLGAP5/NCAPG2/KIF23/UBE2C/XRCC3/BIRC5/CCND1/RAD51AP1/DRD2/KIF14/KNL1/HSPA2/ATAD5/NCAPD2/GPSM2/TGFA/DBF4/RAD18/E2F8/SOX15/CDC25C/PDGFB/ECT2/INCENP/MAP3K20/CDC7/CDC20/NCAPD3/DYRK3/CENPJ/SVIL/STIL/PKP4/SPHK1/MBLAC1/GEN1/LSM11/UBE2E2/IL1B/MAPK15,69
BP,GO:0001822,kidney development,79/2408,319/18888,2.941285779562227e-9,3.226857889796087e-7,2.6958502580523454e-7,AGT/ID3/NOG/ITGA3/SOX8/SULF2/SDC1/DLL1/PECAM1/KIF26B/HAS2/SOX4/NPNT/BMP2/CD34/LIF/PDGFA/MYC/EPHA4/VANGL2/NRP1/WNT11/PDGFRB/HS3ST3A1/FGFR2/SMAD6/EDNRB/GATA3/SPRY1/SERPINF1/IL6R/ADAMTS6/MMP17/HELLS/TNS2/POU3F3/SMAD1/FGF1/NID1/MMP9/CALB1/LAMA5/SHH/SMO/PDGFB/CENPF/TFAP2B/HES5/FOXJ1/NUP160/ARID5B/TMEM59L/CITED1/PAX8/TFAP2A/IFT25/AQP1/BMPER/EPHA7/MTSS1/PODXL/PTCH1/HOXB7/SLIT2/PKHD1/ROBO2/ACTA2/RET/IQGAP1/BMP6/FMN1/TACSTD2/PCSK9/CYP26B1/GCNT4/GCNT3/GDNF/DYNC2H1/WT1,79
BP,GO:0031589,cell-substrate adhesion,86/2408,359/18888,3.3449761078612013e-9,3.6042117562204445e-7,3.0111072519825734e-7,ATP1B2/ITGA3/SERPINE1/ITGB4/L1CAM/EFNA1/FBLN5/ITGA5/HAS2/EMILIN1/SPRY4/AXL/COL8A1/EPHB1/NPNT/TTYH1/SNED1/COL3A1/CD34/ACTN2/MYADM/TNN/NRP1/COL1A1/ADAMTS9/EPHB3/COL16A1/SMAD6/PLAU/GPM6B/LIMCH1/ACTN1/ITGA1/KIF14/FBLN2/MADCAM1/ADAMTS13/SORBS1/POSTN/NID1/LAMA5/CDH13/SRCIN1/GCNT2/PDGFB/CSPG5/ITGA9/CORO1C/S100A10/ITGA6/BCAM/PTPRJ/EFNA5/PHLDB2/CCL25/PTK2B/FBLN1/FAM107A/EFEMP2/RIN2/COL26A1/CARMIL1/SIGLEC1/SPOCK1/PKHD1/BCL6/LAMC1/SVEP1/HOXD3/ADAMTS12/TECTA/RADIL/MSLN/FUT1/RREB1/MACF1/NTN4/APOD/MYOC/FMN1/RAC2/TACSTD2/VCAM1/HPSE/ONECUT1/STRC,86
BP,GO:0008608,attachment of spindle microtubules to kinetochore,24/2408,52/18888,3.5404730408757714e-9,3.7479323383586673e-7,3.13117735784932e-7,SKA1/KIF2C/CDCA8/CCNB1/DSN1/NUF2/SKA3/CENPE/CDT1/NDC80/SGO1/RACGAP1/NEK2/AURKB/SPAG5/BIRC5/KNL1/KNSTRN/ECT2/INCENP/ZWILCH/SPC24/SPC25/KNTC1,24
BP,GO:0045787,positive regulation of cell cycle,81/2408,332/18888,3.905888100121439e-9,4.063470482091855e-7,3.394790945822427e-7,ASCL1/FOSL1/RRM2/DTL/AURKA/FAM83D/CDK1/KIF20B/MAD2L1/CDCA8/CCNB1/BUB1/CCNE2/CIT/CDC25A/E2F7/CDCA5/PLK4/NCAPH/NCAPG/NDC80/RACGAP1/FEN1/ESPL1/FBXO5/BRCA2/CDC6/PDGFRB/AURKB/FGFR2/SMC4/RRM1/SPAG5/DLGAP5/NCAPG2/KIF23/UBE2C/XRCC3/FOXG1/BIRC5/CCND1/RAD51AP1/DRD2/KIF14/KNL1/HSPA2/ATAD5/NCAPD2/GPSM2/CHEK1/TGFA/DBF4/RAD18/DYNLT3/E2F8/SOX15/CDC25C/PDGFB/ECT2/INCENP/MAP3K20/CCDC57/CDC7/CDC20/MAPRE3/NCAPD3/DYRK3/CENPJ/SVIL/STIL/PKP4/SPHK1/MBLAC1/NUPR1/ASNS/GEN1/EIF4EBP1/LSM11/UBE2E2/IL1B/MAPK15,81
BP,GO:0007409,axonogenesis,102/2408,455/18888,5.564532231397871e-9,5.690913132924535e-7,4.7544237031515443e-7,NOG/PRDM8/L1CAM/EFNA1/RGMA/SEMA5B/NLGN3/MAP1A/DRAXIN/ADCY1/EPHB1/DCLK1/MAP6/ANOS1/S100B/NDP/ARX/RND2/EPHA4/NUMBL/PLXNB1/VANGL2/NOVA2/PLXNA2/TNN/NTN1/SEMA6B/SPP1/NRP1/FGF13/FGFR2/EPHB3/MATN2/NPTX1/PLXNB3/GATA3/SEMA3A/ARHGAP4/FOXG1/SLIT3/EFNB3/TCTN1/APOE/DRD2/EFNB1/SLITRK3/ANK3/NTNG2/ARHGEF28/CDH4/SEMA6C/B4GALT6/BOC/LGR6/CSF1R/SHH/SMO/ADGRB1/SLITRK1/MT3/PAK3/CYFIP2/FBXO45/CRABP2/EFNA5/SEMA6D/SCN1B/NTRK2/APLP1/NEXN/NCAM1/SEMA6A/FSTL4/SEMA7A/B3GNT2/NRP2/OPHN1/NRCAM/EPHA7/PTCH1/CHRNB2/SLIT2/CCK/ROBO2/GBX2/VAX2/CDH1/PLXNC1/NTNG1/RET/PLEKHG4B/NTN3/SLITRK4/MACF1/NTN4/CHL1/TNR/EPHA10/CDK5R2/MYPN/GDNF/EVX1,102
BP,GO:0072001,renal system development,80/2408,329/18888,5.724519798167099e-9,5.756958743690046e-7,4.80960093217934e-7,AGT/ID3/NOG/ITGA3/SOX8/SULF2/SDC1/DLL1/PECAM1/KIF26B/HAS2/SOX4/NPNT/BMP2/CD34/LIF/PDGFA/MYC/EPHA4/VANGL2/NRP1/WNT11/PDGFRB/HS3ST3A1/FGFR2/SMAD6/EDNRB/GATA3/SPRY1/SERPINF1/IL6R/ADAMTS6/MMP17/HELLS/TNS2/POU3F3/SMAD1/FGF1/NID1/MMP9/CALB1/LAMA5/SHH/SMO/PDGFB/CENPF/TFAP2B/HES5/FOXJ1/NUP160/ARID5B/TMEM59L/CITED1/PAX8/TFAP2A/IFT25/AQP1/BMPER/EPHA7/MTSS1/PODXL/PTCH1/HOXB7/SLIT2/PKHD1/ROBO2/LGR5/ACTA2/RET/IQGAP1/BMP6/FMN1/TACSTD2/PCSK9/CYP26B1/GCNT4/GCNT3/GDNF/DYNC2H1/WT1,80
BP,GO:0050767,regulation of neurogenesis,91/2408,393/18888,7.109828464371098e-9,7.032902451477903e-7,5.87557696563817e-7,GFAP/ASCL1/NOG/CXCR4/NCAN/ID2/SOX8/BCAN/DLL1/SLC7A5/BTG2/ETV5/L1CAM/RGMA/SEMA5B/PTN/DRAXIN/TTBK1/MAP6/WDR62/BMP2/LIF/DLL3/RND2/EPHA4/NUMBL/PLXNB1/LRP8/LDLR/PLXNA2/XRCC2/NTN1/SEMA6B/HEY2/SPP1/NRP1/FGF13/HMGB2/PLXNB3/OLIG2/HAP1/SEMA3A/GPR37L1/MYB/ARHGAP4/FOXG1/EFNB3/BHLHE41/SERPINF1/DRD2/TNFRSF1B/DCT/CDH4/SEMA6C/ITPKA/SHH/SMO/RASSF10/SLITRK1/HES5/ABCC8/MT3/GPER1/S100A10/CRABP2/SHANK3/EFNA5/SEMA6D/NTRK2/HES6/SEMA6A/FSTL4/SEMA7A/ASPM/ANKRD27/EPHA7/SLIT2/OTP/ROBO2/CDH1/PLXNC1/HIF1A/LYN/MACF1/ACAN/GJC2/TNR/HES7/PLAG1/PRKCH/IL1B,91
BP,GO:1903046,meiotic cell cycle process,59/2408,218/18888,9.497088750292694e-9,9.242811857946149e-7,7.721826489839001e-7,AURKA/TRIP13/TOP2A/PLK1/CCNB2/ZWINT/NUF2/RAD54L/FANCD2/CCNE2/NPPC/CDC25A/EME1/LIF/RAD51/NCAPH/GPR3/NDC80/MYH9/TTK/SGO1/ESPL1/MYBL1/FBXO5/BRCA2/SMC4/MASTL/PSMC3IP/RAD51AP1/FANCA/KNL1/HSPA2/NCAPD2/PKMYT1/KIF18A/CDC25C/INCENP/CDC20/TUBG1/NCAPD3/PTTG2/FANCM/PTTG1/PTTG3P/RMI1/BRIP1/NDC1/ASPM/ZCWPW1/FIGNL1/MSH6/MAEL/FBXO43/C14orf39/CYP26B1/FMN2/REC8/MAPK15/SYCP2,59
BP,GO:0006270,DNA replication initiation,19/2408,37/18888,1.6800766879736275e-8,1.6091401167036299e-6,1.3443420649466503e-6,ORC1/MCM4/ORC6/CDK2/CDC45/MCM3/CCNE2/CDT1/MCM6/MCM2/CDC6/MCM10/MCM5/TICRR/PRIM2/GMNN/NOC3L/PRIM1/POLA2,19
BP,GO:0090329,regulation of DNA-templated DNA replication,22/2408,48/18888,1.862190980227473e-8,1.7556969335457145e-6,1.4667816783403568e-6,MCM4/CDK2/MCM3/DSCC1/E2F7/CDT1/MCM6/RFC3/MCM2/FBXO5/MCM5/TICRR/PCNA/RFC5/BLM/TIMELESS/DBF4/RFC4/E2F8/GMNN/CDC7/BCL6,22
BP,GO:0007052,mitotic spindle organization,41/2408,131/18888,2.113732951639191e-8,1.9621945584909047e-6,1.6392983166639817e-6,AURKA/TPX2/UHRF1/KIFC1/CDCA8/CCNB1/PLK1/WDR62/NUF2/MZT1/CENPE/CENPH/NDC80/TTK/RACGAP1/MYBL2/MAP9/RCC1/NEK2/AURKB/DLGAP5/KIF23/PRC1/KIF4A/BIRC5/GPSM2/KIF11/KIF4B/TACC3/BORA/INCENP/CDC20/TUBG1/CENPJ/TACC1/STIL/SPC25/CKAP5/CEP97/FAM110A/CHMP4A,41
BP,GO:0033260,nuclear DNA replication,20/2408,41/18888,2.195446478161702e-8,2.007170310489047e-6,1.6768729160951184e-6,MCM4/CDC45/MCM3/GINS1/RAD51/CDT1/MCM6/FEN1/MCM2/BRCA2/PCNA/BLM/ATAD5/DBF4/GMNN/TK1/CDC7/DNA2/RECQL5/BCL6,20
BP,GO:0001657,ureteric bud development,34/2408,99/18888,2.560236816651451e-8,2.3057416345783366e-6,1.926311722693448e-6,AGT/NOG/SOX8/SDC1/KIF26B/NPNT/BMP2/MYC/WNT11/HS3ST3A1/FGFR2/SMAD6/GATA3/SPRY1/SMAD1/FGF1/CALB1/LAMA5/SHH/SMO/FOXJ1/TMEM59L/CITED1/PAX8/BMPER/PTCH1/HOXB7/SLIT2/ROBO2/RET/FMN1/TACSTD2/GDNF/WT1,34
BP,GO:0044839,cell cycle G2/M phase transition,45/2408,152/18888,2.947731631427056e-8,2.615678332945714e-6,2.1852456320285092e-6,MELK/DTL/AURKA/ORC1/CDK1/FOXM1/CDK2/CCNB1/PLK1/CCNB2/CDC25A/CCNA2/NDC80/CLSPN/CALM1/FBXO5/CDC6/AURKB/ING4/RRM1/MASTL/TICRR/KDM8/CCND1/WEE1/BLM/KIF14/CDKN1A/HSPA2/ATAD5/CHEK1/PKMYT1/RBBP8/TAOK3/BRCA1/CDC25C/CENPF/BARD1/CCDC57/TPD52L1/CDC7/NABP1/PAXIP1/DYRK3/CDK14,45
BP,GO:0001755,neural crest cell migration,24/2408,57/18888,3.2856617578462584e-8,2.8558168426041494e-6,2.3858672538477178e-6,SOX8/SEMA5B/KITLG/SEMA6B/NRP1/EDNRB/SEMA3A/EFNB1/SEMA6C/LAMA5/SHH/SMO/CORO1C/SEMA6D/SEMA6A/SEMA7A/NRP2/NRTN/GBX2/RET/HIF1A/RADIL/GDNF/FOLR1,24
BP,GO:0051310,metaphase chromosome alignment,34/2408,100/18888,3.4076700806678615e-8,2.8558168426041494e-6,2.3858672538477178e-6,FAM83D/SKA1/KIF2C/KIFC1/CDCA8/CCNB1/DSN1/ZWINT/NUF2/SKA3/CDCA5/CENPE/CDT1/NDC80/SGO1/RACGAP1/NEK2/AURKB/SPAG5/BIRC5/KIF14/KNL1/KNSTRN/KIF18A/CENPF/ECT2/INCENP/ZWILCH/SPDL1/SPC24/SPC25/GEM/KNTC1/CHMP4A,34
BP,GO:0072163,mesonephric epithelium development,34/2408,100/18888,3.4076700806678615e-8,2.8558168426041494e-6,2.3858672538477178e-6,AGT/NOG/SOX8/SDC1/KIF26B/NPNT/BMP2/MYC/WNT11/HS3ST3A1/FGFR2/SMAD6/GATA3/SPRY1/SMAD1/FGF1/CALB1/LAMA5/SHH/SMO/FOXJ1/TMEM59L/CITED1/PAX8/BMPER/PTCH1/HOXB7/SLIT2/ROBO2/RET/FMN1/TACSTD2/GDNF/WT1,34
BP,GO:0072164,mesonephric tubule development,34/2408,100/18888,3.4076700806678615e-8,2.8558168426041494e-6,2.3858672538477178e-6,AGT/NOG/SOX8/SDC1/KIF26B/NPNT/BMP2/MYC/WNT11/HS3ST3A1/FGFR2/SMAD6/GATA3/SPRY1/SMAD1/FGF1/CALB1/LAMA5/SHH/SMO/FOXJ1/TMEM59L/CITED1/PAX8/BMPER/PTCH1/HOXB7/SLIT2/ROBO2/RET/FMN1/TACSTD2/GDNF/WT1,34
BP,GO:0072006,nephron development,46/2408,158/18888,3.660397053327454e-8,3.025593947914775e-6,2.5277060545616693e-6,AGT/NOG/ITGA3/SOX8/SULF2/DLL1/PECAM1/KIF26B/NPNT/BMP2/CD34/LIF/MYC/WNT11/PDGFRB/HS3ST3A1/EDNRB/GATA3/IL6R/POU3F3/FGF1/NID1/CALB1/LAMA5/SHH/SMO/PDGFB/TFAP2B/HES5/FOXJ1/NUP160/TMEM59L/CITED1/PAX8/AQP1/MTSS1/PODXL/PTCH1/HOXB7/ACTA2/RET/IQGAP1/FMN1/TACSTD2/GDNF/WT1,46
BP,GO:0140694,non-membrane-bounded organelle assembly,92/2408,413/18888,4.2603379340380275e-8,3.4739025802683052e-6,2.902241588351083e-6,PGM5/AURKA/TPX2/UHRF1/DIAPH3/CDK2/KIFC1/CDCA8/CENPA/PLK1/CCNB2/WDR62/MZT1/ACTN2/CENPE/PLK4/CENPH/KRT8/NDC80/RACGAP1/MYBL2/MAP9/RCC1/FBXO5/NEK2/PDGFRB/AURKB/TUBB/HAUS6/ANLN/PLS1/SPAG5/DLGAP5/KIF23/PRC1/KIF4A/CENPK/MSN/BIRC5/DBNL/BRIX1/GPSM2/KIF11/RPS27L/FHOD3/KIF4B/CEP152/MYBPC2/BRCA1/CENPF/CENPW/CEP85/KLHL41/LDAF1/INCENP/POC1B/HAUS8/CFL2/PATL2/CCDC57/CDC20/TMOD4/TMOD1/NOCT/MAPRE3/CEP72/CCP110/CENPJ/RTTN/STIL/ASPM/KNTC1/CEP44/PRKAA2/MYH11/MYH7/MYH3/CEP97/PRKDC/TUBGCP3/LCP1/CSRP3/TMOD2/LMOD1/MYOZ2/LDB3/SYNPO2L/CASQ1/CHMP4A/TNNT3/MYPN/MAPK15,92
BP,GO:0007416,synapse assembly,55/2408,208/18888,7.042745709941912e-8,5.649448510979934e-6,4.719782446676361e-6,LRRN3/LRRC4B/GPM6A/NLGN3/LRRC4/EPHB1/GRIA1/ARF6/PLXNB1/NRXN2/NTN1/FGF13/EPHB3/NPTX1/AGRN/PCDH17/CLSTN3/EFNB3/DRD2/DBNL/SLITRK3/NTNG2/THBS2/ADGRB1/PCDHB14/SLITRK1/FBXO45/SHANK3/EFNA5/LRRTM2/GABRA3/NTRK2/PCDHB10/LGI2/PTK2B/GABRE/LRRN1/LRRC24/ADD2/LHFPL4/NRCAM/EPHA7/DNER/CHRNB2/CBLN4/IL1RAP/ROBO2/CDH1/RAB17/COLQ/PCDHB16/SLITRK4/PCDHB13/C1QL2/ADGRF1,55
BP,GO:0034329,cell junction assembly,98/2408,453/18888,7.115646119232267e-8,5.649448510979934e-6,4.719782446676361e-6,AGT/ITGB4/PECAM1/LRRN3/LRRC4B/ITGA5/GPM6A/NLGN3/LRRC4/EPHB1/CDH15/ACTN2/GRIA1/ARF6/PLXNB1/NRXN2/NTN1/NRP1/WNT11/FGF13/EPHB3/COL16A1/NPTX1/GPM6B/GJB2/LIMCH1/AGRN/PCDH17/ACTN1/TNS1/CLSTN3/EFNB3/DRD2/CLDN4/DBNL/SLITRK3/NTNG2/CDH4/SORBS1/THBS2/CDH13/ADGRB1/PCDHB14/SLITRK1/ECT2/EPHA2/CORO1C/FBXO45/S100A10/SHANK3/ITGA6/PTPRJ/EFNA5/PHLDB2/LRRTM2/GABRA3/NTRK2/PCDHB10/LGI2/PTK2B/GABRE/LRRN1/FAM107A/CLDN11/LRRC24/PKP4/ADD2/LHFPL4/OPHN1/NRCAM/EPHA7/DNER/SNAI1/CHRNB2/CBLN4/CDH22/IL1RAP/ROBO2/MARVELD3/CDH1/LAMC1/OCLN/F11R/RAB17/HOPX/COLQ/PCDHB16/SLITRK4/MACF1/PCDHB13/CLDN1/APOD/MYOC/FMN1/PRKCH/IL1B/C1QL2/ADGRF1,98
BP,GO:0090497,mesenchymal cell migration,24/2408,59/18888,7.309164400952839e-8,5.727727012383042e-6,4.7851795374112296e-6,SOX8/SEMA5B/KITLG/SEMA6B/NRP1/EDNRB/SEMA3A/EFNB1/SEMA6C/LAMA5/SHH/SMO/CORO1C/SEMA6D/SEMA6A/SEMA7A/NRP2/NRTN/GBX2/RET/HIF1A/RADIL/GDNF/FOLR1,24
BP,GO:0030198,extracellular matrix organization,77/2408,332/18888,9.382521705285385e-8,7.258222560216925e-6,6.063818683753268e-6,GFAP/CTSV/AGT/MFAP4/SULF2/ADAMTS18/THSD4/SFRP2/FBLN5/HAS2/CSGALNACT1/EMILIN1/PHLDB1/PBXIP1/COL8A1/NPNT/BMP2/DPP4/COL3A1/COL1A1/ADAMTS9/COL16A1/MATN2/GPM6B/COLGALT1/ADAMTS15/ERO1A/MATN3/FMOD/ADAMTS6/COL1A2/MMP17/TNFRSF1B/ADAMTS13/POSTN/ADAMTS10/NID1/MMP9/SMOC1/ADAMTS3/CHADL/LOXL2/MMP23B/PHLDB2/MMP1/SCX/SLC2A10/APLP1/C6orf15/LUM/AEBP1/FBLN1/COL9A1/EFEMP2/LOXL3/ELN/SLC39A8/MATN4/MYH11/ADAMTSL2/LCP1/COL28A1/CREB3L1/LAMC1/ADAMTS12/FOXF2/COLQ/NTN4/NOXO1/SERPINF2/TNR/COL9A2/COL23A1/WT1/ADAMTS5/LOX/COMP,77
BP,GO:0001823,mesonephros development,34/2408,104/18888,1.0178697757309465e-7,7.774463578177888e-6,6.495107736143241e-6,AGT/NOG/SOX8/SDC1/KIF26B/NPNT/BMP2/MYC/WNT11/HS3ST3A1/FGFR2/SMAD6/GATA3/SPRY1/SMAD1/FGF1/CALB1/LAMA5/SHH/SMO/FOXJ1/TMEM59L/CITED1/PAX8/BMPER/PTCH1/HOXB7/SLIT2/ROBO2/RET/FMN1/TACSTD2/GDNF/WT1,34
BP,GO:0043062,extracellular structure organization,77/2408,333/18888,1.070745686569923e-7,8.076099340953644e-6,6.7471067012938965e-6,GFAP/CTSV/AGT/MFAP4/SULF2/ADAMTS18/THSD4/SFRP2/FBLN5/HAS2/CSGALNACT1/EMILIN1/PHLDB1/PBXIP1/COL8A1/NPNT/BMP2/DPP4/COL3A1/COL1A1/ADAMTS9/COL16A1/MATN2/GPM6B/COLGALT1/ADAMTS15/ERO1A/MATN3/FMOD/ADAMTS6/COL1A2/MMP17/TNFRSF1B/ADAMTS13/POSTN/ADAMTS10/NID1/MMP9/SMOC1/ADAMTS3/CHADL/LOXL2/MMP23B/PHLDB2/MMP1/SCX/SLC2A10/APLP1/C6orf15/LUM/AEBP1/FBLN1/COL9A1/EFEMP2/LOXL3/ELN/SLC39A8/MATN4/MYH11/ADAMTSL2/LCP1/COL28A1/CREB3L1/LAMC1/ADAMTS12/FOXF2/COLQ/NTN4/NOXO1/SERPINF2/TNR/COL9A2/COL23A1/WT1/ADAMTS5/LOX/COMP,77
BP,GO:0045229,external encapsulating structure organization,77/2408,334/18888,1.2208532980388564e-7,9.094603457242543e-6,7.598007075124215e-6,GFAP/CTSV/AGT/MFAP4/SULF2/ADAMTS18/THSD4/SFRP2/FBLN5/HAS2/CSGALNACT1/EMILIN1/PHLDB1/PBXIP1/COL8A1/NPNT/BMP2/DPP4/COL3A1/COL1A1/ADAMTS9/COL16A1/MATN2/GPM6B/COLGALT1/ADAMTS15/ERO1A/MATN3/FMOD/ADAMTS6/COL1A2/MMP17/TNFRSF1B/ADAMTS13/POSTN/ADAMTS10/NID1/MMP9/SMOC1/ADAMTS3/CHADL/LOXL2/MMP23B/PHLDB2/MMP1/SCX/SLC2A10/APLP1/C6orf15/LUM/AEBP1/FBLN1/COL9A1/EFEMP2/LOXL3/ELN/SLC39A8/MATN4/MYH11/ADAMTSL2/LCP1/COL28A1/CREB3L1/LAMC1/ADAMTS12/FOXF2/COLQ/NTN4/NOXO1/SERPINF2/TNR/COL9A2/COL23A1/WT1/ADAMTS5/LOX/COMP,77
BP,GO:0048839,inner ear development,52/2408,196/18888,1.4125972634802426e-7,1.0394648643707052e-5,8.684118478571094e-6,DLL1/CEBPD/ZIC1/DIAPH3/ROR1/BMP2/EPHA4/MYCL/CCNA2/MCM2/OTX1/NTN1/HEY2/FGFR2/CHRNA9/HMX3/PLS1/GJB2/GATA3/FOXG1/HMX2/ADGRV1/MAF/CALB1/SHH/INSIG1/FRZB/HES5/FZD2/ANKRD24/JAG2/SPRY2/SLC4A7/PAX8/TGFB3/TFAP2A/ATP8B1/TMIE/BMPER/NAGLU/KCNK3/PJVK/GBX2/LIN7A/LGR5/C1QTNF5/TECTA/KCNK2/CYTL1/SLC25A27/ESRP1/STRC,52
BP,GO:0050000,chromosome localization,37/2408,120/18888,1.5577578277373517e-7,1.1324711725984555e-5,9.461131562503713e-6,FAM83D/SKA1/KIF2C/KIFC1/CDCA8/CCNB1/DSN1/ZWINT/NUF2/SKA3/CDCA5/CENPE/CDT1/NDC80/SGO1/RACGAP1/NEK2/AURKB/SPAG5/DLGAP5/BIRC5/KIF14/KNL1/KNSTRN/KIF18A/CENPF/ECT2/INCENP/ZWILCH/SPDL1/SPC24/NDE1/SPC25/GEM/KNTC1/CHMP4A/FMN2,37
BP,GO:0006268,DNA unwinding involved in DNA replication,13/2408,21/18888,1.7095086730075932e-7,1.2279970634437878e-5,1.025919427949043e-5,MCM4/CDC45/MCM3/GINS1/RAD51/MCM6/MCM2/HMGA1/GINS4/MCM5/BLM/GINS2/RECQL5,13
BP,GO:0072009,nephron epithelium development,37/2408,121/18888,1.9709995163903148e-7,1.3991777743410774e-5,1.1689308586988505e-5,AGT/NOG/SOX8/DLL1/PECAM1/KIF26B/NPNT/BMP2/CD34/LIF/MYC/WNT11/HS3ST3A1/EDNRB/GATA3/POU3F3/FGF1/CALB1/LAMA5/SHH/SMO/TFAP2B/HES5/FOXJ1/TMEM59L/CITED1/PAX8/AQP1/MTSS1/PODXL/PTCH1/HOXB7/IQGAP1/FMN1/TACSTD2/GDNF/WT1,37
BP,GO:0021537,telencephalon development,66/2408,275/18888,2.026607109500527e-7,1.4219241045030443e-5,1.1879340816888645e-5,ASCL1/ATP1B2/CXCR4/ID2/BCAN/ATP1A2/BTG2/PRDM8/ZIC1/KCNC1/DCLK2/DRAXIN/ADGRG1/WDR62/SLC2A1/BMP2/ARX/COL3A1/GRIA1/NUMBL/HPRT1/LRP8/LHX6/RFX4/SEMA6B/FGF13/EPHB3/SEMA3A/FOXG1/TCTN1/DRD2/KIF14/POU3F3/RTN4RL1/CSF1R/TACC3/SHH/SMO/TMEM108/HES5/CORO1C/FBXO45/SHANK3/NOTCH2NLA/NTRK2/TACC1/AQP1/SCN5A/SEMA7A/NDE1/NOTCH2NLC/SLC7A11/ASPM/UCHL5/SLIT2/ROBO2/MFSD2A/ARHGAP11B/HIF1A/PHLPP2/FUT1/KCNA1/TNR/CDK5R2/NOTCH2NLB/CCDC141,66
BP,GO:0051303,establishment of chromosome localization,35/2408,112/18888,2.321881089277693e-7,1.610371321000184e-5,1.3453706638295065e-5,FAM83D/SKA1/KIF2C/KIFC1/CDCA8/CCNB1/DSN1/ZWINT/NUF2/SKA3/CDCA5/CENPE/CDT1/NDC80/SGO1/RACGAP1/NEK2/AURKB/SPAG5/BIRC5/KIF14/KNL1/KNSTRN/KIF18A/CENPF/ECT2/INCENP/ZWILCH/SPDL1/SPC24/NDE1/SPC25/GEM/KNTC1/CHMP4A,35
BP,GO:0061448,connective tissue development,68/2408,288/18888,2.567425188430071e-7,1.760436771248528e-5,1.4707415343769867e-5,NOG/SOX8/ECM1/SULF2/EFEMP1/SFRP2/CSGALNACT1/HMGA2/PBXIP1/TYMS/WNT9A/BMP2/CHI3L1/COL3A1/CD34/NPPC/LTBP3/ERRFI1/CCN3/WNT11/COL1A1/PDGFRB/DYRK1B/XBP1/ARRDC3/GATA3/CHSY1/LPL/SOX6/IL6R/MATN3/PKDCC/FOSL2/SMAD1/MAF/MGP/PDGFB/STC1/ZNF219/CHADL/FRZB/HES5/LOXL2/PLAAT3/ARID5B/PTHLH/CCN4/SCX/PAXIP1/BGN/IFT80/SNAI1/HSD17B1/GHR/BMP8A/HOXD3/ACTA2/HIF1A/ADAMTS12/FGFR3/CREB3L2/CYTL1/FGF18/BMP6/RORC/WT1/LOX/COMP,68
BP,GO:0006275,regulation of DNA replication,38/2408,128/18888,3.160548936424358e-7,2.1427811553241096e-5,1.7901678127186576e-5,ID3/CDK1/MCM4/TSPYL2/CDK2/MCM3/DSCC1/CDC25A/E2F7/CDT1/CCNA2/MCM6/ESCO2/RFC3/MCM2/JADE2/FBXO5/CDC6/MCM5/TICRR/PCNA/RFC5/WEE1/BLM/CDKN1A/TIMELESS/ATAD5/DBF4/RFC4/E2F8/GMNN/ACTL6A/CDC7/DNA2/UCHL5/USP37/BCL6/ZBTB38,38
BP,GO:0007411,axon guidance,58/2408,234/18888,3.478301994320184e-7,2.3063817839261526e-5,1.9268465298784683e-5,NOG/L1CAM/EFNA1/SEMA5B/DRAXIN/EPHB1/ANOS1/NDP/ARX/EPHA4/VANGL2/NOVA2/NTN1/SEMA6B/NRP1/EPHB3/MATN2/GATA3/SEMA3A/FOXG1/SLIT3/EFNB3/EFNB1/CDH4/SEMA6C/BOC/LGR6/CSF1R/SHH/SMO/CYFIP2/EFNA5/SEMA6D/SCN1B/NEXN/NCAM1/SEMA6A/SEMA7A/B3GNT2/NRP2/OPHN1/NRCAM/EPHA7/PTCH1/SLIT2/ROBO2/GBX2/RET/PLEKHG4B/NTN3/NTN4/CHL1/TNR/EPHA10/CDK5R2/MYPN/GDNF/EVX1,58
BP,GO:0097485,neuron projection guidance,58/2408,234/18888,3.478301994320184e-7,2.3063817839261526e-5,1.9268465298784683e-5,NOG/L1CAM/EFNA1/SEMA5B/DRAXIN/EPHB1/ANOS1/NDP/ARX/EPHA4/VANGL2/NOVA2/NTN1/SEMA6B/NRP1/EPHB3/MATN2/GATA3/SEMA3A/FOXG1/SLIT3/EFNB3/EFNB1/CDH4/SEMA6C/BOC/LGR6/CSF1R/SHH/SMO/CYFIP2/EFNA5/SEMA6D/SCN1B/NEXN/NCAM1/SEMA6A/SEMA7A/B3GNT2/NRP2/OPHN1/NRCAM/EPHA7/PTCH1/SLIT2/ROBO2/GBX2/RET/PLEKHG4B/NTN3/NTN4/CHL1/TNR/EPHA10/CDK5R2/MYPN/GDNF/EVX1,58
BP,GO:0051256,mitotic spindle midzone assembly,9/2408,11/18888,3.788825281482287e-7,2.4849751900504473e-5,2.076050832153166e-5,CDCA8/RACGAP1/AURKB/KIF23/PRC1/KIF4A/BIRC5/KIF4B/INCENP,9
BP,GO:0050769,positive regulation of neurogenesis,60/2408,246/18888,3.981008561384476e-7,2.582946845096121e-5,2.1579003962048962e-5,GFAP/ASCL1/CXCR4/NCAN/ID2/SOX8/BCAN/SLC7A5/ETV5/L1CAM/PTN/TTBK1/MAP6/WDR62/BMP2/LIF/RND2/EPHA4/NUMBL/PLXNB1/LRP8/PLXNA2/XRCC2/NTN1/NRP1/PLXNB3/OLIG2/HAP1/MYB/FOXG1/SERPINF1/DRD2/TNFRSF1B/DCT/CDH4/ITPKA/SHH/SMO/RASSF10/SLITRK1/GPER1/CRABP2/SHANK3/EFNA5/NTRK2/SEMA7A/ASPM/ANKRD27/SLIT2/OTP/ROBO2/PLXNC1/HIF1A/LYN/MACF1/ACAN/GJC2/PLAG1/PRKCH/IL1B,60
BP,GO:1905820,positive regulation of chromosome separation,15/2408,29/18888,4.87989502081864e-7,3.132477293151029e-5,2.6170008123964685e-5,CDCA8/NCAPH/NCAPG/ESPL1/AURKB/SMC4/DLGAP5/NCAPG2/UBE2C/BIRC5/NCAPD2/INCENP/CDC20/NCAPD3/MAPK15,15
BP,GO:0042063,gliogenesis,77/2408,346/18888,5.507558601232332e-7,3.498169326298515e-5,2.9225150295071065e-5,GFAP/ASCL1/ATP1B2/NOG/CXCR4/NCAN/CSPG4/ID2/NDRG1/SOX8/BCAN/CCL2/ITGB4/DLL1/SLC7A5/PRDM8/ETV5/PLP1/APCDD1/CDK1/PTN/SOX4/ADGRG1/TTBK1/ROR1/BMP2/NDP/COL3A1/LIF/EPHA4/LRP8/LDLR/KCNJ10/NTN1/MATN2/GPM6B/OLIG2/GPR37L1/MYB/FOXG1/SOX6/TNFRSF1B/POU3F1/B4GALT6/CSF1R/SHH/SMO/CSPG5/HES5/ABCC8/CRB1/P2RY1/NTRK2/PTK2B/TPPP/CHRM1/TNFRSF21/DUSP15/GPR157/HDAC11/NAGLU/DNER/DTX1/PICK1/LYN/MXRA8/ACAN/S100A8/GJC2/C5AR1/MYOC/PLAG1/CDK5R2/PRKCH/ADGRG6/IL1B/LAMC3,77
BP,GO:0000086,G2/M transition of mitotic cell cycle,39/2408,136/18888,5.977399727172689e-7,3.7570447868500005e-5,3.138790273402413e-5,MELK/DTL/AURKA/ORC1/CDK1/FOXM1/CDK2/CCNB1/PLK1/CDC25A/CCNA2/CLSPN/CALM1/FBXO5/CDC6/AURKB/RRM1/MASTL/TICRR/KDM8/CCND1/WEE1/BLM/KIF14/CDKN1A/HSPA2/CHEK1/PKMYT1/RBBP8/TAOK3/BRCA1/CDC25C/CENPF/BARD1/CCDC57/TPD52L1/CDC7/NABP1/CDK14,39
BP,GO:0051231,spindle elongation,10/2408,14/18888,6.84288912814533e-7,4.256700309198858e-5,3.556223118251545e-5,CDCA8/RACGAP1/AURKB/KIF23/PRC1/KIF4A/BIRC5/KIF11/KIF4B/INCENP,10
BP,GO:0045132,meiotic chromosome segregation,30/2408,93/18888,7.787296297783471e-7,4.7947495776352514e-5,4.005731683145547e-5,AURKA/TRIP13/PLK1/CCNB2/ZWINT/NUF2/FANCD2/CCNE2/NCAPH/NDC80/TTK/SGO1/ESPL1/FBXO5/SMC4/PSMC3IP/KNL1/PTTG2/PTTG1/PTTG3P/BRIP1/NDC1/ASPM/ZCWPW1/MAEL/C14orf39/FMN2/REC8/MAPK15/SYCP2,30
BP,GO:0043583,ear development,55/2408,223/18888,8.19034801690438e-7,4.9919757509091946e-5,4.170502568097297e-5,NOG/DLL1/CEBPD/ZIC1/DIAPH3/ROR1/BMP2/EPHA4/MYCL/CCNA2/MCM2/OTX1/SHROOM2/NTN1/HEY2/FGFR2/CHRNA9/HMX3/PLS1/GJB2/GATA3/FOXG1/HMX2/ADGRV1/MAF/GSC/CALB1/SHH/INSIG1/FRZB/HES5/FZD2/ANKRD24/JAG2/SPRY2/SLC4A7/PAX8/TGFB3/TFAP2A/ATP8B1/TMIE/BMPER/NAGLU/KCNK3/PJVK/GBX2/LIN7A/LGR5/C1QTNF5/TECTA/KCNK2/CYTL1/SLC25A27/ESRP1/STRC,55
BP,GO:1902969,mitotic DNA replication,11/2408,17/18888,8.363603098783957e-7,5.0465981098062396e-5,4.216136341060671e-5,MCM4/CDC45/MCM3/GINS1/RAD51/MCM6/MCM2/BRCA2/TK1/RECQL5/BCL6,11
BP,GO:0042391,regulation of membrane potential,93/2408,446/18888,8.630790760733139e-7,5.156256579234036e-5,4.307749552178323e-5,ATP1B2/PMAIP1/ATP1A2/P2RX7/KCNC1/RGS4/NLGN3/KCNN4/NDP/CACNA1G/ABAT/KCNK10/ACTN2/GRIA1/GRIK3/CACNB4/CALM1/KCNJ10/FGF13/CHRNA9/GABRQ/TMEM25/SLC29A1/GPR88/ATP1A1/KCND3/CXADR/DRD2/KCNMA1/ANK3/USP53/CNR1/MAPK8IP2/STX1B/KCNIP2/INSYN1/TMEM108/GLRA2/GRIA3/GPER1/DSG2/KCNJ9/SHANK3/KCNH3/KCNJ11/CLIC1/SCN1B/GABRA3/NTRK2/GNA14/CHRNA5/PTK2B/GABRE/CHRM1/SCN5A/KCNJ2/FZD9/GRIK4/SLC8A1/SLC39A8/KCNH8/NRCAM/KCNK3/GRIN2D/SCN1A/CLN3/CHRNB2/P2RX6/SCN4B/NOS1AP/KCNMB2/GPR35/ALB/INSYN2A/TRPV1/KCNK13/KCNMB4/KCNK2/KCNA1/SYNE1/GRIK2/SLC25A27/MYOC/NPFF/CHRNE/GRIA2/GRIN2B/INSYN2B/SCN8A/GRIN2C/CHRFAM7A/CACNA1I/AKAP6,93
BP,GO:0051302,regulation of cell division,48/2408,186/18888,1.0084840990457766e-6,5.9658755427864865e-5,4.984138648431603e-5,DLL1/LBH/SFRP2/TXNIP/AURKA/PTN/KIF20B/CDCA8/PLK1/CIT/E2F7/PDGFA/MYC/KIF18B/RACGAP1/CALM1/MAP9/BRCA2/CDC6/AURKB/FGFR2/KIF23/PRC1/KIF20A/BIRC5/DRD2/BLM/KIF14/FGF1/TGFA/E2F8/SHH/THBS4/PDGFB/ECT2/INCENP/TGFB3/CCP110/SVIL/PROK1/PKP4/ASPM/AHCTF1/PTCH1/TLE6/FGF7/RAB11FIP4/IL1B,48
BP,GO:0140013,meiotic nuclear division,50/2408,197/18888,1.0339347812755074e-6,6.057050941957682e-5,5.060310339834854e-5,AURKA/TRIP13/TOP2A/PLK1/CCNB2/ZWINT/NUF2/RAD54L/FANCD2/CCNE2/EME1/LIF/RAD51/NCAPH/GPR3/NDC80/TTK/SGO1/ESPL1/MYBL1/FBXO5/BRCA2/SMC4/MASTL/PSMC3IP/RAD51AP1/FANCA/KNL1/HSPA2/KIF18A/INCENP/CDC20/PTTG2/FANCM/PTTG1/PTTG3P/RMI1/BRIP1/NDC1/ASPM/ZCWPW1/FIGNL1/MAEL/FBXO43/C14orf39/CYP26B1/FMN2/REC8/MAPK15/SYCP2,50
BP,GO:0007098,centrosome cycle,39/2408,139/18888,1.097239105658849e-6,6.291786777387115e-5,5.2564183446272685e-5,AURKA/CDK1/CDK2/PLK1/WDR62/CCNF/PLK4/NDC80/SGO1/MAP9/XRCC2/NEK2/BRCA2/HAUS6/GADD45A/XRCC3/PDE4DIP/KIF11/CHEK1/ODF2/CEP152/BRCA1/CEP85/POC1B/HAUS8/CCDC57/CEP72/CCP110/CENPJ/RTTN/NDE1/STIL/SSX2IP/CEP44/CKAP5/CROCC/GEN1/PKHD1/HEPACAM2,39
BP,GO:0061982,meiosis I cell cycle process,39/2408,139/18888,1.097239105658849e-6,6.291786777387115e-5,5.2564183446272685e-5,AURKA/TRIP13/TOP2A/PLK1/CCNB2/ZWINT/RAD54L/FANCD2/CCNE2/CDC25A/EME1/RAD51/NDC80/ESPL1/MYBL1/FBXO5/BRCA2/PSMC3IP/RAD51AP1/KNL1/HSPA2/PKMYT1/CDC25C/CDC20/PTTG2/FANCM/PTTG1/PTTG3P/RMI1/BRIP1/NDC1/ZCWPW1/MSH6/MAEL/C14orf39/FMN2/REC8/MAPK15/SYCP2,39
BP,GO:0061326,renal tubule development,32/2408,104/18888,1.105285711639102e-6,6.291786777387115e-5,5.2564183446272685e-5,AGT/NOG/SOX8/DLL1/KIF26B/NPNT/BMP2/LIF/MYC/WNT11/HS3ST3A1/GATA3/POU3F3/FGF1/CALB1/LAMA5/SHH/SMO/TFAP2B/HES5/TMEM59L/CITED1/PAX8/AQP1/MTSS1/PTCH1/HOXB7/LGR5/FMN1/TACSTD2/GDNF/WT1,32
BP,GO:0051984,positive regulation of chromosome segregation,14/2408,27/18888,1.1371415997407177e-6,6.394459502290406e-5,5.342195376457748e-5,CDK1/CDCA8/CCNB1/NCAPH/NCAPG/CDC6/AURKB/SMC4/NCAPG2/BIRC5/NCAPD2/RAD18/INCENP/NCAPD3,14
BP,GO:0051225,spindle assembly,37/2408,129/18888,1.1445171134361349e-6,6.394459502290406e-5,5.342195376457748e-5,AURKA/TPX2/UHRF1/KIFC1/CDCA8/PLK1/CCNB2/MZT1/NDC80/RACGAP1/MYBL2/MAP9/RCC1/FBXO5/NEK2/AURKB/TUBB/HAUS6/SPAG5/KIF23/PRC1/KIF4A/BIRC5/GPSM2/KIF11/KIF4B/INCENP/HAUS8/CDC20/MAPRE3/CENPJ/STIL/ASPM/CEP97/TUBGCP3/CHMP4A/MAPK15,37
BP,GO:0050807,regulation of synapse organization,58/2408,243/18888,1.3121208706876692e-6,7.263612232779263e-5,6.068321438651133e-5,C1QL1/LRRN3/EFNA1/LRRC4B/GPM6A/NLGN3/EPHB1/ARF6/EPHA4/LRP8/ARHGAP22/NTN1/TUBB/EPHB3/AGRN/CLSTN3/EFNB3/APOE/DRD2/SLITRK3/NTNG2/NGEF/THBS2/ITPKA/SRCIN1/SEPTIN11/ADGRB1/SLITRK1/UBE3A/PAK3/SHANK3/CDC20/EFNA5/LRRTM2/NTRK2/PTK2B/LRRN1/LRRC24/SLC7A11/NRP2/LHFPL4/NRCAM/EPHA7/CLN3/CHRNB2/IL1RAP/ROBO2/PLXNC1/RAB17/COLQ/SLITRK4/CAMKV/FCGR2B/TANC1/GRIN2B/FRMPD4/GPR158/C1QL2,58
BP,GO:0000022,mitotic spindle elongation,9/2408,12/18888,1.342646275635567e-6,7.288608126610164e-5,6.089204039972799e-5,CDCA8/RACGAP1/AURKB/KIF23/PRC1/KIF4A/BIRC5/KIF4B/INCENP,9
BP,GO:0000727,double-strand break repair via break-induced replication,9/2408,12/18888,1.342646275635567e-6,7.288608126610164e-5,6.089204039972799e-5,MCM4/CDC45/MCM3/MCM6/MCM2/GINS4/MCM5/GINS2/CDC7,9
BP,GO:0072080,nephron tubule development,31/2408,100/18888,1.3528738982107032e-6,7.288608126610164e-5,6.089204039972799e-5,AGT/NOG/SOX8/DLL1/KIF26B/NPNT/BMP2/LIF/MYC/WNT11/HS3ST3A1/GATA3/POU3F3/FGF1/CALB1/LAMA5/SHH/SMO/TFAP2B/HES5/TMEM59L/CITED1/PAX8/AQP1/MTSS1/PTCH1/HOXB7/FMN1/TACSTD2/GDNF/WT1,31
BP,GO:0050803,regulation of synapse structure or activity,59/2408,249/18888,1.3762675161549896e-6,7.349024949096644e-5,6.139678746964364e-5,C1QL1/LRRN3/EFNA1/LRRC4B/GPM6A/NLGN3/EPHB1/ARF6/EPHA4/LRP8/ARHGAP22/NTN1/TUBB/EPHB3/AGRN/SYBU/CLSTN3/EFNB3/APOE/DRD2/SLITRK3/NTNG2/NGEF/THBS2/ITPKA/SRCIN1/SEPTIN11/ADGRB1/SLITRK1/UBE3A/PAK3/SHANK3/CDC20/EFNA5/LRRTM2/NTRK2/PTK2B/LRRN1/LRRC24/SLC7A11/NRP2/LHFPL4/NRCAM/EPHA7/CLN3/CHRNB2/IL1RAP/ROBO2/PLXNC1/RAB17/COLQ/SLITRK4/CAMKV/FCGR2B/TANC1/GRIN2B/FRMPD4/GPR158/C1QL2,59
BP,GO:0001503,ossification,92/2408,446/18888,1.6035296059435559e-6,8.487454072160891e-5,7.090769420926767e-5,ID3/NOG/SOX8/ECM1/P2RX7/GDPD2/CEBPD/SFRP2/CSGALNACT1/PTN/TPM4/NPNT/BMP2/NPPC/FHL2/PLXNB1/IGFBP3/DDX21/LTBP3/TNN/FBXO5/SPP1/WNT11/COL1A1/FGFR2/SMAD6/GPM6B/TMT1A/ENPP1/BAMBI/CHSY1/MAP2K6/IL6R/PKDCC/ERFE/FOSL2/COL1A2/JUNB/SMAD1/ADGRV1/DHRS3/MGP/SHH/SMO/STC1/IFITM1/SMOC1/PTGER4/TENT5A/EPHA2/PTHLH/CBFB/CCN4/TNC/VDR/IPO7/ATP2B1/CITED1/NOCT/CLIC1/SCX/TFAP2A/PTK2B/PPARGC1B/SEMA7A/RASSF2/XYLT1/SCUBE3/FZD9/SLC8A1/IARS1/CHRDL1/RANBP3L/IFT80/FIGNL1/SNAI1/PTCH1/MN1/SGMS2/FBN2/ALPL/CREB3L1/BMP8A/HIF1A/ADAMTS12/FGFR3/FGF18/BMP6/MYOC/IGSF10/LOX/COMP,92
BP,GO:0051988,regulation of attachment of spindle microtubules to kinetochore,12/2408,21/18888,1.729749961903181e-6,9.059351741562347e-5,7.568556336957605e-5,CDCA8/CCNB1/RACGAP1/NEK2/AURKB/SPAG5/BIRC5/KNSTRN/ECT2/INCENP/ZWILCH/KNTC1,12
BP,GO:0051321,meiotic cell cycle,66/2408,291/18888,1.7416055717952142e-6,9.059351741562347e-5,7.568556336957605e-5,AURKA/TRIP13/TOP2A/EXO1/CDK2/SGO2/PLK1/CCNB2/ZWINT/NUF2/RAD54L/FANCD2/CCNE2/NPPC/CDC25A/EME1/LIF/RAD51/NCAPH/GPR3/NDC80/MYH9/TTK/SGO1/ESPL1/MYBL1/FBXO5/XRCC2/NEK2/BRCA2/SMC4/MASTL/PSMC3IP/RAD51AP1/FANCA/KNL1/HSPA2/NCAPD2/PKMYT1/RBBP8/KIF18A/CDC25C/INCENP/CDC20/TUBG1/NCAPD3/PTTG2/FANCM/PTTG1/PTTG3P/RMI1/BRIP1/NDC1/ASPM/ZCWPW1/FIGNL1/MSH6/MAEL/FBXO43/TUBGCP3/C14orf39/CYP26B1/FMN2/REC8/MAPK15/SYCP2,66
BP,GO:1902749,regulation of cell cycle G2/M phase transition,34/2408,116/18888,1.7893705808908025e-6,9.228258192388977e-5,7.709667756982504e-5,DTL/AURKA/ORC1/CDK1/CDK2/CCNB1/PLK1/CDC25A/CLSPN/FBXO5/CDC6/AURKB/ING4/RRM1/TICRR/CCND1/WEE1/BLM/KIF14/CDKN1A/HSPA2/ATAD5/CHEK1/PKMYT1/RBBP8/TAOK3/BRCA1/CDC25C/CENPF/BARD1/CDC7/NABP1/PAXIP1/DYRK3,34
BP,GO:0044771,meiotic cell cycle phase transition,10/2408,15/18888,1.816819677458779e-6,9.29041519812396e-5,7.761596284879654e-5,CCNB2/ZWINT/CDC25A/NDC80/TTK/KNL1/PKMYT1/CDC25C/CDC20/MAPK15,10
BP,GO:0034508,centromere complex assembly,14/2408,28/18888,2.0071677908895166e-6,1.0177521386745666e-4,8.502721406961429e-5,HJURP/CENPA/CENPE/CENPH/CENPN/CENPI/DLGAP5/CENPK/MIS18A/CENPO/CENPF/CENPW/OIP5/KNTC1,14
BP,GO:0007160,cell-matrix adhesion,57/2408,241/18888,2.192999693867875e-6,1.1027133460665632e-4,9.212522398187065e-5,ITGA3/SERPINE1/ITGB4/L1CAM/FBLN5/ITGA5/EMILIN1/NPNT/SNED1/COL3A1/CD34/ACTN2/TNN/NRP1/ADAMTS9/COL16A1/PLAU/GPM6B/LIMCH1/ACTN1/ITGA1/MADCAM1/ADAMTS13/SORBS1/POSTN/NID1/CDH13/ITGA9/CORO1C/S100A10/ITGA6/BCAM/PTPRJ/EFNA5/PHLDB2/CCL25/PTK2B/FAM107A/EFEMP2/RIN2/SIGLEC1/PKHD1/BCL6/SVEP1/HOXD3/ADAMTS12/TECTA/MSLN/FUT1/MACF1/APOD/MYOC/FMN1/VCAM1/HPSE/ONECUT1/STRC,57
BP,GO:0048251,elastic fiber assembly,8/2408,10/18888,2.446265285116239e-6,1.2198979116025939e-4,1.0191530622376399e-4,MFAP4/THSD4/FBLN5/EMILIN1/COL3A1/EFEMP2/MYH11/LOX,8
BP,GO:0060993,kidney morphogenesis,30/2408,98/18888,2.663863068507744e-6,1.3175204717521088e-4,1.1007109780054865e-4,AGT/NOG/SOX8/KIF26B/SOX4/NPNT/BMP2/LIF/MYC/WNT11/HS3ST3A1/GATA3/FGF1/CALB1/LAMA5/SHH/SMO/HES5/FOXJ1/TMEM59L/CITED1/PAX8/PTCH1/HOXB7/FMN1/TACSTD2/GCNT4/GCNT3/GDNF/WT1,30
BP,GO:1901976,regulation of cell cycle checkpoint,18/2408,44/18888,2.8233806851843767e-6,1.3760644102736968e-4,1.149621000436253e-4,MAD2L1/CDCA8/CCNB1/ZWINT/RAD51/NDC80/WDR76/BRCA2/AURKB/XRCC3/RFWD3/BIRC5/KNL1/BRCA1/BARD1/INCENP/MAP3K20/GEN1,18
BP,GO:0051216,cartilage development,51/2408,209/18888,2.827842009843195e-6,1.3760644102736968e-4,1.149621000436253e-4,NOG/ECM1/SULF2/EFEMP1/SFRP2/CSGALNACT1/HMGA2/PBXIP1/TYMS/WNT9A/BMP2/CHI3L1/COL3A1/NPPC/LTBP3/ERRFI1/CCN3/WNT11/COL1A1/GATA3/CHSY1/SOX6/MATN3/PKDCC/FOSL2/SMAD1/MAF/MGP/STC1/ZNF219/CHADL/FRZB/HES5/LOXL2/PTHLH/CCN4/SCX/BGN/IFT80/SNAI1/GHR/BMP8A/HOXD3/HIF1A/ADAMTS12/FGFR3/CREB3L2/CYTL1/FGF18/BMP6/COMP,51
BP,GO:0031032,actomyosin structure organization,52/2408,215/18888,3.0036333660360472e-6,1.4499138984529206e-4,1.211317910732348e-4,MET/PGM5/ACTN2/IQGAP3/KRT8/MYH9/RACGAP1/NRP1/WNT11/PDGFRB/ANLN/LIMCH1/ARHGEF10L/SORBS1/FHOD3/MYBPC2/PTGER4/KLHL41/ECT2/CFL2/S100A10/RHPN1/TMOD4/TMOD1/PHLDB2/TGFB3/PTK2B/ELN/CARMIL1/MYH11/EPB41L2/MYH7/MYH3/IQGAP2/CSRP3/F11R/PDLIM1/TMOD2/LMOD1/MYOZ2/IQGAP1/LDB3/PPM1E/SYNPO2L/SERPINF2/CASQ1/MYOC/TACSTD2/PIK3R2/TNNT3/FRMD3/MYPN,52
BP,GO:0035235,ionotropic glutamate receptor signaling pathway,12/2408,22/18888,3.3627587001570555e-6,1.6103877775196565e-4,1.3453844122850574e-4,PLP1/GRIA1/GRIK3/GRIA3/PTK2B/GRIK4/GRIN2D/CLN3/GRIK2/GRIA2/GRIN2B/GRIN2C,12
BP,GO:0090232,positive regulation of spindle checkpoint,9/2408,13/18888,3.866475784114423e-6,1.8370326678225532e-4,1.5347329075941958e-4,MAD2L1/CDCA8/NDC80/AURKB/XRCC3/BIRC5/KNL1/INCENP/GEN1,9
BP,GO:0010977,negative regulation of neuron projection development,39/2408,146/18888,4.118391040015686e-6,1.9414352762073944e-4,1.6219551554798618e-4,GFAP/EFNA1/RGMA/SEMA5B/DRAXIN/ARF6/EPHA4/NTN1/SEMA6B/SPP1/NRP1/FGF13/PRAG1/SEMA3A/ARHGAP4/EFNB3/APOE/STX1B/NGEF/SEMA6C/RTN4RL1/PAQR3/CRMP1/MT3/UBE3A/INPP5F/INPP5J/SEMA6D/SEMA6A/FSTL4/SEMA7A/EPHA7/NEU4/SLIT2/SPOCK1/CDH1/ZNF296/TNR/FAT3,39
BP,GO:0032535,regulation of cellular component size,78/2408,370/18888,4.214668985345564e-6,1.9714195858585375e-4,1.6470052852566222e-4,P2RX7/L1CAM/RGMA/SEMA5B/CDC42EP3/DRAXIN/KCNN4/ACTN2/ARF6/IQGAP3/RND2/PRKCD/RAB3B/MYADM/NTN1/SEMA6B/SPP1/NRP1/FGF13/PLS1/SPTB/RIN3/MSN/SEMA3A/ARHGAP4/ARHGAP18/APOE/KCNMA1/PEX11G/CDHR2/CDH4/SEMA6C/FHOD3/HIP1R/MT3/PAK3/CFL2/CYFIP2/CYRIA/CRABP2/SHANK3/TMOD4/TMOD1/EFNA5/SEMA6D/AVIL/BORCS7/AKT3/SSH3/PTK2B/SVIL/SEMA6A/FSTL4/AQP1/SEMA7A/VAV3/SLC12A5/ELN/ADD2/NRCAM/EPHA7/CARMIL1/CLN3/KIRREL1/KANK3/KANK4/SLIT2/CDH1/SWAP70/RET/TMOD2/LMOD1/MACF1/AQP4/TNR/FMN1/PIK3R2/F2RL1,78
BP,GO:0048762,mesenchymal cell differentiation,61/2408,269/18888,4.253996448778307e-6,1.9745088132252543e-4,1.649586153295491e-4,AGT/NOG/SOX8/AKNA/SFRP2/EFNA1/SEMA5B/HAS2/FAM83D/HMGA2/PHLDB1/BMP2/EPHA4/KITLG/SEMA6B/HEY2/NRP1/WNT11/COL1A1/FGFR2/BAMBI/EDNRB/GATA3/SPRY1/CRB2/SEMA3A/EFNB1/TRIM62/TMEM100/SEMA6C/GSC/LAMA5/SHH/GCNT2/SMO/FRZB/LOXL2/SPRY2/CORO1C/PHLDB2/LDLRAD4/SEMA6D/TGFB3/NOLC1/NCAM1/SEMA6A/SEMA7A/NRP2/LOXL3/RANBP3L/SNAI1/NRTN/GBX2/RET/HIF1A/FOXF2/RADIL/WNT16/IL1B/GDNF/FOLR1,61
BP,GO:0060675,ureteric bud morphogenesis,23/2408,67/18888,4.5271780366849235e-6,2.0852665857524298e-4,1.742117767592133e-4,AGT/NOG/SOX8/KIF26B/NPNT/BMP2/MYC/WNT11/HS3ST3A1/GATA3/FGF1/LAMA5/SHH/SMO/TMEM59L/CITED1/PAX8/PTCH1/HOXB7/FMN1/TACSTD2/GDNF/WT1,23
BP,GO:0061333,renal tubule morphogenesis,26/2408,81/18888,4.607477998202494e-6,2.090886052443107e-4,1.7468125019887373e-4,AGT/NOG/SOX8/KIF26B/NPNT/BMP2/MYC/WNT11/HS3ST3A1/GATA3/FGF1/LAMA5/SHH/SMO/HES5/TMEM59L/CITED1/PAX8/MTSS1/PTCH1/HOXB7/LGR5/FMN1/TACSTD2/GDNF/WT1,26
BP,GO:1903034,regulation of response to wounding,45/2408,179/18888,4.608681554108936e-6,2.090886052443107e-4,1.7468125019887373e-4,CXCR4/SERPINE1/PLAUR/ADAMTS18/RGMA/PTN/EMILIN1/PROS1/PDGFA/MYLK/EPHA4/EMILIN2/PRKCD/TNFRSF12A/CADM4/SPP1/XBP1/PLAU/APOE/CLDN4/TAFA5/RTN4RL1/SH2B3/PDGFB/F3/INPP5F/CCN4/PHLDB2/PLAT/CD109/TSPAN8/CEACAM1/UBASH3B/OCLN/ADRA2A/RREB1/CLDN1/SERPINF2/TNR/SCARF1/DUOX2/F2RL1/HPSE/MMRN1/PROC,45
BP,GO:0031023,microtubule organizing center organization,40/2408,152/18888,4.6512233287435445e-6,2.094438922808847e-4,1.7497807165241816e-4,AURKA/CDK1/CDK2/PLK1/WDR62/CCNF/PLK4/NDC80/SGO1/MAP9/XRCC2/NEK2/BRCA2/HAUS6/GADD45A/XRCC3/PDE4DIP/KIF11/CHEK1/ODF2/CEP152/BRCA1/FOXJ1/CEP85/POC1B/HAUS8/CCDC57/CEP72/CCP110/CENPJ/RTTN/NDE1/STIL/SSX2IP/CEP44/CKAP5/CROCC/GEN1/PKHD1/HEPACAM2,40
BP,GO:0021954,central nervous system neuron development,27/2408,86/18888,4.879462891674884e-6,2.1809391917308334e-4,1.8220466111681108e-4,ASCL1/BTG2/PRDM8/DCLK2/DRAXIN/EPHB1/DCLK1/ARX/EPHA4/HPRT1/NOVA2/LHX6/NRP1/FGFR2/EPHB3/FOXG1/TCTN1/DRD2/ARHGEF28/B4GALT6/FBXO45/SCN1B/NTRK2/NRP2/CHRNB2/SLIT2/GBX2,27
BP,GO:0099173,postsynapse organization,48/2408,196/18888,4.92426173748545e-6,2.1847790679402357e-4,1.8252546022304815e-4,ITGA3/EFNA1/LRRC4B/NLGN3/LRRC4/EPHB1/ARF6/EPHA4/CTNND2/LRP8/NRXN2/ARHGAP22/NRP1/EPHB3/NPTX1/ACTN1/APOE/DBNL/SLITRK3/NTNG2/NGEF/LAMA5/ITPKA/SRCIN1/TMEM108/HIP1R/UBE3A/PAK3/SHANK3/LRRTM2/PTK2B/FZD9/SLC7A11/NRP2/CHRDL1/LHFPL4/OPHN1/NRCAM/EPHA7/NOS1AP/IL1RAP/PICK1/COLQ/FCGR2B/TANC1/GRIN2B/GDNF/C1QL2,48
BP,GO:0010038,response to metal ion,76/2408,360/18888,5.273638415307666e-6,2.3227105253990113e-4,1.9404882344147838e-4,FOS/FIBIN/NDRG1/SLC1A1/SDC1/P2RX7/HSP90B1/TXNIP/KCNC1/CDK1/ADCY1/AKR1C3/MAOB/CACNA1G/ABAT/GRIA1/CALM1/KCNJ10/MT1X/NPTX1/ITPR3/PCNA/SERPINF1/DRD2/KCNMA1/ANK3/CNGA3/JUNB/ADAMTS13/ADGRV1/TF/KCNIP2/MMP9/ANXA11/ITPKA/SHH/ITPKC/ABCC8/CPNE5/ECT2/GLRA2/LOXL2/MT3/MAP1LC3A/NPC1/GIPR/TFAP2A/PTK2B/MTTP/AQP1/SCN5A/KHK/SLC25A24/SLC39A8/KCNK3/ADCY7/PRKAA2/HSD17B1/KCNMB2/INHBB/CDH1/KCNMB4/HIF1A/KCNA1/IQGAP1/S100A8/ABCC6/HVCN1/CLDN1/BMP6/AQP3/SYT5/VCAM1/PGAM2/SYT13/CPNE7,76
BP,GO:0072171,mesonephric tubule morphogenesis,23/2408,68/18888,6.021531202306351e-6,2.632892701066415e-4,2.1996272256174764e-4,AGT/NOG/SOX8/KIF26B/NPNT/BMP2/MYC/WNT11/HS3ST3A1/GATA3/FGF1/LAMA5/SHH/SMO/TMEM59L/CITED1/PAX8/PTCH1/HOXB7/FMN1/TACSTD2/GDNF/WT1,23
BP,GO:0010975,regulation of neuron projection development,92/2408,460/18888,6.135689444798388e-6,2.6635072021520485e-4,2.2252038433274882e-4,GFAP/ATP1B2/ITGA3/SFRP2/L1CAM/EFNA1/RGMA/SEMA5B/PTN/DRAXIN/MAP6/ROR1/ARF6/RND2/EPHA4/PLXNB1/NOVA2/LRP8/PLXNA2/TNN/NTN1/SEMA6B/SPP1/NRP1/FGF13/EPHB3/PRAG1/PLXNB3/GATA3/SEMA3A/ARHGAP4/EFNB3/APOE/SERPINF1/NTNG2/CNR1/STX1B/NGEF/CDH4/SEMA6C/RGS2/RTN4RL1/ITPKA/ELAVL4/SRCIN1/PAQR3/PLK5/SLITRK1/NDRG4/CRMP1/MT3/UBE3A/INPP5F/PAK3/CRABP2/SHANK3/ITGA6/INPP5J/EFNA5/SEMA6D/TNIK/AVIL/SCN1B/NTRK2/PTK2B/SEMA6A/FSTL4/SEMA7A/ANKRD27/NRCAM/EPHA7/NEU4/CHRNB2/SKOR2/SLIT2/SPOCK1/ROBO2/DGKG/CDH1/PLXNC1/MFSD2A/NTNG1/RET/RAB17/ZNF296/LYN/MACF1/SYNE1/EPO/TNR/SCARF1/FAT3,92
BP,GO:0061041,regulation of wound healing,37/2408,138/18888,6.552933645763111e-6,2.824314401323901e-4,2.3595488142525965e-4,CXCR4/SERPINE1/PLAUR/ADAMTS18/EMILIN1/PROS1/PDGFA/MYLK/EMILIN2/PRKCD/TNFRSF12A/CADM4/XBP1/PLAU/APOE/CLDN4/TAFA5/SH2B3/PDGFB/F3/CCN4/PHLDB2/PLAT/CD109/TSPAN8/CEACAM1/UBASH3B/OCLN/ADRA2A/RREB1/CLDN1/SERPINF2/DUOX2/F2RL1/HPSE/MMRN1/PROC,37
BP,GO:2001251,negative regulation of chromosome organization,28/2408,93/18888,8.081502759480717e-6,3.458424656078486e-4,2.8893106916874325e-4,TRIP13/TOP2A/MAD2L1/HASPIN/CDCA8/CCNB1/PLK1/ZWINT/BUB1/NUF2/NDC80/TTK/ESPL1/FBXO5/AURKB/XRCC3/BIRC5/KNL1/BUB1B/CENPF/INCENP/ZWILCH/CDC20/SPDL1/SPC24/SPC25/KNTC1/GEN1,28
BP,GO:0031570,DNA integrity checkpoint signaling,36/2408,134/18888,8.265394208497525e-6,3.509911645298002e-4,2.9323250474211284e-4,DTL/ORC1/CDK1/CDK2/CDC45/PLK1/FANCD2/EME1/RAD51/E2F7/GTSE1/CDT1/CLSPN/E2F1/WDR76/BRCA2/CDC6/TICRR/STK33/RFWD3/CCND1/BLM/CDKN1A/TIMELESS/CHEK1/RPS27L/TAOK3/BRCA1/BARD1/MAP3K20/FBXO6/DNA2/MUC1/BRIP1/MDC1/PRKDC,36
BP,GO:0050890,cognition,69/2408,322/18888,8.318153219715186e-6,3.509911645298002e-4,2.9323250474211284e-4,FOS/FOSL1/NOG/ITGA3/SLC1A1/ATP1A2/C1QL1/BTG2/ITGA5/NLGN3/PTN/MAP1A/ADCY1/TTBK1/SGK1/S100B/KCNK10/GRIA1/PPP1R1B/NRXN2/LDLR/FEN1/FGF13/GPR88/ADCY3/ITPR3/APOE/SERPINF1/DRD2/CNR1/MAPK8IP2/ABCA7/CALB1/ELAVL4/NDRG4/ABCC8/EN1/UBE3A/DOP1B/B3GAT1/SHANK3/NTRK2/FAM107A/CHRM1/JPH3/FZD9/SLC7A11/SLC12A5/TUSC3/HLA-DRA/CLN3/CHRNB2/PTCHD1/SHROOM4/MFSD2A/HIF1A/PRKCG/TMOD2/KCNK2/CSMD1/TANC1/CHL1/C5AR1/TNR/DNAAF4/PRKAR2B/GRIN2B/GPR158/ADGRF1,69
BP,GO:0050770,regulation of axonogenesis,40/2408,156/18888,9.184967297492144e-6,3.848756435629694e-4,3.215409969860371e-4,L1CAM/EFNA1/RGMA/SEMA5B/DRAXIN/MAP6/RND2/EPHA4/PLXNB1/PLXNA2/NTN1/SEMA6B/SPP1/NRP1/FGF13/EPHB3/PLXNB3/SEMA3A/ARHGAP4/EFNB3/CDH4/SEMA6C/SLITRK1/MT3/PAK3/CRABP2/EFNA5/SEMA6D/NTRK2/SEMA6A/FSTL4/SEMA7A/EPHA7/SLIT2/ROBO2/CDH1/PLXNC1/RET/MACF1/TNR,40
BP,GO:0072088,nephron epithelium morphogenesis,25/2408,79/18888,9.259922883914479e-6,3.853405150451032e-4,3.219293698081048e-4,AGT/NOG/SOX8/KIF26B/NPNT/BMP2/LIF/MYC/WNT11/HS3ST3A1/GATA3/FGF1/LAMA5/SHH/SMO/HES5/TMEM59L/CITED1/PAX8/PTCH1/HOXB7/FMN1/TACSTD2/GDNF/WT1,25
BP,GO:0061351,neural precursor cell proliferation,42/2408,167/18888,9.33506881655041e-6,3.858068851990765e-4,3.223189946824796e-4,ASCL1/NCAN/ID2/BCAN/AKNA/MELK/BTG2/SHCBP1/PTN/ADGRG1/EPHB1/WDR62/ARX/NUMBL/RACGAP1/FGF13/FGFR2/RRM1/GPR37L1/FOXG1/DRD2/KIF14/DCT/POU3F3/SHH/SMO/RASSF10/CEND1/ACSL6/SLC16A2/NDE1/FZD9/ASPM/SKOR2/TRNP1/OTP/GBX2/HIF1A/LYN/KCNA1/ACAN/GJC2,42
BP,GO:0051255,spindle midzone assembly,9/2408,14/18888,9.594412152454164e-6,3.9382777501978524e-4,3.29019977071987e-4,CDCA8/RACGAP1/AURKB/KIF23/PRC1/KIF4A/BIRC5/KIF4B/INCENP,9
BP,GO:0048640,negative regulation of developmental growth,32/2408,114/18888,9.68419011387924e-6,3.948270482915361e-4,3.298548112046065e-4,NOG/RGMA/SEMA5B/RGS4/DRAXIN/GDF15/NTN1/SEMA6B/WWC1/SPP1/NRP1/FGF13/SEMA3A/ARHGAP4/CDKN1A/STC2/SEMA6C/RGS2/MT3/WWC3/SEMA6D/SEMA6A/FSTL4/SEMA7A/EPHA7/PTCH1/CDH1/MIR17HG/FGFR3/KCNK2/TNR/WWC2,32
BP,GO:0010389,regulation of G2/M transition of mitotic cell cycle,30/2408,104/18888,1.008217542467702e-5,4.082942718959808e-4,3.4110588561482336e-4,DTL/AURKA/ORC1/CDK1/CDK2/CCNB1/PLK1/CDC25A/CLSPN/FBXO5/CDC6/AURKB/RRM1/TICRR/CCND1/WEE1/BLM/KIF14/CDKN1A/HSPA2/CHEK1/PKMYT1/RBBP8/TAOK3/BRCA1/CDC25C/CENPF/BARD1/CDC7/NABP1,30
BP,GO:0060485,mesenchyme development,71/2408,336/18888,1.026502870782814e-5,4.1292788815356664e-4,3.4497699987220325e-4,AGT/NOG/SOX8/AKNA/SFRP2/EFNA1/SEMA5B/HAS2/FAM83D/HMGA2/PHLDB1/SOX4/BMP2/MYC/DLL3/EPHA4/KITLG/SEMA6B/HEY2/NRP1/WNT11/COL1A1/FGFR2/BAMBI/EDNRB/GATA3/SPRY1/CRB2/SEMA3A/EFNB1/TRIM62/TMEM100/SEMA6C/GSC/LAMA5/SHH/GCNT2/SMO/FRZB/LOXL2/SPRY2/CORO1C/RBM24/PHLDB2/LDLRAD4/SEMA6D/TGFB3/SCX/NOLC1/ACTG2/NCAM1/SEMA6A/SEMA7A/NRP2/LOXL3/RANBP3L/SNAI1/NRTN/ROBO2/GBX2/ACTA2/RET/HIF1A/FOXF2/RADIL/WNT16/IL1B/GDNF/WT1/ADAMTS5/FOLR1,71
BP,GO:0014032,neural crest cell development,25/2408,80/18888,1.185245616817835e-5,4.736272882038951e-4,3.956877838229775e-4,SOX8/SEMA5B/KITLG/SEMA6B/NRP1/EDNRB/SEMA3A/EFNB1/SEMA6C/LAMA5/SHH/SMO/CORO1C/SEMA6D/NOLC1/SEMA6A/SEMA7A/NRP2/NRTN/GBX2/RET/HIF1A/RADIL/GDNF/FOLR1,25
BP,GO:0050804,modulation of chemical synaptic transmission,96/2408,493/18888,1.2295283336169165e-5,4.8809039243713644e-4,4.0777085801187076e-4,GFAP/NOG/SLC1A1/CCL2/ATP1A2/RGS4/NLGN3/PTN/MAP1A/ADCY1/LRRC4/EPHB1/S100B/GRIA1/GRIK3/EPHA4/CACNB4/LRP8/SHISA9/KCNJ10/TMEM25/CACNG7/PCDH17/HAP1/ITPR3/MCTP2/SYBU/CLSTN3/EFNB3/APOE/DRD2/NTNG2/STX3/CNR1/MAPK8IP2/STX1B/AKAP12/SLC6A9/CALB1/ITPKA/BAIAP3/CACNG8/ADGRB1/SYP/TMEM108/CSPG5/SLC38A1/GRIA3/UBE3A/GPER1/FBXO45/SHANK3/P2RY1/CDC20/PLAT/LRRTM2/NTRK2/CHRNA5/PTK2B/GRID2IP/FAM107A/CHRM1/JPH3/SLC7A11/GRIK4/CHRDL1/OPHN1/EPHA7/GRIN2D/CLN3/BEGAIN/MCTP1/FBXO2/CHRNB2/VGF/SNCAIP/CDH1/PICK1/SORCS2/KCNMB4/NTNG1/PRKCG/ADRA2A/CYP46A1/CAMKV/SYNE1/GRIK2/DGKI/TNR/GRIA2/PRKAR2B/GRIN2B/OTOF/IL1B/GPR158/GRIN2C,96
BP,GO:0099177,regulation of trans-synaptic signaling,96/2408,494/18888,1.3388678323053405e-5,5.280214705967598e-4,4.4113092871759726e-4,GFAP/NOG/SLC1A1/CCL2/ATP1A2/RGS4/NLGN3/PTN/MAP1A/ADCY1/LRRC4/EPHB1/S100B/GRIA1/GRIK3/EPHA4/CACNB4/LRP8/SHISA9/KCNJ10/TMEM25/CACNG7/PCDH17/HAP1/ITPR3/MCTP2/SYBU/CLSTN3/EFNB3/APOE/DRD2/NTNG2/STX3/CNR1/MAPK8IP2/STX1B/AKAP12/SLC6A9/CALB1/ITPKA/BAIAP3/CACNG8/ADGRB1/SYP/TMEM108/CSPG5/SLC38A1/GRIA3/UBE3A/GPER1/FBXO45/SHANK3/P2RY1/CDC20/PLAT/LRRTM2/NTRK2/CHRNA5/PTK2B/GRID2IP/FAM107A/CHRM1/JPH3/SLC7A11/GRIK4/CHRDL1/OPHN1/EPHA7/GRIN2D/CLN3/BEGAIN/MCTP1/FBXO2/CHRNB2/VGF/SNCAIP/CDH1/PICK1/SORCS2/KCNMB4/NTNG1/PRKCG/ADRA2A/CYP46A1/CAMKV/SYNE1/GRIK2/DGKI/TNR/GRIA2/PRKAR2B/GRIN2B/OTOF/IL1B/GPR158/GRIN2C,96
BP,GO:0051383,kinetochore organization,11/2408,21/18888,1.4583306851613615e-5,5.650768754045558e-4,4.7208854322216523e-4,CENPA/NUF2/CENPE/CENPH/NDC80/SMC4/DLGAP5/CENPK/CENPF/CENPW/KNTC1,11
BP,GO:0000725,recombinational repair,44/2408,181/18888,1.4630062022184449e-5,5.650768754045558e-4,4.7208854322216523e-4,RMI2/UHRF1/MCM4/CDC45/MCM3/RAD54L/RAD51/MCM6/FEN1/MCM2/XRCC2/BRCA2/GINS4/AUNIP/MCM5/XRCC3/RFWD3/RAD51AP1/BLM/TIMELESS/CHEK1/GINS2/AP5S1/MCM8/HROB/RBBP8/BRCA1/FANCB/MMS22L/ACTL6A/AP5Z1/CDC7/POLQ/POLL/NABP1/FANCM/RECQL5/RMI1/PARPBP/FIGNL1/GEN1/ZGRF1/POLN/REC8,44
BP,GO:1901888,regulation of cell junction assembly,50/2408,215/18888,1.4676646918181323e-5,5.650768754045558e-4,4.7208854322216523e-4,AGT/LRRN3/LRRC4B/NLGN3/EPHB1/ARF6/NTN1/NRP1/EPHB3/COL16A1/GPM6B/LIMCH1/AGRN/CLSTN3/EFNB3/SLITRK3/NTNG2/THBS2/ADGRB1/SLITRK1/EPHA2/CORO1C/S100A10/PTPRJ/EFNA5/PHLDB2/LRRTM2/NTRK2/PTK2B/LRRN1/FAM107A/LRRC24/LHFPL4/EPHA7/SNAI1/CHRNB2/IL1RAP/ROBO2/F11R/RAB17/HOPX/COLQ/SLITRK4/MACF1/CLDN1/APOD/MYOC/FMN1/PRKCH/IL1B,50
BP,GO:0060078,regulation of postsynaptic membrane potential,38/2408,148/18888,1.4702862021629973e-5,5.650768754045558e-4,4.7208854322216523e-4,P2RX7/RGS4/NLGN3/ABAT/GRIA1/GRIK3/CHRNA9/TMEM25/SLC29A1/DRD2/MAPK8IP2/STX1B/INSYN1/TMEM108/GLRA2/GRIA3/SHANK3/GABRA3/CHRNA5/PTK2B/GABRE/CHRM1/GRIK4/GRIN2D/CHRNB2/P2RX6/INSYN2A/TRPV1/KCNA1/SYNE1/GRIK2/NPFF/CHRNE/GRIA2/GRIN2B/INSYN2B/GRIN2C/CHRFAM7A,38
BP,GO:0072028,nephron morphogenesis,25/2408,81/18888,1.5086821422631705e-5,5.761638004060742e-4,4.813510179412607e-4,AGT/NOG/SOX8/KIF26B/NPNT/BMP2/LIF/MYC/WNT11/HS3ST3A1/GATA3/FGF1/LAMA5/SHH/SMO/HES5/TMEM59L/CITED1/PAX8/PTCH1/HOXB7/FMN1/TACSTD2/GDNF/WT1,25
BP,GO:0097306,cellular response to alcohol,30/2408,106/18888,1.522377222530216e-5,5.777373686004606e-4,4.826656417542009e-4,MLC1/FOS/ADCY1/AKR1C3/SGK1/RAD51/AKR1C2/LRP8/ABCA1/ADCY5/ADCY3/BLM/BRCA1/SMO/PTGER4/GLRA2/TNC/EFNA5/OSBPL7/RECQL5/LANCL2/TP53INP1/ADCY7/PTCH1/PRKAA2/INHBB/ITPR2/CDH1/SCNN1D/ADCY2,30
BP,GO:0001649,osteoblast differentiation,57/2408,257/18888,1.7323729238527443e-5,6.49983164860761e-4,5.430227616346291e-4,ID3/NOG/SOX8/GDPD2/CEBPD/SFRP2/TPM4/NPNT/BMP2/NPPC/FHL2/IGFBP3/DDX21/TNN/FBXO5/SPP1/WNT11/COL1A1/FGFR2/SMAD6/TMT1A/BAMBI/MAP2K6/IL6R/ERFE/FOSL2/JUNB/SMAD1/SHH/SMO/IFITM1/SMOC1/TENT5A/EPHA2/PTHLH/CBFB/CCN4/TNC/IPO7/CITED1/NOCT/CLIC1/SEMA7A/RASSF2/SCUBE3/IARS1/RANBP3L/IFT80/FIGNL1/SNAI1/PTCH1/FBN2/ALPL/CREB3L1/BMP6/MYOC/LOX,57
BP,GO:0001508,action potential,38/2408,149/18888,1.7342938273546987e-5,6.49983164860761e-4,5.430227616346291e-4,ATP1A2/NDP/CACNA1G/GRIA1/CACNB4/CALM1/FGF13/GPR88/ATP1A1/KCND3/CXADR/ANK3/USP53/CNR1/KCNIP2/GPER1/DSG2/KCNJ11/SCN1B/NTRK2/GNA14/SCN5A/KCNJ2/SLC8A1/NRCAM/SCN1A/CLN3/CHRNB2/SCN4B/NOS1AP/KCNMB2/GPR35/KCNMB4/KCNA1/GRIK2/SCN8A/CACNA1I/AKAP6,38
BP,GO:0072078,nephron tubule morphogenesis,24/2408,77/18888,1.8482666231517796e-5,6.884222718578912e-4,5.751363780554823e-4,AGT/NOG/SOX8/KIF26B/NPNT/BMP2/MYC/WNT11/HS3ST3A1/GATA3/FGF1/LAMA5/SHH/SMO/HES5/TMEM59L/CITED1/PAX8/PTCH1/HOXB7/FMN1/TACSTD2/GDNF/WT1,24
BP,GO:0046697,decidualization,12/2408,25/18888,1.8673668214593168e-5,6.91269411085001e-4,5.775149956712088e-4,PTN/NDP/LIF/SPP1/GJB2/TCF23/STC2/JUNB/TPPP3/STC1/EPOR/VDR,12
BP,GO:0007405,neuroblast proliferation,25/2408,82/18888,1.9100648310595838e-5,7.027640969886297e-4,5.871181306767874e-4,ASCL1/NCAN/BCAN/AKNA/BTG2/PTN/WDR62/NUMBL/RACGAP1/FGF13/FGFR2/FOXG1/DRD2/DCT/SHH/SMO/ACSL6/NDE1/FZD9/ASPM/SKOR2/OTP/HIF1A/KCNA1/ACAN,25
BP,GO:0007565,female pregnancy,44/2408,183/18888,1.9599954997742023e-5,7.167644148871234e-4,5.988145740617962e-4,FOS/FOSL1/ITGA3/ITGB4/ITGA5/PTN/SLC2A1/NDP/ADM/LIF/SLC38A3/ERRFI1/SPP1/COL16A1/HMX3/TRO/GJB2/TCF23/CLDN4/STC2/TEAD4/CNR1/JUNB/NR2F2/MMP9/RGS2/TPPP3/STC1/SLC38A1/ABCC8/DSG2/PTHLH/PZP/EPOR/VDR/TGFB3/AGO2/FBLN1/ADCY7/TLE6/ADRA2A/EPO/CSMD1/IL1B,44
BP,GO:0036297,interstrand cross-link repair,16/2408,41/18888,2.0460757150075087e-5,7.437361966479101e-4,6.213479137077337e-4,NEIL3/FANCD2/RAD51/FANCI/XRCC3/RFWD3/RAD51AP1/FANCA/DCLRE1B/MCM8/HROB/FANCB/FAAP100/FANCM/FIRRM/POLN,16
BP,GO:0060707,trophoblast giant cell differentiation,8/2408,12/18888,2.119256535982164e-5,7.590986533674047e-4,6.341823440811718e-4,LIF/E2F7/PLK4/MDFI/NR2F2/E2F8/SOX15/SNAI1,8
BP,GO:0090267,positive regulation of mitotic cell cycle spindle assembly checkpoint,8/2408,12/18888,2.119256535982164e-5,7.590986533674047e-4,6.341823440811718e-4,MAD2L1/CDCA8/NDC80/AURKB/XRCC3/BIRC5/INCENP/GEN1,8
BP,GO:0030174,regulation of DNA-templated DNA replication initiation,9/2408,15/18888,2.1260800864947198e-5,7.590986533674047e-4,6.341823440811718e-4,MCM4/CDK2/MCM3/CDT1/MCM6/MCM2/MCM5/TICRR/GMNN,9
BP,GO:0033044,regulation of chromosome organization,55/2408,247/18888,2.1430038226778486e-5,7.606402980022434e-4,6.354702976349361e-4,PKIB/RMI2/TRIP13/CDK1/TOP2A/MAD2L1/HASPIN/CDK2/CDCA8/CCNB1/PLK1/ZWINT/BUB1/NUF2/CENPE/MYC/NCAPH/NCAPG/NDC80/TTK/FEN1/ESPL1/FBXO5/NEK2/CDC6/AURKB/SMC4/GNL3/DLGAP5/NCAPG2/DKC1/UBE2C/XRCC3/BIRC5/KNL1/CCT5/NCAPD2/SMARCE1/TACC3/BUB1B/CENPF/ACTL6A/INCENP/MAP3K20/ZWILCH/CDC20/SPDL1/NCAPD3/SPC24/SPC25/KNTC1/UCHL5/GEN1/GCH1/MAPK15,55
BP,GO:0031345,negative regulation of cell projection organization,47/2408,201/18888,2.2511577892896536e-5,7.943559123142556e-4,6.636377133215235e-4,GFAP/ITGA3/EFNA1/RGMA/SEMA5B/DRAXIN/ARF6/EPHA4/PRKCD/NTN1/SEMA6B/SPP1/NRP1/FGF13/PRAG1/PLXNB3/SEMA3A/ARHGAP4/EFNB3/APOE/STX1B/NGEF/SEMA6C/RTN4RL1/PAQR3/CRMP1/MT3/UBE3A/INPP5F/SPRY2/INPP5J/SEMA6D/CCP110/SEMA6A/FSTL4/SEMA7A/EPHA7/NEU4/SLIT2/CEP97/SPOCK1/CDH1/ZNF296/TNR/TACSTD2/GRIN2B/FAT3,47
BP,GO:0060135,maternal process involved in female pregnancy,20/2408,59/18888,2.312071341990846e-5,8.111068882309748e-4,6.776321699384433e-4,ITGA3/PTN/NDP/LIF/SPP1/HMX3/GJB2/TCF23/STC2/CNR1/JUNB/NR2F2/RGS2/TPPP3/STC1/DSG2/EPOR/VDR/ADCY7/CSMD1,20
BP,GO:0014033,neural crest cell differentiation,27/2408,93/18888,2.420212640952306e-5,8.441365939598969e-4,7.052265492863154e-4,SOX8/SEMA5B/KITLG/SEMA6B/NRP1/EDNRB/SEMA3A/EFNB1/SEMA6C/GSC/LAMA5/SHH/SMO/FRZB/CORO1C/SEMA6D/NOLC1/SEMA6A/SEMA7A/NRP2/NRTN/GBX2/RET/HIF1A/RADIL/GDNF/FOLR1,27
BP,GO:0090231,regulation of spindle checkpoint,11/2408,22/18888,2.5803855003070226e-5,8.948302361409526e-4,7.475781101615445e-4,MAD2L1/CDCA8/CCNB1/ZWINT/NDC80/AURKB/XRCC3/BIRC5/KNL1/INCENP/GEN1,11
BP,GO:0060560,developmental growth involved in morphogenesis,54/2408,243/18888,2.689591546766262e-5,9.27371165325007e-4,7.747641454113462e-4,CXCR4/KIF26B/SFRP2/L1CAM/RGMA/SEMA5B/AURKA/NLGN3/DRAXIN/DCLK1/S100B/RND2/TNN/NTN1/SEMA6B/SPP1/NRP1/WNT11/FGF13/FGFR2/CACNG7/SPRY1/SEMA3A/ARHGAP4/SLIT3/APOE/FGF1/CDH4/SEMA6C/POSTN/SHH/TSC22D4/TMEM108/CPNE5/MT3/SPRY2/CYFIP2/CRABP2/TNC/EFNA5/SEMA6D/SEMA6A/FSTL4/SEMA7A/NRP2/NRCAM/EPHA7/SLIT2/CDH1/IQGAP1/MACF1/TNR/FMN1/FLRT1,54
BP,GO:0032508,DNA duplex unwinding,24/2408,79/18888,2.9714184018024275e-5,0.0010184682857039909,8.508704394809086e-4,TOP2A/MCM4/CDC45/MCM3/DSCC1/GINS1/RAD51/MCM6/RFC3/MCM2/HMGA1/GINS4/MCM5/RFC5/BLM/GINS2/MCM8/RFC4/POLQ/DNA2/FANCM/RECQL5/BRIP1/ZGRF1,24
BP,GO:0051781,positive regulation of cell division,27/2408,94/18888,2.9875519815977193e-5,0.0010184682857039909,8.508704394809086e-4,LBH/PTN/KIF20B/CDCA8/CIT/PDGFA/RACGAP1/CDC6/AURKB/FGFR2/KIF23/BIRC5/DRD2/KIF14/FGF1/TGFA/SHH/THBS4/PDGFB/ECT2/INCENP/TGFB3/SVIL/PROK1/PKP4/FGF7/IL1B,27
BP,GO:0099505,regulation of presynaptic membrane potential,13/2408,30/18888,3.288756504227676e-5,0.0011148515026129099,9.313929567561407e-4,KCNC1/GRIA1/GRIK3/GRIA3/KCNJ9/KCNJ11/GRIK4/GRIN2D/SCN1A/KCNMB4/KCNA1/GRIK2/GRIN2B,13
BP,GO:1901978,positive regulation of cell cycle checkpoint,10/2408,19/18888,3.433814002679987e-5,0.0011575214353168179,9.67041179584502e-4,MAD2L1/CDCA8/NDC80/AURKB/XRCC3/BIRC5/KNL1/INCENP/MAP3K20/GEN1,10
BP,GO:0000724,double-strand break repair via homologous recombination,42/2408,176/18888,3.617796969850705e-5,0.0012102259594986451,0.0010110727142750749,RMI2/UHRF1/MCM4/CDC45/MCM3/RAD54L/RAD51/MCM6/FEN1/MCM2/XRCC2/BRCA2/GINS4/AUNIP/MCM5/XRCC3/RFWD3/RAD51AP1/BLM/TIMELESS/CHEK1/GINS2/AP5S1/MCM8/RBBP8/BRCA1/FANCB/MMS22L/ACTL6A/AP5Z1/CDC7/POLQ/POLL/NABP1/FANCM/RECQL5/RMI1/PARPBP/FIGNL1/GEN1/POLN/REC8,42
BP,GO:0050919,negative chemotaxis,17/2408,47/18888,3.630276742944229e-5,0.0012102259594986451,0.0010110727142750749,SEMA5B/DPP4/PDGFA/NTN1/SEMA6B/SEMA3A/SLIT3/SEMA6C/LGR6/EFNA5/SEMA6D/SEMA6A/SEMA7A/NRP2/EPHA7/SLIT2/ROBO2,17
BP,GO:0032392,DNA geometric change,25/2408,85/18888,3.7587512997342954e-5,0.001246170623219601,0.0010411023698338657,TOP2A/MCM4/CDC45/MCM3/DSCC1/GINS1/RAD51/MCM6/RFC3/MCM2/HMGA1/HMGB2/GINS4/MCM5/RFC5/BLM/GINS2/MCM8/RFC4/POLQ/DNA2/FANCM/RECQL5/BRIP1/ZGRF1,25
BP,GO:0002062,chondrocyte differentiation,31/2408,116/18888,3.809756208010309e-5,0.0012561786316466778,0.0010494634731182842,ECM1/SULF2/EFEMP1/SFRP2/HMGA2/WNT9A/BMP2/COL3A1/NPPC/LTBP3/CCN3/CHSY1/SOX6/PKDCC/FOSL2/MAF/ZNF219/CHADL/LOXL2/PTHLH/CCN4/SCX/IFT80/HIF1A/ADAMTS12/FGFR3/CREB3L2/CYTL1/FGF18/BMP6/COMP,31
BP,GO:0001764,neuron migration,43/2408,183/18888,4.354952688877147e-5,0.0014281404632980816,0.0011931274843840192,ASCL1/CXCR4/ITGA3/DCX/GPM6A/KIF20B/AXL/ADGRG1/DCLK1/WDR62/ARX/COL3A1/LHX6/GPR173/TNN/NTN1/NRP1/FGF13/MATN2/GATA3/SEMA3A/FOXG1/DRD2/NTNG2/NR2F2/DCDC2/FBXO45/NTRK2/SEMA6A/NDE1/NRP2/ASPM/NRCAM/DNER/SPOCK1/CCK/NTNG1/CHL1/DNAAF4/CDK5R2/IGSF10/FAT3/EVX1,43
BP,GO:1900046,regulation of hemostasis,22/2408,71/18888,4.500267992988041e-5,0.0014678171389021534,0.0012262750166952905,SERPINE1/PLAUR/ADAMTS18/EMILIN1/PROS1/PDGFA/EMILIN2/PRKCD/PLAU/APOE/SH2B3/PDGFB/F3/PLAT/TSPAN8/CEACAM1/UBASH3B/SERPINF2/F2RL1/HPSE/PROC/COMP,22
BP,GO:0031055,chromatin remodeling at centromere,7/2408,10/18888,4.57927061414728e-5,0.0014776106356023896,0.0012344569080299085,HJURP/CENPA/CENPN/CENPI/MIS18A/CENPW/OIP5,7
BP,GO:0034080,CENP-A containing chromatin assembly,7/2408,10/18888,4.57927061414728e-5,0.0014776106356023896,0.0012344569080299085,HJURP/CENPA/CENPN/CENPI/MIS18A/CENPW/OIP5,7
BP,GO:0048864,stem cell development,25/2408,86/18888,4.66446688352153e-5,0.0014903173484093065,0.0012450726203325313,SOX8/SEMA5B/KITLG/SEMA6B/NRP1/EDNRB/SEMA3A/EFNB1/SEMA6C/LAMA5/SHH/SMO/CORO1C/SEMA6D/NOLC1/SEMA6A/SEMA7A/NRP2/NRTN/GBX2/RET/HIF1A/RADIL/GDNF/FOLR1,25
BP,GO:1904029,regulation of cyclin-dependent protein kinase activity,24/2408,81/18888,4.6751268688546686e-5,0.0014903173484093065,0.0012450726203325313,CDKN3/TTBK1/CCNB1/PLK1/CCNB2/CCNF/CCNE2/CDC25A/CCNA2/CDC6/GADD45A/CCND1/BLM/CDKN1A/PKMYT1/NR2F2/CDC25C/HERC5/IPO7/MAPRE3/IPO5/CCNP/CDK5R2/INCA1,24
BP,GO:0051347,positive regulation of transferase activity,75/2408,376/18888,4.692746042389265e-5,0.0014903173484093065,0.0012450726203325313,AGT/MET/PKIB/EFNA1/TPX2/PLAAT4/HMGA2/AXL/AGAP2/MAP3K12/TTBK1/PLK1/ROR1/DSCC1/CHI3L1/CENPE/PDGFA/MYC/EPHA4/CD74/CLSPN/LRP8/PRKCD/CALM1/RFC3/TRIB3/NEK2/PDGFRB/AURKB/FGFR2/ARRDC3/DKC1/PCNA/UBE2C/CCND1/RFC5/APOE/IL6R/KIF14/CDKN1A/FGF1/CIMAP3/RFC4/CSF1R/TAOK3/SRCIN1/BORA/PDGFB/PRIM2/GPRC5B/ECT2/EPHA2/MT3/TPD52L1/CDC20/MAPRE3/CARD14/NTRK2/MAGEC2/PTK2B/RASSF2/HLA-DRB1/EEF1A2/PIH1D1/GHR/RET/UBE2S/ADRA2A/FGFR3/CEMIP/IQGAP1/FGF18/MAP3K5/IL1B/MAPK15,75
BP,GO:0021953,central nervous system neuron differentiation,42/2408,178/18888,4.7924819414804534e-5,0.0015140228290519925,0.0012648771572196138,ASCL1/BTG2/PRDM8/DCLK2/DRAXIN/EPHB1/DCLK1/ARX/EPHA4/HPRT1/NOVA2/LHX6/NRP1/FGFR2/EPHB3/OLIG2/FOXG1/FAIM2/TCTN1/DRD2/ARHGEF28/B4GALT6/CSF1R/ELAVL4/SHH/SMO/CEND1/HES5/FBXO45/SHANK3/SCN1B/NTRK2/NRP2/OPHN1/PTCH1/CHRNB2/SKOR2/SLIT2/SPOCK1/OTP/GBX2/DYNC2H1,42
BP,GO:0035640,exploration behavior,14/2408,35/18888,4.8535527851518566e-5,0.0015210626661530265,0.0012707585276776937,NOG/ITGA3/ATP1A2/ABTB3/NDP/ABAT/DPP4/APOE/GAD1/UBE3A/JPH3/NAGLU/CHL1/TNR,14
BP,GO:0007611,learning or memory,59/2408,278/18888,4.8651822102673865e-5,0.0015210626661530265,0.0012707585276776937,FOS/FOSL1/NOG/ITGA3/SLC1A1/ATP1A2/C1QL1/BTG2/ITGA5/NLGN3/PTN/MAP1A/ADCY1/TTBK1/SGK1/S100B/KCNK10/GRIA1/PPP1R1B/NRXN2/LDLR/FEN1/FGF13/GPR88/ADCY3/ITPR3/APOE/SERPINF1/DRD2/CNR1/MAPK8IP2/ABCA7/CALB1/ELAVL4/NDRG4/ABCC8/EN1/UBE3A/B3GAT1/SHANK3/NTRK2/JPH3/FZD9/SLC7A11/SLC12A5/CLN3/CHRNB2/PTCHD1/HIF1A/PRKCG/TMOD2/KCNK2/CSMD1/TANC1/TNR/DNAAF4/PRKAR2B/GRIN2B/ADGRF1,59
BP,GO:0006935,chemotaxis,89/2408,466/18888,5.303699162862438e-5,0.0016496144715830903,0.001378156011445915,FOSL1/CXCR4/MET/SERPINE1/CCL2/PLAUR/L1CAM/SEMA5B/PTN/NOD2/ENPP2/ACKR3/EPHB1/ANOS1/DPP4/PLP2/PDGFA/CD74/PTGDR2/NOVA2/PRKCD/NTN1/SEMA6B/NRP1/CCN3/PDGFRB/PLAU/HMGB2/PLXNB3/EDNRB/RIN3/SEMA3A/SLIT3/SCG2/CXADR/ITGA1/IL6R/STX3/FGF1/HSD3B7/ADGRE2/SEMA6C/LGR6/PLA2G6/CSF1R/CDH13/THBS4/PDGFB/F3/CH25H/CMTM5/EPHA2/ITGA9/MCU/PTPRJ/EFNA5/SEMA6D/HOXB9/CCL25/PTK2B/SEMA6A/SEMA7A/MSMP/VAV3/NRP2/IL17RC/EPHA7/CMTM7/SLIT2/PDE4B/ROBO2/SWAP70/CXCL8/ACKR2/LYN/FGF7/CMKLR1/S100A8/FGF18/C5AR1/RAC2/VCAM1/F2RL1/IL1B/GDNF/CXCL10/IL16/LOX/LSP1,89
BP,GO:0010639,negative regulation of organelle organization,73/2408,365/18888,5.3797633274011166e-5,0.0016646918932070943,0.0013907523117367853,APC2/MET/TPX2/TRIP13/TOP2A/MAD2L1/DIAPH3/HASPIN/CLIP3/CDCA8/CCNB1/PLK1/ZWINT/BUB1/NUF2/CCNF/LIF/NDC80/TTK/PRKCD/ESPL1/MYADM/FBXO5/FGF13/AURKB/SPTB/XRCC3/BIRC5/IQCJ-SCHIP1/KNL1/CHEK1/TBC1D4/FHOD3/BUB1B/BRCA1/CENPF/HIP1R/INCENP/PATL2/SHANK3/ZWILCH/CDC20/RHPN1/TMOD4/TMOD1/PHLDB2/SPDL1/AVIL/CCP110/SSH3/SPC24/SVIL/SPC25/FZD9/ADD2/ANKRD27/CARMIL1/CKAP2/KNTC1/NUPR1/KANK3/GEN1/KANK4/SLIT2/CEP97/FBXO43/PICK1/SWAP70/F11R/TMOD2/LMOD1/MYOC/TACSTD2,73
BP,GO:0071900,regulation of protein serine/threonine kinase activity,57/2408,267/18888,5.454348094166728e-5,0.0016791600204184712,0.0014028395823289183,AGT/PKIB/HMGA2/SPRY4/CDKN3/MAP3K12/CCNB1/PLK1/CCNB2/BMP2/CCNF/CCNE2/CDC25A/PDGFA/MAPK8IP1/CCNA2/PRKCD/CALM1/TRIB3/CDC6/PDGFRB/MST1/GADD45A/SPRY1/CCND1/APOE/BLM/CDKN1A/PKMYT1/FGF1/NR2F2/RGS2/TAOK3/TRIB1/CDC25C/PDGFB/PAQR3/HERC5/SPRY2/TPD52L1/PTPRJ/IPO7/MAPRE3/IPO5/SLC8A1/CCNP/PIH1D1/GHR/ADRA2A/CEMIP/LYN/FGF18/MAP3K5/PRKAR2B/CDK5R2/IL1B/INCA1,57
BP,GO:0007015,actin filament organization,89/2408,467/18888,5.7493618201420597e-5,0.001760997422473969,0.0014712099255495764,ELMO1/MET/GDPD2/ARHGAP25/HSP90B1/RGS4/CDC42EP3/DIAPH3/TPM4/XIRP1/ACTN2/ARF6/IQGAP3/RND2/PRKCD/MYADM/SHROOM2/NRP1/WNT11/PLS1/TPM3/LIMCH1/SPTB/TAGLN3/ARHGEF10L/ACTN1/ARHGAP18/RHOJ/TF/SORBS1/FHOD3/PTGER4/HIP1R/PAK3/CFL2/CYFIP2/RND3/CYRIA/CORO1C/S100A10/SHANK3/CARMIL3/RHPN1/TMOD4/TMOD1/PHLDB2/TGFB3/AVIL/LIMD2/SSH3/PTK2B/PPARGC1B/GAS2L3/FAM107A/SVIL/ELN/ADD2/CARMIL1/MTSS1/MICAL2/KIRREL1/SHROOM3/KANK3/KANK4/SLIT2/IQGAP2/TLE6/SHROOM4/MYO1F/LCP1/PICK1/SWAP70/CORO7/F11R/PDLIM1/FSCN2/TMOD2/LMOD1/IQGAP1/PPM1E/SYNPO2L/SERPINF2/MYOC/FMN1/RAC2/TACSTD2/PIK3R2/F2RL1/FMN2,89
BP,GO:0042330,taxis,89/2408,468/18888,6.2293720972463e-5,0.0018983854158981905,0.0015859895254498953,FOSL1/CXCR4/MET/SERPINE1/CCL2/PLAUR/L1CAM/SEMA5B/PTN/NOD2/ENPP2/ACKR3/EPHB1/ANOS1/DPP4/PLP2/PDGFA/CD74/PTGDR2/NOVA2/PRKCD/NTN1/SEMA6B/NRP1/CCN3/PDGFRB/PLAU/HMGB2/PLXNB3/EDNRB/RIN3/SEMA3A/SLIT3/SCG2/CXADR/ITGA1/IL6R/STX3/FGF1/HSD3B7/ADGRE2/SEMA6C/LGR6/PLA2G6/CSF1R/CDH13/THBS4/PDGFB/F3/CH25H/CMTM5/EPHA2/ITGA9/MCU/PTPRJ/EFNA5/SEMA6D/HOXB9/CCL25/PTK2B/SEMA6A/SEMA7A/MSMP/VAV3/NRP2/IL17RC/EPHA7/CMTM7/SLIT2/PDE4B/ROBO2/SWAP70/CXCL8/ACKR2/LYN/FGF7/CMKLR1/S100A8/FGF18/C5AR1/RAC2/VCAM1/F2RL1/IL1B/GDNF/CXCL10/IL16/LOX/LSP1,89
BP,GO:0001656,metanephros development,26/2408,93/18888,6.896762979923984e-5,0.002080753391043066,0.001738347258466103,ID3/SOX8/KIF26B/CD34/LIF/PDGFA/MYC/PDGFRB/SPRY1/POU3F3/CALB1/SHH/SMO/PDGFB/TFAP2B/HES5/FOXJ1/CITED1/PAX8/AQP1/PTCH1/ROBO2/RET/FMN1/GDNF/WT1,26
BP,GO:0032465,regulation of cytokinesis,26/2408,93/18888,6.896762979923984e-5,0.002080753391043066,0.001738347258466103,AURKA/KIF20B/CDCA8/PLK1/CIT/E2F7/RACGAP1/CALM1/MAP9/BRCA2/CDC6/AURKB/KIF23/PRC1/KIF20A/BIRC5/DRD2/KIF14/E2F8/ECT2/INCENP/CCP110/SVIL/PKP4/AHCTF1/RAB11FIP4,26
BP,GO:0007189,adenylate cyclase-activating G protein-coupled receptor signaling pathway,38/2408,158/18888,6.955102851441769e-5,0.0020852775749078054,0.0017421269483860722,ADRA1B/ADCY1/ADGRG1/ADM/GPR3/ABCA1/ADCY5/ARRDC3/ADGRE5/ADCY3/DRD2/CNR1/ADGRE2/S1PR3/ADGRF3/ADGRB1/MC5R/PTGER4/GPER1/PTHLH/RAMP3/ADRA1D/GIPR/APLP1/GPR157/GPR12/ADCY7/RAMP1/ADM2/PDE4B/LGR5/LPAR2/ADRA2A/ADGRG6/ADCY2/CXCL10/ADGRG2/ADGRF1,38
BP,GO:0006302,double-strand break repair,64/2408,312/18888,7.00332137388263e-5,0.0020852775749078054,0.0017421269483860722,RMI2/UHRF1/TRIP13/HMGA2/MCM4/FOXM1/CDC45/PLK1/MCM3/RAD54L/FANCD2/EME1/RAD51/CDCA5/MCM6/ESCO2/FEN1/DEK/MCM2/XRCC2/BRCA2/HMGB2/GINS4/AUNIP/MCM5/XRCC3/RFWD3/RAD51AP1/BLM/TIMELESS/CHEK1/GINS2/SMARCE1/AP5S1/DCLRE1B/TDP1/MCM8/RBBP8/BRCA1/FANCB/MMS22L/ACTL6A/AP5Z1/CDC7/POLQ/POLL/NABP1/DNA2/FANCM/RECQL5/RMI1/PARPBP/NSD2/BRIP1/ZCWPW1/FIGNL1/GEN1/PRKDC/ZGRF1/C14orf39/MPND/POLN/FMN2/REC8,64
BP,GO:0000281,mitotic cytokinesis,25/2408,88/18888,7.084552582964868e-5,0.0020852775749078054,0.0017421269483860722,KIF20B/CDCA8/CENPA/PLK1/CIT/IQGAP3/RACGAP1/ESPL1/CEP55/MAP9/AURKB/ANLN/KIF23/KIF4A/KIF20A/BIRC5/ANK3/SEPTIN6/KIF4B/ECT2/INCENP/CKAP2/IQGAP2/IQGAP1/CHMP4A,25
BP,GO:0033627,cell adhesion mediated by integrin,25/2408,88/18888,7.084552582964868e-5,0.0020852775749078054,0.0017421269483860722,ITGA3/SERPINE1/ITGB4/SFRP2/EFNA1/ITGA5/EMILIN1/NPNT/DPP4/LIF/EMILIN2/CCN3/ADA/COL16A1/PLAU/ITGA1/EPHA2/ITGA9/ITGA6/MUC1/PODXL/SWAP70/RET/LYN/MMRN1,25
BP,GO:0044774,mitotic DNA integrity checkpoint signaling,25/2408,88/18888,7.084552582964868e-5,0.0020852775749078054,0.0017421269483860722,DTL/ORC1/CDK1/CDK2/PLK1/FANCD2/EME1/E2F7/GTSE1/CLSPN/CDC6/TICRR/STK33/RFWD3/CCND1/BLM/CDKN1A/CHEK1/RPS27L/TAOK3/BRCA1/MAP3K20/MUC1/MDC1/PRKDC,25
BP,GO:0051315,attachment of mitotic spindle microtubules to kinetochore,11/2408,24/18888,7.149516394340118e-5,0.0020941835885169065,0.0017495673997186933,SKA1/KIF2C/CDCA8/NUF2/SKA3/CENPE/CDT1/NDC80/AURKB/BIRC5/INCENP,11
BP,GO:0000079,regulation of cyclin-dependent protein serine/threonine kinase activity,23/2408,78/18888,7.250838691623335e-5,0.0021136019645050822,0.0017657903124426214,CDKN3/CCNB1/PLK1/CCNB2/CCNF/CCNE2/CDC25A/CCNA2/CDC6/GADD45A/CCND1/BLM/CDKN1A/PKMYT1/NR2F2/CDC25C/HERC5/IPO7/MAPRE3/IPO5/CCNP/CDK5R2/INCA1,23
BP,GO:0045859,regulation of protein kinase activity,89/2408,470/18888,7.302128199740274e-5,0.002118319305636193,0.0017697313739147862,AGT/GPRC5A/PKIB/EFNA1/TPX2/HMGA2/SPRY4/CDKN3/TSPYL2/AGAP2/MAP3K12/TTBK1/CCNB1/PLK1/CCNB2/BMP2/CHI3L1/CCNF/CCNE2/CDC25A/CENPE/PDGFA/MAPK8IP1/EPHA4/CCNA2/CLSPN/LRP8/PRKCD/CALM1/TRIB3/ERRFI1/CDC6/PDGFRB/MST1/GADD45A/SPRY1/CCND1/APOE/IL6R/BLM/KIF14/CDKN1A/PKMYT1/FGF1/NR2F2/RGS2/CSF1R/TAOK3/TRIB1/SRCIN1/BORA/CDC25C/PDGFB/PAQR3/HERC5/GPRC5B/CEP85/ECT2/MT3/SPRY2/TPD52L1/CORO1C/PTPRJ/IPO7/MAPRE3/CARD14/PTK2B/IPO5/RASSF2/SLC8A1/FIRRM/CCNP/CEACAM1/PIH1D1/UBASH3B/GHR/CBLB/ADRA2A/CEMIP/LYN/IQGAP1/PPM1E/FGF18/C5AR1/MAP3K5/PRKAR2B/CDK5R2/IL1B/INCA1,89
BP,GO:0007127,meiosis I,33/2408,131/18888,7.822718889116632e-5,0.00225848257305884,0.0018868295522528103,AURKA/TRIP13/TOP2A/PLK1/CCNB2/ZWINT/RAD54L/FANCD2/CCNE2/EME1/RAD51/NDC80/ESPL1/MYBL1/FBXO5/BRCA2/PSMC3IP/RAD51AP1/KNL1/HSPA2/PTTG2/FANCM/PTTG1/PTTG3P/RMI1/BRIP1/NDC1/ZCWPW1/MAEL/C14orf39/FMN2/REC8/SYCP2,33
BP,GO:0070371,ERK1 and ERK2 cascade,67/2408,332/18888,8.068199824864631e-5,0.0023182627496777706,0.0019367723790113642,DUSP5/CCL2/DUSP6/FAM83D/CDK1/EMILIN1/NOD2/NDRG2/MAP3K12/ACKR3/EPHB1/NPNT/BMP2/CHI3L1/LIF/PDGFA/IQGAP3/MYC/EPHA4/CD74/NRP1/PDGFRB/FGFR2/DUSP9/SPRY1/DUSP4/APOE/DRD2/FGF1/ABCA7/AKAP12/TF/CSF1R/GCNT2/PDGFB/PTGER4/NDRG4/EPHA2/MT3/GPER1/SPRY2/GRB10/MTURN/ZFP36L2/P2RY1/RAMP3/FGF21/CCL25/PTK2B/FBLN1/SEMA6A/SEMA7A/BMPER/HLA-DRB1/EPHA7/CEACAM1/PKHD1/TNFAIP8L3/ACTA2/FGFR3/LYN/EPO/FGF18/SERPINF2/C5AR1/F2RL1/IL1B,67
BP,GO:0000910,cytokinesis,43/2408,188/18888,8.489752179535627e-5,0.0024097931024822197,0.0020132406133292658,AURKA/KIF20B/CDCA8/CENPA/PLK1/CIT/E2F7/IQGAP3/MYH9/RACGAP1/CALM1/ESPL1/CEP55/MAP9/BRCA2/CDC6/AURKB/ANLN/KIF23/PRC1/KIF4A/KIF20A/BIRC5/DRD2/ANK3/KIF14/SEPTIN6/KIF4B/ANXA11/E2F8/SEPTIN11/ECT2/INCENP/CCP110/SVIL/PKP4/AHCTF1/CKAP2/IQGAP2/IQGAP1/CHMP4A/RAB11FIP4/FMN2,43
BP,GO:0042770,signal transduction in response to DNA damage,43/2408,188/18888,8.489752179535627e-5,0.0024097931024822197,0.0020132406133292658,PMAIP1/NDRG1/DTL/CDK1/FOXM1/SOX4/CDK2/PLK1/FANCD2/EME1/RAD51/E2F7/GTSE1/CD74/CLSPN/E2F1/HIC1/WDR76/BRCA2/ING4/GADD45A/TICRR/STK33/MAP2K6/RFWD3/CCND1/BLM/CDKN1A/ATAD5/CHEK1/RPS27L/TAOK3/BRCA1/BARD1/MAP3K20/FBXO6/PAXIP1/DYRK3/MUC1/BRIP1/SNAI1/MDC1/PRKDC,43
BP,GO:0045926,negative regulation of growth,53/2408,247/18888,8.50656166438039e-5,0.0024097931024822197,0.0020132406133292658,NOG/SFRP2/RGMA/SEMA5B/RGS4/DRAXIN/TSPYL2/CRYAB/GDF15/NTN1/SEMA6B/WWC1/SPP1/NRP1/CCN3/WNT11/FGF13/MT1X/ING4/PRDM11/ENPP1/SEMA3A/ARHGAP4/SLIT3/CDKN1A/STC2/CDHR2/SEMA6C/RGS2/GNG4/BRCA1/FRZB/MT3/PTPRJ/WWC3/SEMA6D/SEMA6A/FSTL4/SEMA7A/CRLF3/EPHA7/PTCH1/DNAJB2/SLIT2/BCL6/CDH1/HIF1A/MIR17HG/FGFR3/KCNK2/TNR/WT1/WWC2,53
BP,GO:0030856,regulation of epithelial cell differentiation,40/2408,171/18888,8.782935064307179e-5,0.0024764593541135287,0.0020689363513510615,ASCL1/ETV4/SFRP4/ATOH8/SERPINE1/DLL1/PLAAT4/BMP2/LIF/MYCL/HEY2/ERRFI1/GATA3/SPRY1/CCND1/TMEM100/MMP9/S1PR3/SMO/FRZB/HES5/FOXJ1/SPRY2/XDH/VDR/IPO7/PAX8/CD109/PTCH2/PTCH1/CEACAM1/MAFF/F11R/BMP6/AQP3/ESRP1/PRKCH/IL1B/GDNF/PROC,40
BP,GO:0072210,metanephric nephron development,15/2408,41/18888,8.896908624745238e-5,0.0024855474607416114,0.0020765289307069722,SOX8/KIF26B/CD34/LIF/PDGFRB/SMO/PDGFB/TFAP2B/HES5/PAX8/AQP1/RET/FMN1/GDNF/WT1,15
BP,GO:0030193,regulation of blood coagulation,21/2408,69/18888,8.900656924837474e-5,0.0024855474607416114,0.0020765289307069722,SERPINE1/PLAUR/ADAMTS18/EMILIN1/PROS1/PDGFA/EMILIN2/PRKCD/PLAU/APOE/SH2B3/PDGFB/F3/PLAT/TSPAN8/CEACAM1/UBASH3B/SERPINF2/F2RL1/HPSE/PROC,21
BP,GO:1900047,negative regulation of hemostasis,17/2408,50/18888,8.950277003036217e-5,0.0024855474607416114,0.0020765289307069722,SERPINE1/PLAUR/ADAMTS18/PROS1/PDGFA/PRKCD/PLAU/APOE/SH2B3/PDGFB/PLAT/TSPAN8/CEACAM1/UBASH3B/SERPINF2/PROC/COMP,17
BP,GO:0055002,striated muscle cell development,23/2408,79/18888,9.008457739228352e-5,0.0024855474607416114,0.0020765289307069722,SDC1/PGM5/ACTN2/KRT8/PDGFRB/FHOD3/MYBPC2/KLHL41/CFL2/TMOD4/TMOD1/MYH11/MYH7/MYH3/CSRP3/TMOD2/LMOD1/MYOZ2/LDB3/SYNPO2L/CASQ1/TNNT3/MYPN,23
BP,GO:0050818,regulation of coagulation,22/2408,74/18888,9.021128503520267e-5,0.0024855474607416114,0.0020765289307069722,SERPINE1/PLAUR/ADAMTS18/EMILIN1/PROS1/PDGFA/EMILIN2/PRKCD/PLAU/APOE/SH2B3/PDGFB/F3/PROCR/PLAT/TSPAN8/CEACAM1/UBASH3B/SERPINF2/F2RL1/HPSE/PROC,22
BP,GO:0010001,glial cell differentiation,55/2408,260/18888,9.440790839641342e-5,0.0025893514511998116,0.0021632510684709274,GFAP/ASCL1/NOG/CXCR4/NCAN/ID2/NDRG1/SOX8/BCAN/ITGB4/DLL1/PRDM8/PLP1/CDK1/PTN/SOX4/TTBK1/ROR1/BMP2/NDP/LIF/EPHA4/LDLR/KCNJ10/GPM6B/OLIG2/GPR37L1/SOX6/TNFRSF1B/POU3F1/B4GALT6/SHH/SMO/CSPG5/HES5/CRB1/NTRK2/TPPP/TNFRSF21/DUSP15/GPR157/HDAC11/NAGLU/DNER/DTX1/PICK1/LYN/MXRA8/ACAN/S100A8/C5AR1/MYOC/ADGRG6/IL1B/LAMC3,55
BP,GO:0090266,regulation of mitotic cell cycle spindle assembly checkpoint,10/2408,21/18888,1.0286440859203505e-4,0.002795873159659187,0.002335787827156263,MAD2L1/CDCA8/CCNB1/NDC80/AURKB/XRCC3/BIRC5/KNL1/INCENP/GEN1,10
BP,GO:1903504,regulation of mitotic spindle checkpoint,10/2408,21/18888,1.0286440859203505e-4,0.002795873159659187,0.002335787827156263,MAD2L1/CDCA8/CCNB1/NDC80/AURKB/XRCC3/BIRC5/KNL1/INCENP/GEN1,10
BP,GO:0001658,branching involved in ureteric bud morphogenesis,19/2408,60/18888,1.0544371825551106e-4,0.0028531273361154874,0.0023836203291274127,AGT/NOG/SOX8/NPNT/BMP2/MYC/HS3ST3A1/FGF1/LAMA5/SHH/SMO/TMEM59L/CITED1/PAX8/PTCH1/HOXB7/TACSTD2/GDNF/WT1,19
BP,GO:0051298,centrosome duplication,22/2408,75/18888,1.1245767446532271e-4,0.0030293286059096306,0.0025308261419851054,CDK2/WDR62/CCNF/PLK4/NDC80/BRCA2/XRCC3/CEP152/BRCA1/CEP85/POC1B/CCDC57/CEP72/CCP110/CENPJ/RTTN/NDE1/STIL/CEP44/CKAP5/GEN1/PKHD1,22
BP,GO:0010810,regulation of cell-substrate adhesion,48/2408,221/18888,1.3199718464792322e-4,0.003539871165180305,0.002957354466801891,ITGA3/SERPINE1/ITGA5/HAS2/EMILIN1/SPRY4/COL8A1/NPNT/MYADM/NRP1/COL1A1/COL16A1/PLAU/GPM6B/LIMCH1/FBLN2/POSTN/NID1/CDH13/GCNT2/PDGFB/CSPG5/CORO1C/S100A10/ITGA6/PTPRJ/EFNA5/PHLDB2/CCL25/PTK2B/FBLN1/FAM107A/EFEMP2/RIN2/COL26A1/CARMIL1/SPOCK1/PKHD1/BCL6/FUT1/RREB1/MACF1/APOD/MYOC/FMN1/RAC2/TACSTD2/ONECUT1,48
BP,GO:0030199,collagen fibril organization,20/2408,66/18888,1.388566454294655e-4,0.003691017614631695,0.0030836284486979375,SFRP2/EMILIN1/COL3A1/COL1A1/COLGALT1/FMOD/COL1A2/ADAMTS3/CHADL/LOXL2/SCX/LUM/AEBP1/EFEMP2/LOXL3/COL28A1/ADAMTS12/SERPINF2/LOX/COMP,20
BP,GO:0050771,negative regulation of axonogenesis,20/2408,66/18888,1.388566454294655e-4,0.003691017614631695,0.0030836284486979375,RGMA/SEMA5B/DRAXIN/NTN1/SEMA6B/SPP1/NRP1/FGF13/SEMA3A/ARHGAP4/EFNB3/SEMA6C/MT3/SEMA6D/SEMA6A/FSTL4/SEMA7A/EPHA7/CDH1/TNR,20
BP,GO:0044703,multi-organism reproductive process,45/2408,204/18888,1.4490993716010517e-4,0.0038350287755441865,0.0032039413160652986,FOS/FOSL1/ITGA3/ITGB4/ITGA5/PTN/SLC2A1/NDP/ADM/LIF/SLC38A3/ERRFI1/SPP1/COL16A1/HMX3/TRO/GJB2/TCF23/CLDN4/STC2/TEAD4/CNR1/JUNB/NR2F2/MMP9/RGS2/TPPP3/STC1/SLC38A1/ABCC8/DSG2/PTHLH/PZP/EPOR/VDR/TGFB3/AGO2/FBLN1/ADCY7/MAFF/TLE6/ADRA2A/EPO/CSMD1/IL1B,45
BP,GO:0009612,response to mechanical stimulus,47/2408,216/18888,1.4731560821567807e-4,0.0038816697815432376,0.0032429071374161446,FOS/FOSL1/CXCR4/ATP1A2/P2RX7/BTG2/TXNIP/KCNC1/PTN/SLC2A1/CHI3L1/KRT5/NRXN2/WNT11/COL1A1/CHRNA9/GADD45A/DRD2/USP53/BAG3/CHEK1/ADGRV1/POSTN/FAS/PTGER4/TMEM150C/SHANK3/P2RY1/TNC/SCX/PTK2B/AQP1/KCNJ2/SLC8A1/CASP1/PTCH1/SCN1A/PJVK/CSRP3/F11R/LRP11/KCNK2/KCNA1/BMP6/IL1B/CXCL10/STRC,47
BP,GO:0071103,DNA conformation change,25/2408,92/18888,1.551657508336324e-4,0.004070739741435382,0.0034008639850904602,TOP2A/MCM4/CDC45/MCM3/DSCC1/GINS1/RAD51/MCM6/RFC3/MCM2/HMGA1/HMGB2/GINS4/MCM5/RFC5/BLM/GINS2/MCM8/RFC4/POLQ/DNA2/FANCM/RECQL5/BRIP1/ZGRF1,25
BP,GO:1901890,positive regulation of cell junction assembly,28/2408,108/18888,1.5618787161163686e-4,0.004079816525128211,0.0034084471047989475,AGT/LRRN3/LRRC4B/NLGN3/EPHB1/NRP1/EPHB3/COL16A1/AGRN/CLSTN3/SLITRK3/THBS2/ADGRB1/SLITRK1/EPHA2/S100A10/PTPRJ/EFNA5/LRRTM2/NTRK2/LRRN1/LRRC24/IL1RAP/HOPX/SLITRK4/CLDN1/MYOC/FMN1,28
BP,GO:0045005,DNA-templated DNA replication maintenance of fidelity,18/2408,57/18888,1.654087386347965e-4,0.004302053141906733,0.0035941127464702376,EME1/RAD51/BRCA2/PCNA/RFWD3/BLM/TIMELESS/MCM8/RBBP8/BRCA1/MMS22L/BARD1/POLQ/POLD1/DNA2/FANCM/GEN1/TRAIP,18
BP,GO:0007612,learning,36/2408,153/18888,1.7048558833581494e-4,0.004415064549434795,0.0036885271404572743,FOS/FOSL1/NOG/SLC1A1/ATP1A2/C1QL1/BTG2/NLGN3/PTN/MAP1A/PPP1R1B/NRXN2/FGF13/GPR88/ADCY3/DRD2/MAPK8IP2/ABCA7/ELAVL4/NDRG4/ABCC8/EN1/UBE3A/B3GAT1/SHANK3/NTRK2/JPH3/SLC7A11/SLC12A5/CLN3/CHRNB2/HIF1A/CSMD1/TANC1/TNR/PRKAR2B,36
BP,GO:0090596,sensory organ morphogenesis,57/2408,278/18888,1.7165401749070407e-4,0.004416080720597399,0.003689376091785311,NOG/SOX8/SLC1A1/DLL1/EFEMP1/ZIC1/SOX4/SAMD11/COL8A1/WNT9A/EPHB1/NDP/BCAR3/OTX1/SHROOM2/NTN1/FGFR2/CHRNA9/HMX3/PLS1/GATA3/CRB2/FOXG1/HMX2/ROM1/GSC/CALB1/INSIG1/ZHX2/TFAP2B/FRZB/FZD2/ANKRD24/EPHA2/SPRY2/CRB1/PAX8/TFAP2A/NTRK2/DZANK1/AQP1/CABP4/TMIE/NAGLU/FBN2/RING1/GBX2/VAX2/MFSD2A/HIF1A/TECTA/FOXF2/FSCN2/WNT16/CYP26B1/FAT3/STRC,57
BP,GO:0030239,myofibril assembly,22/2408,77/18888,1.7198855971832757e-4,0.004416080720597399,0.003689376091785311,PGM5/ACTN2/KRT8/PDGFRB/FHOD3/MYBPC2/KLHL41/CFL2/TMOD4/TMOD1/MYH11/MYH7/MYH3/CSRP3/TMOD2/LMOD1/MYOZ2/LDB3/SYNPO2L/CASQ1/TNNT3/MYPN,22
BP,GO:0043410,positive regulation of MAPK cascade,88/2408,475/18888,1.7548150231278022e-4,0.0044866753599801515,0.0037483537670646946,CSPG4/CCL2/P2RX7/ADRA1B/EFNA1/NOD2/MAP3K12/ACKR3/NPNT/BMP2/CHI3L1/BCAR3/LIF/PDGFA/IQGAP3/MAPK8IP1/CD74/IGFBP3/GDF15/WWC1/NRP1/PDGFRB/FGFR2/GADD45A/DOK5/ANKRD6/IL11/SEMA3A/GPR37L1/MAP2K6/APOE/ITGA1/DRD2/MAPK8IP2/FGF1/ABCA7/TGFA/AKAP12/CSF1R/TAOK3/GCNT2/PDGFB/NDRG4/MT3/GPER1/SPRY2/TPD52L1/MTURN/P2RY1/RAMP3/PTPRJ/FGF21/XDH/TNIK/TGFB3/NTRK2/CCL25/PTK2B/PROK1/SEMA7A/RASSF2/BMPER/HLA-DRB1/SPHK1/EDA2R/TMEM106A/GHR/INAVA/TNFAIP8L3/ACTA2/RET/LPAR2/ADRA2A/FGFR3/IQGAP1/EPO/FGF18/FCGR2B/WNT16/SERPINF2/C5AR1/MYOC/DOK2/MAP3K5/JCAD/F2RL1/IL1B/PELI2,88
BP,GO:0032970,regulation of actin filament-based process,74/2408,385/18888,1.7810789032689998e-4,0.004534611857521158,0.003788401895516429,MET/ATP1A2/RGS4/CDC42EP3/ACTN2/ARF6/PDGFA/RND2/PDE4D/MYH9/PRKCD/MYADM/NRP1/WNT11/FGF13/PDGFRB/GPM6B/LIMCH1/SPTB/ARHGEF10L/ARHGAP18/FHOD3/CSF1R/STC1/PTGER4/HIP1R/ECT2/PAK3/CFL2/DSG2/CYFIP2/RND3/CYRIA/S100A10/SHANK3/CARMIL3/RHPN1/TMOD4/TMOD1/EFNA5/PHLDB2/TGFB3/AVIL/SSH3/PTK2B/FAM107A/SVIL/SCN5A/KCNJ2/SIGLEC15/ELN/ADD2/CARMIL1/MTSS1/KIRREL1/KANK3/KANK4/SLIT2/IQGAP2/PDE4B/PICK1/SWAP70/F11R/ACTA2/TMOD2/LMOD1/PPM1E/SYNPO2L/SERPINF2/MYOC/FMN1/TACSTD2/PIK3R2/F2RL1,74
BP,GO:0006271,DNA strand elongation involved in DNA replication,8/2408,15/18888,1.9286087912352855e-4,0.004889590523661224,0.004084965723673499,MCM4/MCM3/GINS1/RFC3/PCNA/POLD3/RFC4/DNA2,8
BP,GO:0043269,regulation of monoatomic ion transport,87/2408,470/18888,1.9614251470145163e-4,0.004951982986228281,0.0041370909619257955,ATP1B2/CXCR4/CCL2/ATP1A2/P2RX7/PLP1/KCNC1/RGS4/MCHR1/NLGN3/KCNN4/MAOB/ACTN2/MYLK/PDE4D/CACNB4/CALM1/NKAIN4/KCNJ10/FGF13/PDGFRB/ATP1A1/HAP1/KCNG1/DRD2/EFHB/ANK3/STC2/CNR1/TF/KCNIP2/SLC6A9/MMP9/NKAIN3/PDGFB/STC1/KCNIP3/BEST3/ABCC8/GPER1/KCNJ9/SHANK3/P2RY1/FXYD5/GSTM2/ATP2B1/KCNJ11/SCN1B/PTK2B/GABRE/CHRM1/SCN5A/KCNAB1/KCNJ2/JPH3/ATP8B1/SLC8A1/GRIN2D/CLIC2/JPH1/SCN4B/NOS1AP/SLN/GPR35/UBASH3B/PDE4B/ADRA2A/CEMIP/JPH2/LYN/ANTKMT/FXYD2/GAL/EPO/GJC2/CASQ1/GRAMD2A/GRIN2B/FXYD7/PCSK9/CXCL10/IL16/KCNJ16/STAC3/GRIN2C/AKAP6/KCNRG,87
BP,GO:0050819,negative regulation of coagulation,17/2408,53/18888,2.0168345437976447e-4,0.005048833976524794,0.004218004276394682,SERPINE1/PLAUR/ADAMTS18/PROS1/PDGFA/PRKCD/PLAU/APOE/SH2B3/PDGFB/PROCR/PLAT/TSPAN8/CEACAM1/UBASH3B/SERPINF2/PROC,17
BP,GO:0051963,regulation of synapse assembly,29/2408,115/18888,2.0248886680792182e-4,0.005048833976524794,0.004218004276394682,LRRN3/LRRC4B/NLGN3/EPHB1/ARF6/NTN1/EPHB3/AGRN/CLSTN3/EFNB3/SLITRK3/NTNG2/THBS2/ADGRB1/SLITRK1/EFNA5/LRRTM2/NTRK2/PTK2B/LRRN1/LRRC24/LHFPL4/EPHA7/CHRNB2/IL1RAP/ROBO2/RAB17/COLQ/SLITRK4,29
BP,GO:0099565,"chemical synaptic transmission, postsynaptic",29/2408,115/18888,2.0248886680792182e-4,0.005048833976524794,0.004218004276394682,P2RX7/RGS4/NLGN3/ABAT/CHRNA9/TMEM25/SLC29A1/DRD2/MAPK8IP2/STX1B/INSYN1/TMEM108/GLRA2/SHANK3/CHRNA5/PTK2B/GRIN2D/CHRNB2/P2RX6/INSYN2A/TRPV1/SYNE1/GRIK2/NPFF/CHRNE/GRIN2B/INSYN2B/GRIN2C/CHRFAM7A,29
BP,GO:0048638,regulation of developmental growth,65/2408,330/18888,2.1134288448345417e-4,0.005231717433811321,0.004370792664466692,NOG/CXCR4/DLL1/DUSP6/L1CAM/RGMA/SEMA5B/RGS4/CDK1/DRAXIN/ARX/NPPC/RND2/GDF15/NTN1/SEMA6B/HEY2/WWC1/SPP1/NRP1/FGF13/FGFR2/PLS1/CACNG7/AGRN/SEMA3A/ARHGAP4/APOE/DRD2/CDKN1A/STC2/FOSL2/CDH4/SEMA6C/RGS2/SOX15/SMO/CPNE5/MT3/CRABP2/EFNA5/WWC3/SEMA6D/SEMA6A/FSTL4/SEMA7A/NRCAM/EPHA7/PTCH1/MAEL/FOXS1/GHR/CDH1/MFSD2A/MIR17HG/GATA6/FGFR3/HOPX/COLQ/KCNK2/MACF1/TNR/WT1/WWC2/AKAP6,65
BP,GO:0061005,cell differentiation involved in kidney development,18/2408,58/18888,2.115576821097054e-4,0.005231717433811321,0.004370792664466692,CD34/LIF/EDNRB/GATA3/POU3F3/MMP9/SHH/SMO/PDGFB/FOXJ1/PAX8/MTSS1/PODXL/PTCH1/ACTA2/IQGAP1/GDNF/WT1,18
BP,GO:0019226,transmission of nerve impulse,21/2408,73/18888,2.1579473394839628e-4,0.0052931114822952156,0.004422083786387975,GRIA1/CACNB4/GPR88/CACNG7/ANK3/CACNG8/GPER1/SCN1B/NTRK2/NRCAM/SCN1A/SCN4B/KCNMB2/GPR35/KCNMB4/KCNA1/GRIK2/TNR/SCN8A/CHRM5/CACNA1I,21
BP,GO:0090307,mitotic spindle assembly,21/2408,73/18888,2.1579473394839628e-4,0.0052931114822952156,0.004422083786387975,TPX2/UHRF1/KIFC1/CDCA8/PLK1/MZT1/RACGAP1/MYBL2/MAP9/NEK2/AURKB/KIF23/PRC1/KIF4A/BIRC5/KIF11/KIF4B/INCENP/CDC20/CEP97/CHMP4A,21
BP,GO:0001893,maternal placenta development,13/2408,35/18888,2.1866380567437326e-4,0.005320231465480518,0.004444740939620432,PTN/NDP/LIF/SPP1/GJB2/TCF23/STC2/JUNB/NR2F2/TPPP3/STC1/EPOR/VDR,13
BP,GO:0019228,neuronal action potential,13/2408,35/18888,2.1866380567437326e-4,0.005320231465480518,0.004444740939620432,GRIA1/GPR88/ANK3/GPER1/SCN1A/SCN4B/KCNMB2/GPR35/KCNMB4/KCNA1/GRIK2/SCN8A/CACNA1I,13
BP,GO:0071526,semaphorin-plexin signaling pathway,15/2408,44/18888,2.220357848459425e-4,0.005380578015102076,0.0044951569377603825,MET/SEMA5B/PLXNB1/PLXNA2/SEMA6B/NRP1/PLXNB3/SEMA3A/SEMA6C/SEMA6D/NCAM1/SEMA6A/SEMA7A/NRP2/GDNF,15
BP,GO:0001667,ameboidal-type cell migration,91/2408,498/18888,2.2469529908903806e-4,0.005423245738813022,0.004530803315104856,AGT/ID1/ATOH8/ITGA3/MET/SOX8/ITGB4/EFNA1/SEMA5B/HAS2/PTN/AMOTL2/ENPP2/DPP4/ARF6/MYH9/KITLG/PIK3R3/SEMA6B/NRP1/CCN3/WNT11/ADAMTS9/ANLN/GADD45A/EDNRB/GATA3/CRB2/SEMA3A/ARHGAP4/SCG2/TNS1/APOE/SERPINF1/EFNB1/RHOJ/FGF1/PTP4A3/NR2F2/AKAP12/SEMA6C/MMP9/LAMA5/CDH13/SHH/SMO/PDGFB/STC1/ADGRB1/LOXL2/EPHA2/ARID5B/S100A2/CORO1C/SEMA6D/PAXIP1/AGO2/AKT3/PTK2B/EMC10/SEMA6A/AQP1/SEMA7A/SVBP/NRP2/BMPER/RIN2/NANOS1/SNAI1/CLN3/CEACAM1/SLIT2/NRTN/MARVELD3/GBX2/APPL1/PDLIM1/ACTA2/RET/HIF1A/RADIL/FUT1/RREB1/IQGAP1/MACF1/FGF7/FGF18/TACSTD2/JCAD/GDNF/FOLR1,91
BP,GO:0007596,blood coagulation,48/2408,226/18888,2.3068464670590214e-4,0.005545622144316389,0.004633041614906963,SERPINE1/PLAUR/ADAMTS18/EMILIN1/AXL/PROS1/COL3A1/PDGFA/EMILIN2/MYH9/ENTPD1/PRKCD/HGFAC/PLAU/APOE/ADAMTS13/METAP1/SHH/SH2B3/PDGFB/F3/ENTPD2/P2RY1/PROCR/CLIC1/PLAT/DGKB/FBLN1/VAV3/SLC7A11/TSPAN8/LMAN1/CEACAM1/TFPI2/UBASH3B/DGKH/DGKG/SVEP1/F11R/ADRA2A/LYN/DGKI/SERPINF2/F2RL1/HPSE/MMRN1/PROC/COMP,48
BP,GO:0003018,vascular process in circulatory system,56/2408,275/18888,2.3420931666571045e-4,0.005589599701180043,0.004669782280925846,AGT/ATP1B2/SLC1A1/ATP1A2/ADRA1B/SLC7A5/SLC2A1/ADM/NPPC/SLC38A3/SLC1A5/SCPEP1/SLC29A1/ABCC3/EDNRB/APOE/ITGA1/KCNMA1/HRH2/PTP4A3/AKAP12/SLC6A9/RGS2/SLC38A1/ABCC8/SLC7A1/GPER1/ITGA9/SLC44A1/P2RY1/SLC16A2/PTPRJ/ATP2B1/SLC7A2/ADRA1D/SLC2A10/TJP3/SLC8A1/SLC15A2/SLC5A3/CEACAM1/PLVAP/KCNMB2/SLIT2/GCH1/KCNMB4/MFSD2A/SVEP1/OCLN/ACTA2/ADRA2A/GRIP2/SERPINF2/BMP6/F2RL1/COMP,56
BP,GO:0030282,bone mineralization,31/2408,127/18888,2.343667093799388e-4,0.005589599701180043,0.004669782280925846,ECM1/P2RX7/PTN/BMP2/LTBP3/WNT11/FGFR2/GPM6B/ENPP1/PKDCC/FOSL2/COL1A2/ADGRV1/MGP/TENT5A/PTHLH/VDR/ATP2B1/TFAP2A/PTK2B/FZD9/SLC8A1/IFT80/SGMS2/FBN2/ALPL/HIF1A/FGFR3/BMP6/LOX/COMP,31
BP,GO:2000027,regulation of animal organ morphogenesis,24/2408,89/18888,2.3650464868197363e-4,0.005618382087193027,0.004693828274090227,AGT/NOG/SOX8/SFRP2/APCDD1/BMP2/CD34/PDGFA/GATA3/SPRY1/FGF1/SHH/SMO/FZD2/PAX8/HOXB7/PKHD1/ROBO2/FGF7/NTN4/TACSTD2/PAX9/GDNF/WT1,24
BP,GO:1901993,regulation of meiotic cell cycle phase transition,7/2408,12/18888,2.3913326795444015e-4,0.005658549564067027,0.004727385842038447,ZWINT/CDC25A/TTK/KNL1/PKMYT1/CDC25C/MAPK15,7
BP,GO:1902751,positive regulation of cell cycle G2/M phase transition,12/2408,31/18888,2.4242761761934255e-4,0.00567553941403186,0.0047415798638938255,DTL/CDK1/CCNB1/CDC25A/FBXO5/RRM1/CCND1/HSPA2/ATAD5/CDC25C/CDC7/DYRK3,12
BP,GO:1990806,ligand-gated ion channel signaling pathway,12/2408,31/18888,2.4242761761934255e-4,0.00567553941403186,0.0047415798638938255,PLP1/GRIA1/GRIK3/GRIA3/PTK2B/GRIK4/GRIN2D/CLN3/GRIK2/GRIA2/GRIN2B/GRIN2C,12
BP,GO:0051447,negative regulation of meiotic cell cycle,9/2408,19/18888,2.4267304753401058e-4,0.00567553941403186,0.0047415798638938255,TRIP13/ZWINT/NPPC/LIF/TTK/FBXO5/KNL1/PKMYT1/FBXO43,9
BP,GO:0030195,negative regulation of blood coagulation,16/2408,49/18888,2.4447638528236963e-4,0.0056956390300919625,0.004758371912689568,SERPINE1/PLAUR/ADAMTS18/PROS1/PDGFA/PRKCD/PLAU/APOE/SH2B3/PDGFB/PLAT/TSPAN8/CEACAM1/UBASH3B/SERPINF2/PROC,16
BP,GO:0001890,placenta development,35/2408,150/18888,2.474265098311887e-4,0.005723495448373702,0.004781644314195289,FOSL1/PTN/PLCD3/NDP/ADM/CCNF/LIF/E2F7/PLK4/KRT8/MDFI/ADAM19/HEY2/SPP1/ADA/FGFR2/GJB2/TCF23/HS6ST1/STC2/JUNB/NR2F2/SOCS3/E2F8/SOX15/TPPP3/PDGFB/STC1/EPOR/VDR/CITED1/DLX3/SNAI1/RBM15/HIF1A,35
BP,GO:0044773,mitotic DNA damage checkpoint signaling,23/2408,84/18888,2.4787838120055077e-4,0.005723495448373702,0.004781644314195289,DTL/CDK1/CDK2/PLK1/FANCD2/EME1/E2F7/GTSE1/CLSPN/TICRR/STK33/RFWD3/CCND1/BLM/CDKN1A/CHEK1/RPS27L/TAOK3/BRCA1/MAP3K20/MUC1/MDC1/PRKDC,23
BP,GO:0021782,glial cell development,32/2408,133/18888,2.4851770094032316e-4,0.005723495448373702,0.004781644314195289,GFAP/ASCL1/NDRG1/ITGB4/DLL1/PRDM8/PLP1/SOX4/TTBK1/ROR1/LDLR/KCNJ10/GPM6B/POU3F1/B4GALT6/SHH/SMO/CSPG5/HES5/NTRK2/TPPP/HDAC11/NAGLU/PICK1/LYN/MXRA8/S100A8/C5AR1/MYOC/ADGRG6/IL1B/LAMC3,32
BP,GO:1903035,negative regulation of response to wounding,26/2408,100/18888,2.5132864669127485e-4,0.0057662245404378415,0.0048173419611947784,SERPINE1/PLAUR/ADAMTS18/RGMA/PROS1/PDGFA/EPHA4/PRKCD/SPP1/PLAU/APOE/TAFA5/RTN4RL1/SH2B3/PDGFB/INPP5F/PHLDB2/PLAT/CD109/TSPAN8/CEACAM1/UBASH3B/SERPINF2/TNR/MMRN1/PROC,26
BP,GO:0010720,positive regulation of cell development,84/2408,454/18888,2.5439161687884995e-4,0.005814390213056744,0.004857581551964962,GFAP/ASCL1/FOS/CXCR4/NCAN/ID2/SOX8/BCAN/SLC7A5/ETV5/L1CAM/AURKA/PTN/AXL/SOX4/PNP/TTBK1/MAP6/WDR62/BMP2/LIF/RND2/EPHA4/NUMBL/CD74/PLXNB1/LRP8/KITLG/PLXNA2/XRCC2/NTN1/NRP1/ADA/XBP1/PLXNB3/GATA3/OLIG2/HAP1/MYB/FOXG1/SERPINF1/DRD2/TNFRSF1B/DCT/SMARCE1/CDH4/ITPKA/TRIB1/SHH/SMO/RASSF10/SLITRK1/ACTL6A/GPER1/CBFB/CRABP2/SHANK3/EFNA5/NTRK2/PPARGC1B/SEMA7A/SOCS1/HLA-DRB1/ASPM/ANKRD27/HLA-DRA/SLIT2/CD83/PRKDC/OTP/ROBO2/BCL6/PLXNC1/F11R/RET/HIF1A/LYN/MACF1/ACAN/GJC2/PLAG1/PRKCH/IL1B/PROC,84
BP,GO:0007599,hemostasis,49/2408,233/18888,2.55461349754746e-4,0.005816806733660896,0.004859600413010839,SERPINE1/PLAUR/ADAMTS18/EMILIN1/AXL/PROS1/COL3A1/PDGFA/EMILIN2/MYH9/ENTPD1/PRKCD/HGFAC/PLAU/APOE/ADAMTS13/METAP1/SHH/SH2B3/PDGFB/F3/ENTPD2/P2RY1/PROCR/CLIC1/PLAT/DGKB/FBLN1/NFE2/VAV3/SLC7A11/TSPAN8/LMAN1/CEACAM1/TFPI2/UBASH3B/DGKH/DGKG/SVEP1/F11R/ADRA2A/LYN/DGKI/SERPINF2/F2RL1/HPSE/MMRN1/PROC/COMP,49
BP,GO:0060348,bone development,46/2408,215/18888,2.5861913640917e-4,0.005866570936439594,0.0049011754818500805,SFRP4/ECM1/SULF2/HAS2/CSGALNACT1/BMP2/COL3A1/SPNS2/NPPC/PLXNB1/LTBP3/TNN/COL1A1/FGFR2/CHSY1/MAP2K6/FOSL2/SMAD1/DHRS3/STC1/INSIG1/PTGER4/CCN4/TGFB3/SCX/TFAP2A/RAB23/CHAD/XYLT1/NSD2/SIGLEC15/BGN/RANBP3L/IFT80/TTC9/HSD17B1/ALPL/GHR/ADAMTS12/FGFR3/FGF18/BMP6/MYOC/CYP26B1/LOX/COMP,46
BP,GO:0046058,cAMP metabolic process,10/2408,23/18888,2.619433090940571e-4,0.005919722573309141,0.004945580552932937,ADCY1/PDE4D/CACNB4/ADCY5/ADCY3/EPHA2/PTHLH/ADCY7/PDE4B/ADCY2,10
BP,GO:2000179,positive regulation of neural precursor cell proliferation,19/2408,64/18888,2.718251656418366e-4,0.006103475049482698,0.00509909495524879,ASCL1/NCAN/BCAN/ADGRG1/WDR62/GPR37L1/FOXG1/DRD2/DCT/SHH/SMO/RASSF10/FZD9/ASPM/OTP/HIF1A/LYN/ACAN/GJC2,19
BP,GO:0046683,response to organophosphorus,31/2408,128/18888,2.7209724698555615e-4,0.006103475049482698,0.00509909495524879,FOS/FOSL1/SDC1/P2RX7/HSP90B1/TYMS/NT5E/RFC3/AKR1C1/ERRFI1/COL1A1/ENPP1/CNGA3/CDO1/STC1/P2RY1/CITED1/KCNJ11/PTK2B/AQP1/P2RX6/VGF/INHBB/TRPV1/ITPR2/GATA6/DUOX2/CIB2/IL1B/WT1/AKAP6,31
BP,GO:0036293,response to decreased oxygen levels,64/2408,327/18888,2.826388720190074e-4,0.006316455384306262,0.005277027516955268,FOS/NOS2/CXCR4/PMAIP1/NDRG1/SLC1A1/AK4/HSP90B1/SOX4/SLC2A1/BMP2/NDP/ABAT/DPP4/ADM/CRYAB/NPPC/LIF/MYC/EPHA4/CCNA2/CA9/HK2/ADA/FGFR2/PLAU/SLC29A1/ANGPTL4/MYB/DRD2/KCNMA1/ERO1A/STC2/FOSL2/POSTN/SUV39H2/STC1/SUV39H1/LOXL2/MT3/MAP1LC3A/KCNJ11/TGFB3/PLAT/ARNT2/PTK2B/AQP1/BRIP1/HIF3A/MB/KCNK3/EGLN3/CHRNB2/ITPR2/PICK1/MALAT1/PDLIM1/HIF1A/GATA6/KCNK2/EPO/AQP3/VCAM1/FMN2,64
BP,GO:0001933,negative regulation of protein phosphorylation,59/2408,296/18888,2.929388165948354e-4,0.006522482728166926,0.005449151263051725,AGT/GPRC5A/DUSP6/SFRP2/PKIB/SPRY4/PBK/PLK1/BMP2/MAPK8IP1/PDE4D/IGFBP3/PRKCD/CALM1/MYADM/CADM4/TRIB3/ERRFI1/GADD45A/ENPP1/SPRY1/APOE/DRD2/NIBAN1/CDKN1A/NR2F2/SOCS3/RGS2/TRIB1/SRCIN1/SMO/PAQR3/CEP85/INPP5F/SPRY2/CORO1C/INPP5J/PTPRJ/XDH/IPO7/CD109/IPO5/FBLN1/SOCS1/RASSF2/SLC8A1/KIRREL1/CEACAM1/SLIT2/UBASH3B/CADM1/PRKDC/OCLN/CBLB/LYN/PPM1E/PRKAR2B/IL1B/INCA1,59
BP,GO:0097305,response to alcohol,53/2408,259/18888,2.992898677756706e-4,0.0066393936108764574,0.00554682343954213,MLC1/FOS/FOSL1/A2M/RGS4/CDK1/ADCY1/TYMS/AKR1C3/SGK1/MAOB/ABAT/NPPC/RAD51/AKR1C2/LRP8/ABCA1/FGFR2/ADCY5/ADCY3/SLIT3/DRD2/BLM/CDKN1A/CDO1/CNR1/RGS2/BRCA1/SMO/PTGER4/GLRA2/TNC/EFNA5/OSBPL7/RECQL5/PTK2B/LANCL2/TP53INP1/ADCY7/PTCH1/CHRNB2/PRKAA2/SLIT2/INHBB/ITPR2/CDH1/SETD7/SCNN1D/S100A8/CLDN1/GRIN2B/ADCY2/VCAM1,53
BP,GO:1902903,regulation of supramolecular fiber organization,74/2408,392/18888,3.1321791224804194e-4,0.006922918983533644,0.005783692237346724,APC2/MET/RGS4/TPX2/EMILIN1/MAP1A/CDC42EP3/DIAPH3/CLIP3/CRYAB/ACTN2/ARF6/PRKCD/LDLR/MYADM/NRP1/WNT11/FGF13/HAUS6/LIMCH1/SPTB/ARHGEF10L/COLGALT1/ARHGAP18/APOE/PDE4DIP/FHOD3/CHADL/PTGER4/HIP1R/PAK3/HAUS8/CFL2/CYFIP2/CYRIA/S100A10/SHANK3/CARMIL3/RHPN1/TMOD4/TMOD1/PHLDB2/MAPRE3/TGFB3/AVIL/SSH3/PTK2B/AEBP1/SVIL/EFEMP2/ELN/ADD2/CARMIL1/MTSS1/CKAP2/CKAP5/KIRREL1/KANK3/KANK4/SLIT2/PICK1/SWAP70/OCLN/F11R/TMOD2/LMOD1/PPM1E/SYNPO2L/SERPINF2/MYOC/FMN1/TACSTD2/PIK3R2/F2RL1,74
BP,GO:0070482,response to oxygen levels,68/2408,354/18888,3.2452796424545954e-4,0.007146721665171908,0.00597066623423552,FOS/NOS2/CXCR4/PMAIP1/NDRG1/SLC1A1/SLC7A5/AK4/HSP90B1/SOX4/SLC2A1/BMP2/NDP/ABAT/DPP4/ADM/CRYAB/NPPC/LIF/MYC/EPHA4/CCNA2/CA9/HK2/COL1A1/ADA/FGFR2/PLAU/SLC29A1/ANGPTL4/MYB/DRD2/KCNMA1/ERO1A/CDKN1A/STC2/FOSL2/POSTN/FAS/SUV39H2/STC1/SUV39H1/LOXL2/MT3/MAP1LC3A/KCNJ11/TGFB3/PLAT/ARNT2/PTK2B/AQP1/BRIP1/HIF3A/MB/KCNK3/EGLN3/CHRNB2/ITPR2/PICK1/MALAT1/PDLIM1/HIF1A/GATA6/KCNK2/EPO/AQP3/VCAM1/FMN2,68
BP,GO:0060562,epithelial tube morphogenesis,65/2408,335/18888,3.265724838304134e-4,0.007165594063391689,0.0059864330145984685,AGT/NOG/CXCR4/MET/SOX8/DLL1/KIF26B/SFRP2/RGMA/KIF20B/NPNT/BMP2/ADM/MYC/CCDC103/EPHA4/VANGL2/NTN1/NRP1/WNT11/HS3ST3A1/FGFR2/GATA3/SPRY1/TCTN1/TIMELESS/CCDC40/FGF1/CSF1R/LAMA5/SHH/SMO/HES5/NDRG4/FZD2/EPHA2/SPRY2/TMEM59L/CDK20/TNC/VDR/CITED1/PAX8/STIL/EPHA7/MTSS1/PODXL/PTCH1/RBM15/MICAL2/HOXB7/SLIT2/PKHD1/GBX2/LGR5/RET/HIF1A/ADAMTS12/CSMD1/FMN1/TACSTD2/GDNF/CXCL10/WT1/FOLR1,65
BP,GO:0031109,microtubule polymerization or depolymerization,32/2408,135/18888,0.00033117877158122763,0.007240335897540317,0.006048875427545763,APC2/MET/TPX2/MAP1A/SKA1/KIF2C/DIAPH3/CLIP3/NCKAP5/SKA3/MZT1/CRYAB/KIF18B/FBXO5/FGF13/HAUS6/PDE4DIP/TPPP3/KIF18A/STMN3/HAUS8/CCDC57/TUBG1/MAPRE3/CENPJ/TPPP/NDE1/CKAP2/CKAP5/TUBGCP3/OCLN/KIF19,32
BP,GO:0007080,mitotic metaphase chromosome alignment,18/2408,60/18888,3.3846039247162416e-4,0.007372815913984766,0.006159554700918138,SKA1/KIF2C/KIFC1/CDCA8/CCNB1/NUF2/SKA3/CDCA5/CENPE/CDT1/NDC80/AURKB/BIRC5/KIF14/KIF18A/INCENP/SPDL1/CHMP4A,18
BP,GO:2000177,regulation of neural precursor cell proliferation,26/2408,102/18888,3.521668910221612e-4,0.007643795037509787,0.006385941844396554,ASCL1/NCAN/ID2/BCAN/BTG2/SHCBP1/PTN/ADGRG1/WDR62/GPR37L1/FOXG1/DRD2/DCT/SHH/SMO/RASSF10/CEND1/SLC16A2/FZD9/ASPM/SKOR2/OTP/HIF1A/LYN/ACAN/GJC2,26
BP,GO:0048678,response to axon injury,23/2408,86/18888,3.6007287893767787e-4,0.00776544095888849,0.0064875698676128205,SLC1A1/RGMA/CDK1/PTN/AXL/NDP/NPPC/EPHA4/SPP1/MATN2/DRD2/RTN4RL1/CSPG5/INPP5F/TNC/GIPR/LYN/KCNK2/EPO/APOD/TNR/SCARF1/FOLR1,23
BP,GO:0044706,multi-multicellular organism process,45/2408,212/18888,3.6034528811547514e-4,0.00776544095888849,0.0064875698676128205,FOS/FOSL1/ITGA3/ITGB4/ITGA5/PTN/SLC2A1/NDP/ADM/LIF/SLC38A3/ERRFI1/SPP1/COL16A1/HMX3/TRO/GJB2/TCF23/CLDN4/STC2/TEAD4/CNR1/JUNB/NR2F2/MMP9/RGS2/TPPP3/STC1/SLC38A1/ABCC8/DSG2/PTHLH/PZP/EPOR/VDR/TGFB3/AGO2/FBLN1/ADCY7/MAFF/TLE6/ADRA2A/EPO/CSMD1/IL1B,45
BP,GO:0007188,adenylate cyclase-modulating G protein-coupled receptor signaling pathway,51/2408,249/18888,3.762904443143728e-4,0.008080201213497956,0.006750533574907403,ADRA1B/MCHR1/ADCY1/ADGRG1/ADM/GRIK3/GPR3/PTGDR2/ABCA1/ADCY5/ARRDC3/ADGRE5/GPR88/ADCY3/GPR37L1/DRD2/CNR1/GABBR2/AKAP12/ADGRE2/RGS2/S1PR3/ADGRF3/ADGRB1/MC5R/PTGER4/GPER1/PTHLH/P2RY1/RAMP3/ADRA1D/GIPR/APLP1/GNA14/CHRM1/SSTR2/GPR157/GPR12/ADCY7/RAMP1/ADM2/PDE4B/LGR5/LPAR2/ADRA2A/ADGRG6/ADCY2/CXCL10/ADGRG2/CHRM5/ADGRF1,51
BP,GO:0048483,autonomic nervous system development,15/2408,46/18888,3.8555274445486955e-4,0.008249734964683272,0.006892169067541509,ASCL1/SOX8/SOX4/ACKR3/NRP1/EDNRB/GATA3/SEMA3A/TFAP2B/TFAP2A/NRP2/GBX2/RET/VCAM1/GDNF,15
BP,GO:0000076,DNA replication checkpoint signaling,9/2408,20/18888,3.914571683854026e-4,0.008319415416004446,0.006950382992384435,ORC1/CDC45/CDT1/CLSPN/CDC6/TICRR/TIMELESS/DNA2/MDC1,9
BP,GO:0050817,coagulation,48/2408,231/18888,3.91566784578267e-4,0.008319415416004446,0.006950382992384435,SERPINE1/PLAUR/ADAMTS18/EMILIN1/AXL/PROS1/COL3A1/PDGFA/EMILIN2/MYH9/ENTPD1/PRKCD/HGFAC/PLAU/APOE/ADAMTS13/METAP1/SHH/SH2B3/PDGFB/F3/ENTPD2/P2RY1/PROCR/CLIC1/PLAT/DGKB/FBLN1/VAV3/SLC7A11/TSPAN8/LMAN1/CEACAM1/TFPI2/UBASH3B/DGKH/DGKG/SVEP1/F11R/ADRA2A/LYN/DGKI/SERPINF2/F2RL1/HPSE/MMRN1/PROC/COMP,48
BP,GO:0000077,DNA damage checkpoint signaling,30/2408,125/18888,3.997329805452366e-4,0.008463118612666519,0.0070704385737068816,DTL/CDK1/CDK2/PLK1/FANCD2/EME1/RAD51/E2F7/GTSE1/CLSPN/E2F1/WDR76/BRCA2/TICRR/STK33/RFWD3/CCND1/BLM/CDKN1A/CHEK1/RPS27L/TAOK3/BRCA1/BARD1/MAP3K20/FBXO6/MUC1/BRIP1/MDC1/PRKDC,30
BP,GO:0048013,ephrin receptor signaling pathway,16/2408,51/18888,4.083600836648319e-4,0.008585521759002075,0.007172699213903834,EFNA1/EPHB1/EPHA4/EPHB3/EFNB3/EFNB1/ARHGEF28/NGEF/MMP9/EPHA2/PAK3/EFNA5/EPHA7/ANKS1B/LYN/EPHA10,16
BP,GO:0089718,amino acid import across plasma membrane,16/2408,51/18888,4.083600836648319e-4,0.008585521759002075,0.007172699213903834,GFAP/SLC1A1/ATP1A2/SLC7A5/RGS4/SLC43A2/SLC38A3/SLC1A5/KCNJ10/SLC6A9/RGS2/SLC38A1/SLC7A1/SLC16A2/SLC7A2/SLC7A11,16
BP,GO:0021955,central nervous system neuron axonogenesis,13/2408,37/18888,4.1252668951599565e-4,0.008643007099095547,0.007220724839517922,PRDM8/DRAXIN/EPHB1/DCLK1/EPHA4/EPHB3/TCTN1/ARHGEF28/B4GALT6/FBXO45/SCN1B/CHRNB2/SLIT2,13
BP,GO:0050878,regulation of body fluid levels,70/2408,370/18888,4.2037872434428443e-4,0.008748629389963777,0.007308966060488204,SERPINE1/PLAUR/ADAMTS18/HAS2/EMILIN1/KCNN4/AXL/PROS1/ADM/COL3A1/PDGFA/EMILIN2/MYH9/ENTPD1/PRKCD/HK2/ADA/XBP1/HGFAC/PLAU/SLC29A1/EDNRB/CCND1/APOE/DRD2/FOSL2/CDO1/ADAMTS13/METAP1/SHH/SH2B3/PDGFB/F3/ENTPD2/P2RY1/XDH/VDR/PROCR/CLIC1/PLAT/DGKB/FBLN1/CHRM1/AQP1/NFE2/VAV3/SLC7A11/TSPAN8/LMAN1/CEACAM1/TFPI2/UBASH3B/DGKH/DGKG/SVEP1/F11R/HIF1A/ADRA2A/LYN/AQP6/AQP4/DGKI/SERPINF2/AQP3/F2RL1/HPSE/MMRN1/CEL/PROC/COMP,70
BP,GO:1902895,positive regulation of miRNA transcription,17/2408,56/18888,4.204677698192734e-4,0.008748629389963777,0.007308966060488204,AGT/FOS/FOSL1/ATOH8/BMP2/MYCN/MYC/SMAD6/GNL3/GATA3/MYB/SMAD1/PDGFB/KLF5/HIF1A/TEAD1/WT1,17
BP,GO:0070507,regulation of microtubule cytoskeleton organization,36/2408,160/18888,4.2933559269347355e-4,0.0089024431832041909,0.00743746845147059,APC2/MET/TPX2/MAP1A/PHLDB1/SKA1/DIAPH3/CLIP3/PLK1/MAP6/SKA3/MAP9/FGF13/HAUS6/SPAG5/PDE4DIP/GPSM2/TACC3/BORA/KIF18A/STMN3/HAUS8/EFNA5/PHLDB2/MAPRE3/CENPJ/FAM107A/TPPP/STIL/CKAP2/CKAP5/PRKAA2/CEP97/OCLN/CHMP4A/MAPK15,36
BP,GO:0001666,response to hypoxia,61/2408,313/18888,4.347129849018211e-4,0.008983075859238316,0.0075048323168522765,FOS/NOS2/CXCR4/PMAIP1/NDRG1/AK4/HSP90B1/SOX4/SLC2A1/BMP2/NDP/ABAT/DPP4/ADM/CRYAB/NPPC/LIF/MYC/EPHA4/CCNA2/CA9/HK2/ADA/FGFR2/PLAU/SLC29A1/ANGPTL4/MYB/DRD2/KCNMA1/ERO1A/STC2/FOSL2/POSTN/SUV39H2/STC1/SUV39H1/LOXL2/MT3/KCNJ11/TGFB3/PLAT/ARNT2/PTK2B/AQP1/BRIP1/HIF3A/MB/KCNK3/EGLN3/CHRNB2/ITPR2/MALAT1/PDLIM1/HIF1A/GATA6/KCNK2/EPO/AQP3/VCAM1/FMN2,61
BP,GO:0048568,embryonic organ development,83/2408,455/18888,4.383417148518999e-4,0.009027146441694075,0.007541650700290097,ID3/NOG/ID2/DLL1/A2M/EFEMP1/ZIC1/EFNA1/PLCD3/ADM/IFT140/LIF/E2F7/PDGFA/PLK4/CCDC103/KRT8/MDFI/VANGL2/KITLG/OTX1/NTN1/HEY2/WNT11/ADA/FGFR2/CHRNA9/HMX3/PLS1/HOXB8/GATA3/CRB2/FOXG1/HS6ST1/HMX2/PKDCC/TEAD4/JUNB/CCDC40/NR2F2/SOCS3/CIMAP3/GSC/E2F8/SHH/SOX15/SH2B3/SMO/PDGFB/INSIG1/FRZB/NDRG4/FZD2/ANKRD24/EN1/EPHA2/SPRY2/CDK20/CITED1/PAX8/TGFB3/TFAP2A/HOXB9/STIL/TMIE/NAGLU/SNAI1/PTCH1/MICAL2/HOXB7/FBN2/GBX2/VAX2/HOXD3/CXCL8/HIF1A/TECTA/FOXF2/TEAD1/WNT16/GDNF/STRC/FOLR1,83
BP,GO:0061387,regulation of extent of cell growth,27/2408,109/18888,4.4852093022888664e-4,0.009205358139459531,0.007690536107648186,L1CAM/RGMA/SEMA5B/DRAXIN/RND2/NTN1/SEMA6B/SPP1/NRP1/FGF13/SEMA3A/ARHGAP4/APOE/CDH4/SEMA6C/MT3/CRABP2/EFNA5/SEMA6D/SEMA6A/FSTL4/SEMA7A/NRCAM/EPHA7/CDH1/MACF1/TNR,27
BP,GO:0003158,endothelium development,33/2408,143/18888,4.5283024045292465e-4,0.009262297189467618,0.00773810533997879,CXCR4/ATOH8/MET/DLL1/PECAM1/SLC40A1/NDP/CD34/PDE4D/MYADM/HEY2/NRP1/EDNRB/MSN/TMEM100/FGF1/NR2F2/S1PR3/STC1/FZD2/XDH/TJP3/NAGLU/CEACAM1/F11R/ADAMTS12/CLDN1/BMP6/F2RL1/IL1B/HPSE/CXCL10/PROC,33
BP,GO:0030500,regulation of bone mineralization,22/2408,82/18888,4.5655020003006685e-4,0.009279283967151775,0.0077522967951240964,ECM1/P2RX7/PTN/BMP2/LTBP3/GPM6B/ENPP1/PKDCC/ADGRV1/MGP/TENT5A/VDR/ATP2B1/TFAP2A/PTK2B/FZD9/SLC8A1/SGMS2/FBN2/HIF1A/BMP6/COMP,22
BP,GO:0006310,DNA recombination,65/2408,339/18888,4.5673638353398697e-4,0.009279283967151775,0.0077522967951240964,RMI2/UHRF1/TRIP13/TOP2A/MCM4/EXO1/CDC45/MCM3/RAD54L/FANCD2/EME1/RAD51/KPNA2/MCM6/FEN1/MCM2/XRCC2/BRCA2/HMGB2/GINS4/PSMC3IP/AUNIP/MCM5/XRCC3/RFWD3/RAD51AP1/BLM/TIMELESS/ATAD5/CHEK1/GINS2/AP5S1/MCM8/HROB/RBBP8/BRCA1/FANCB/MMS22L/BARD1/ACTL6A/AP5Z1/CDC7/POLQ/POLL/NABP1/PAXIP1/FANCM/RECQL5/RMI1/PARPBP/NSD2/BRIP1/ZCWPW1/FIGNL1/MSH6/UCHL5/GEN1/PRKDC/ZGRF1/BCL6/SWAP70/C14orf39/STAT6/POLN/REC8,65
BP,GO:0034762,regulation of transmembrane transport,88/2408,489/18888,4.727010499529669e-4,0.009571403138980545,0.007996345207434682,ATP1B2/CCL2/ATP1A2/P2RX7/SLC7A5/PLP1/KCNC1/RGS4/NLGN3/KCNN4/CLIP3/SLC43A2/ACTN2/PDE4D/CACNB4/SHISA9/CALM1/KCNJ10/HK2/TRIB3/FGF13/ENPP1/CACNG7/HAP1/CNIH3/KCNG1/DRD2/ANK3/CNIH2/ERFE/MAPK8IP2/KCNIP2/SORBS1/SLC6A9/MMP9/RGS2/CACNG8/OPN3/KCNIP3/SLC38A1/GPER1/GRB10/KCNJ9/SHANK3/FXYD5/GSTM2/FGF21/KCNJ11/AZIN2/SCN1B/PTK2B/SCN5A/KCNAB1/KCNJ2/JPH3/SLC8A1/GRIN2D/CLIC2/JPH1/SCN4B/NOS1AP/SLN/GPR35/UBASH3B/PDE4B/APPL1/OCLN/ADRA2A/CEMIP/JPH2/LYN/ANTKMT/FXYD2/GAL/EPO/SLC25A27/GJC2/CASQ1/GRIN2B/FXYD7/PCSK9/IL1B/CXCL10/KCNJ16/STAC3/GRIN2C/AKAP6/KCNRG,88
BP,GO:0003333,amino acid transmembrane transport,26/2408,104/18888,4.870600977945092e-4,0.009796402100306894,0.008184318625747032,GFAP/SLC1A1/ATP1A2/SLC7A5/SLC25A18/RGS4/SLC43A2/SLC38A3/SLC1A5/KCNJ10/SLC38A11/SLC25A15/SLC6A9/RGS2/SLC38A1/SLC7A1/SLC38A7/SLC16A2/SLC16A10/SLC7A2/SLC7A11/CLN3/LRRC8B/PRAF2/SLC7A7/LRRC8C,26
BP,GO:0010469,regulation of signaling receptor activity,26/2408,104/18888,4.870600977945092e-4,0.009796402100306894,0.008184318625747032,NOG/SERPINE1/GPRC5A/CCL2/NLGN3/SHISA9/PRKCD/ERRFI1/NRP1/PLAU/CACNG7/CNIH3/CNIH2/MAPK8IP2/SLC6A9/CACNG8/SHANK3/RAMP3/PTK2B/BEGAIN/CBLB/HIF1A/ADRA2A/FCGR2B/LYNX1/PCSK9,26
BP,GO:0032412,regulation of monoatomic ion transmembrane transporter activity,46/2408,221/18888,4.918716945081687e-4,0.009860311643396312,0.008237711295679734,ATP1B2/CCL2/ATP1A2/NLGN3/ACTN2/CACNB4/SHISA9/CALM1/FGF13/CACNG7/HAP1/CNIH3/KCNG1/DRD2/ANK3/CNIH2/MAPK8IP2/KCNIP2/SLC6A9/MMP9/CACNG8/SHANK3/FXYD5/GSTM2/SCN1B/PTK2B/KCNAB1/JPH3/CLIC2/JPH1/SCN4B/NOS1AP/SLN/GPR35/ADRA2A/JPH2/ANTKMT/FXYD2/GAL/EPO/CASQ1/FXYD7/PCSK9/STAC3/AKAP6/KCNRG,46
BP,GO:0032886,regulation of microtubule-based process,52/2408,258/18888,4.946682671054225e-4,0.009883537495742117,0.008257115131292675,APC2/MET/AURKA/TPX2/MAP1A/PHLDB1/SKA1/DIAPH3/CLIP3/PLK1/MAP6/WDR62/SKA3/CCNF/PLK4/MAP9/FGF13/HAUS6/SPAG5/HAP1/XRCC3/PDE4DIP/GPSM2/CCDC40/TACC3/BORA/KIF18A/BRCA1/STMN3/HAUS8/EFNA5/PHLDB2/MAPRE3/CENPJ/FAM107A/TPPP/STIL/CKAP2/CKAP5/PRKAA2/GEN1/CEP97/PKHD1/CALY/OCLN/MACF1/CFAP45/CHMP4A/TAC4/CFAP43/MAPK15/RSPH4A,52
BP,GO:0043954,cellular component maintenance,20/2408,72/18888,5.004365756760771e-4,0.009933007557991608,0.008298444462994228,ITGA3/C1QL1/ARF6/PLEKHA7/APOE/CSF1R/ITPKA/OPHN1/MTSS1/KIRREL1/PJVK/INAVA/APPL1/PICK1/FCGR2B/CLDN1/TANC1/GRIN2B/CBLN3/F2RL1,20
BP,GO:0061035,regulation of cartilage development,20/2408,72/18888,5.004365756760771e-4,0.009933007557991608,0.008298444462994228,NOG/EFEMP1/WNT9A/BMP2/LTBP3/WNT11/SOX6/PKDCC/SMAD1/MAF/ZNF219/CHADL/FRZB/LOXL2/PTHLH/CCN4/SCX/ADAMTS12/FGF18/BMP6,20
BP,GO:0045143,homologous chromosome segregation,19/2408,67/18888,5.165646496107863e-4,0.010186114691998318,0.008509900608827161,TRIP13/PLK1/ZWINT/FANCD2/CCNE2/ESPL1/PSMC3IP/KNL1/PTTG2/PTTG1/PTTG3P/BRIP1/NDC1/ZCWPW1/MAEL/C14orf39/FMN2/REC8/SYCP2,19
BP,GO:2000630,positive regulation of miRNA metabolic process,19/2408,67/18888,5.165646496107863e-4,0.010186114691998318,0.008509900608827161,AGT/FOS/FOSL1/ATOH8/BMP2/MYCN/MYC/SMAD6/NEAT1/GNL3/GATA3/MYB/SMAD1/PDGFB/KLF5/MALAT1/HIF1A/TEAD1/WT1,19
BP,GO:0060349,bone morphogenesis,25/2408,99/18888,5.273220799680604e-4,0.010364369480544873,0.008658822016002198,SFRP4/HAS2/CSGALNACT1/COL3A1/NPPC/LTBP3/COL1A1/FGFR2/CHSY1/FOSL2/DHRS3/STC1/INSIG1/TGFB3/SCX/TFAP2A/RAB23/IFT80/ALPL/GHR/FGFR3/FGF18/BMP6/CYP26B1/COMP,25
BP,GO:0071897,DNA biosynthetic process,41/2408,192/18888,5.652373621880736e-4,0.010949079614796768,0.00914731299395735,PKIB/DTL/TYMS/DSCC1/NPPC/MYC/CCNA2/RFC3/JADE2/NEK2/PDGFRB/AURKB/ING4/RRM1/DKC1/PCNA/POLH/RFC5/CDKN1A/POLD3/CCT5/CHEK1/RFC4/HROB/PDGFB/POLE2/CENPF/TK1/CERS1/POLQ/POLD1/POLL/PTK2B/LIN9/SPHK1/USP43/GCH1/KCNK2/POLN/LOX/MAPK15,41
BP,GO:0009128,purine nucleoside monophosphate catabolic process,6/2408,10/18888,5.661439906888616e-4,0.010949079614796768,0.00914731299395735,PNP/NT5E/HPRT1/ADA/AMPD3/XDH,6
BP,GO:0009169,purine ribonucleoside monophosphate catabolic process,6/2408,10/18888,5.661439906888616e-4,0.010949079614796768,0.00914731299395735,PNP/NT5E/HPRT1/ADA/AMPD3/XDH,6
BP,GO:0044837,actomyosin contractile ring organization,6/2408,10/18888,5.661439906888616e-4,0.010949079614796768,0.00914731299395735,IQGAP3/RACGAP1/ANLN/ECT2/IQGAP2/IQGAP1,6
BP,GO:0051307,meiotic chromosome separation,6/2408,10/18888,5.661439906888616e-4,0.010949079614796768,0.00914731299395735,ZWINT/NCAPH/TTK/ESPL1/KNL1/MAPK15,6
BP,GO:0051382,kinetochore assembly,8/2408,17/18888,5.750494624715004e-4,0.011015391925565186,0.009202713035174656,CENPA/CENPE/CENPH/DLGAP5/CENPK/CENPF/CENPW/KNTC1,8
BP,GO:0051782,negative regulation of cell division,8/2408,17/18888,5.750494624715004e-4,0.011015391925565186,0.009202713035174656,TXNIP/E2F7/MYC/AURKB/BLM/E2F8/ASPM/PTCH1,8
BP,GO:0055119,relaxation of cardiac muscle,8/2408,17/18888,5.750494624715004e-4,0.011015391925565186,0.009202713035174656,ATP1A2/PDE4D/ATP1A1/RGS2/GSTM2/KCNJ2/SLC8A1/PDE4B,8
BP,GO:0007266,Rho protein signal transduction,33/2408,145/18888,5.886680459457357e-4,0.011240579079862562,0.009390843677661985,ITGA3/MET/CDC42EP3/ADGRG1/COL3A1/PLXNB1/CTNNAL1/EPS8L2/RACGAP1/ABCA1/NTN1/NRP1/SCAI/LPAR4/PRAG1/STARD8/ARHGAP4/APOE/ARHGEF28/COL1A2/RHOJ/CDH13/OPHN1/GPR35/ARHGAP29/BCL6/F11R/LPAR2/ADRA2A/SYNPO2L/MYOC/EPS8L1/F2RL1,33
BP,GO:0098742,cell-cell adhesion via plasma-membrane adhesion molecules,55/2408,279/18888,6.090549500735367e-4,0.011557499848206676,0.009655612367297903,ITGA3/PECAM1/L1CAM/LRRC4B/ITGA5/PCDH19/LRRC4/CDH15/BMP2/TENM2/MYADM/CADM4/TRO/PLXNB3/PCDH17/CRB2/CLSTN3/CXADR/CLDN4/SLITRK3/NTNG2/CDHR2/CDH4/CDH13/PCDH18/PCDHB14/SLITRK1/DSG2/CRB1/FXYD5/EFNA5/NEXN/PCDHB10/PCDH9/CLDN11/PCDHGA1/CEACAM1/CDH22/IL1RAP/CADM1/ROBO2/CDH1/NTNG1/RET/PCDHGA2/PCDHGA3/PCDHB16/PCDHB13/CLDN1/PCDHGB1/SCARF1/MYPN/VCAM1/PCDHB12/FAT3,55
BP,GO:0007099,centriole replication,14/2408,43/18888,6.090959482482139e-4,0.011557499848206676,0.009655612367297903,CDK2/WDR62/PLK4/CEP152/BRCA1/CEP85/POC1B/CCDC57/CEP72/CCP110/CENPJ/RTTN/STIL/CEP44,14
BP,GO:0035023,regulation of Rho protein signal transduction,23/2408,89/18888,6.113528756281705e-4,0.011563960036176742,0.009661009474949045,ITGA3/MET/ADGRG1/COL3A1/PLXNB1/EPS8L2/ABCA1/NRP1/SCAI/LPAR4/PRAG1/STARD8/APOE/ARHGEF28/OPHN1/GPR35/BCL6/F11R/LPAR2/SYNPO2L/MYOC/EPS8L1/F2RL1,23
BP,GO:1902904,negative regulation of supramolecular fiber organization,37/2408,169/18888,6.267321697320265e-4,0.011817818475509523,0.0098730932922588,APC2/MET/TPX2/EMILIN1/DIAPH3/CLIP3/CRYAB/PRKCD/LDLR/MYADM/FGF13/SPTB/APOE/FHOD3/CHADL/HIP1R/SHANK3/RHPN1/TMOD4/TMOD1/PHLDB2/AVIL/SSH3/SVIL/ADD2/CARMIL1/CKAP2/KANK3/KANK4/SLIT2/PICK1/SWAP70/F11R/TMOD2/LMOD1/MYOC/TACSTD2,37
BP,GO:0035850,epithelial cell differentiation involved in kidney development,15/2408,48/18888,6.428557315364998e-4,0.012065055476161225,0.010079645286418384,CD34/LIF/EDNRB/GATA3/MMP9/SMO/PDGFB/FOXJ1/PAX8/MTSS1/PODXL/ACTA2/IQGAP1/GDNF/WT1,15
BP,GO:0051261,protein depolymerization,28/2408,117/18888,6.438428676373739e-4,0.012065055476161225,0.010079645286418384,APC2/TPX2/MAP1A/KIF2C/DIAPH3/NCKAP5/ACTN2/KIF18B/FGF13/SPTB/KIF18A/STMN3/CFL2/TMOD4/TMOD1/AVIL/SVIL/ADD2/CARMIL1/CKAP2/CKAP5/MICAL2/SLN/SWAP70/TMOD2/LMOD1/KIF19/F2RL1,28
BP,GO:0051965,positive regulation of synapse assembly,18/2408,63/18888,6.506814087663915e-4,0.012149924648260252,0.010150548495458777,LRRN3/LRRC4B/NLGN3/EPHB1/EPHB3/AGRN/CLSTN3/SLITRK3/THBS2/ADGRB1/SLITRK1/EFNA5/LRRTM2/NTRK2/LRRN1/LRRC24/IL1RAP/SLITRK4,18
BP,GO:0090183,regulation of kidney development,12/2408,34/18888,6.527161018025731e-4,0.012149924648260252,0.010150548495458777,AGT/NOG/SOX8/MYC/GATA3/SMO/PAX8/HOXB7/RET/TACSTD2/GDNF/WT1,12
BP,GO:0007389,pattern specification process,85/2408,474/18888,6.544125804913129e-4,0.012149924648260252,0.010150548495458777,ASCL1/APC2/NOG/DLL1/BTG2/ZIC1/SFRP2/AURKA/ADGRG1/LEFTY2/BMP2/IFT140/DLL3/CCDC103/MDFI/VANGL2/PLXNA2/OTX1/MEIS3/XRCC2/HEY2/NRP1/WNT11/FGFR2/SSBP3/SMAD6/HOXB8/SPRY1/CRB2/CHSY1/FOXG1/TCTN1/BHLHE41/EFNB1/CCDC40/SMAD1/FGF1/NR2F2/CIMAP3/GSC/LAMA5/SHH/SMO/STC1/PCSK6/HES5/FOXJ1/NDRG4/EN1/DOP1B/MFNG/PAX8/HOXB9/HES6/RTTN/IFT25/STIL/NRP2/CHRDL1/SNAI1/PTCH1/MICAL2/ENKUR/SHROOM3/HOXB7/ODAD4/ODAD3/RING1/DNAAF3/PRKDC/ROBO2/GBX2/VAX2/DNAI1/HOXD3/HIF1A/CFAP52/DNAAF4/HES7/CFAP45/CYP26B1/GDNF/DYNC2H1/WT1/FOLR1,85
BP,GO:0048008,platelet-derived growth factor receptor signaling pathway,17/2408,58/18888,6.604354920085431e-4,0.01222413422938512,0.010212546242263199,CSPG4/TXNIP/PDGFA/NRP1/PDGFRB/PDGFRL/PDGFB/F3/HIP1R/NDRG4/ARID5B/PTPRJ/PLAT/CBLB/IQGAP1/APOD/LOX,17
BP,GO:0008361,regulation of cell size,40/2408,188/18888,7.064479360732553e-4,0.013014414069498926,0.010872778636643295,P2RX7/L1CAM/RGMA/SEMA5B/DRAXIN/KCNN4/IQGAP3/RND2/NTN1/SEMA6B/SPP1/NRP1/FGF13/MSN/SEMA3A/ARHGAP4/APOE/KCNMA1/CDH4/SEMA6C/MT3/CRABP2/SHANK3/EFNA5/SEMA6D/AKT3/SEMA6A/FSTL4/AQP1/SEMA7A/VAV3/SLC12A5/NRCAM/EPHA7/CLN3/CDH1/RET/MACF1/AQP4/TNR,40
BP,GO:0051258,protein polymerization,56/2408,287/18888,7.074457763996766e-4,0.013014414069498926,0.010872778636643295,MET/TPX2/CDC42EP3/DIAPH3/CLIP3/TTBK1/MZT1/KRT5/ARF6/PRKCD/MYADM/FBXO5/FGF13/HAUS6/SPTB/UBE2C/ARHGAP18/PDE4DIP/FHOD3/TPPP3/HIP1R/PAK3/HAUS8/CCDC57/CYFIP2/CYRIA/TUBG1/TMOD4/TMOD1/MAPRE3/AVIL/CENPJ/SSH3/PTK2B/FAM107A/SVIL/TPPP/NDE1/ELN/ADD2/CARMIL1/CKAP5/KIRREL1/KANK3/KANK4/SLIT2/TUBGCP3/CORO7/OCLN/UBE2S/TMOD2/LMOD1/CASQ1/FMN1/CHMP4A/PIK3R2,56
BP,GO:0048732,gland development,81/2408,449/18888,7.20663315341989e-4,0.01321727186861265,0.011042254414246633,ASCL1/NOG/MET/ID2/SULF2/LBH/SLC7A5/AURKA/PTN/TYMS/CCNB2/TG/BMP2/RPS6KA1/CEBPG/E2F7/ARF6/PDGFA/IQGAP3/CACNB4/HK2/NTN1/ERRFI1/NRP1/WNT11/BRCA2/ADA/FGFR2/XBP1/EPHB3/SLC29A1/MSN/GATA3/PCNA/TFCP2L1/CCND1/SERPINF1/DRD2/CDO1/CCDC40/FGF1/TGFA/CSF1R/LAMA5/E2F8/SHH/SMO/PCK2/FRZB/EPHA2/ARID5B/UBE3A/TNC/XDH/VDR/PAX8/TGFB3/NPC1/HOXB9/NAGLU/PTCH1/CEACAM1/INHBB/CADM1/OTP/CDH1/HOXD3/HIF1A/GATA6/RREB1/SERPINA5/FGF7/NTN4/STAT6/CSMD1/CLDN1/PLAG1/PCSK9/IRF6/WT1/ONECUT1,81
BP,GO:0014015,positive regulation of gliogenesis,20/2408,74/18888,7.346242868727116e-4,0.01336587021048417,0.011166399601906511,GFAP/CXCR4/ID2/SOX8/SLC7A5/ETV5/PTN/TTBK1/BMP2/LIF/NTN1/OLIG2/MYB/TNFRSF1B/SHH/LYN/GJC2/PLAG1/PRKCH/IL1B,20
BP,GO:1902475,L-alpha-amino acid transmembrane transport,20/2408,74/18888,7.346242868727116e-4,0.01336587021048417,0.011166399601906511,SLC1A1/ATP1A2/SLC7A5/SLC25A18/RGS4/SLC43A2/SLC38A3/SLC1A5/KCNJ10/SLC38A11/SLC25A15/SLC6A9/RGS2/SLC38A1/SLC7A1/SLC7A2/SLC7A11/CLN3/PRAF2/SLC7A7,20
BP,GO:0097106,postsynaptic density organization,13/2408,39/18888,7.357232678423552e-4,0.01336587021048417,0.011166399601906511,LRRC4B/LRRC4/ARF6/NRXN2/NPTX1/SLITRK3/TMEM108/SHANK3/LRRTM2/PTK2B/OPHN1/IL1RAP/C1QL2,13
BP,GO:0050730,regulation of peptidyl-tyrosine phosphorylation,46/2408,225/18888,7.37625916488437e-4,0.01336587021048417,0.011166399601906511,AGT/CSPG4/GPRC5A/PECAM1/SFRP2/EFNA1/ITGA5/NOD2/ENPP2/EHD4/LIF/PDGFA/EPHA4/CD74/LRP8/PRKCD/KITLG/CADM4/ERRFI1/NRP1/IL11/IL6R/TGFA/SOCS3/CSF1R/SRCIN1/THBS4/PDGFB/GPRC5B/HES5/INPP5F/PTPRJ/EFNA5/PTK2B/SOCS1/EPHA7/TNFRSF14/GHR/TSLP/CBLB/FGFR3/LYN/FGF7/EPO/BMP6/HPX,46
BP,GO:0051146,striated muscle cell differentiation,60/2408,313/18888,7.439151235958813e-4,0.013439472622088465,0.011227890094234716,SDC1/DLL1/PGM5/RGS4/CDK1/BMP2/ACTN2/FHL2/KRT8/GDF15/MYH9/HEY2/CCN3/PDGFRB/DYRK1B/XBP1/ADAMTS15/SOX6/CXADR/BHLHE41/RGS2/FHOD3/SHH/MYBPC2/SMO/ADGRB1/KLHL41/CFL2/KLF5/LRRC27/RBM24/TMOD4/TMOD1/ADAM12/SLC8A1/NAGLU/DNER/MYH11/MYH7/MYH3/CSRP3/GATA6/TMOD2/HOPX/PLPP7/LMOD1/MYOZ2/SYNE1/LDB3/SYNPO2L/TANC1/CASQ1/TNNT3/MYPN/CYP26B1/CXCL10/WT1/ADAMTS5/STAC3/AKAP6,60
BP,GO:0030501,positive regulation of bone mineralization,14/2408,44/18888,7.897240245026064e-4,0.01422446198163799,0.011883702602805914,P2RX7/PTN/BMP2/GPM6B/PKDCC/ADGRV1/TENT5A/VDR/ATP2B1/TFAP2A/FZD9/SLC8A1/FBN2/BMP6,14
BP,GO:0045931,positive regulation of mitotic cell cycle,30/2408,130/18888,8.026580134121989e-4,0.014414400157527405,0.01204238479395683,RRM2/DTL/AURKA/CDK1/CCNB1/CCNE2/CDC25A/CDCA5/ESPL1/FBXO5/BRCA2/CDC6/RRM1/DLGAP5/UBE2C/CCND1/HSPA2/DYNLT3/CDC25C/CCDC57/CDC7/CDC20/CENPJ/STIL/SPHK1/MBLAC1/ASNS/EIF4EBP1/LSM11/UBE2E2,30
BP,GO:0035249,"synaptic transmission, glutamatergic",27/2408,113/18888,8.176015505696768e-4,0.014523536066922424,0.01213356143685632,CCL2/ATP1A2/NLGN3/ABTB3/GRIA1/GRIK3/CACNB4/CACNG7/CLSTN3/DRD2/CNR1/MAPK8IP2/CACNG8/ABCC8/GRIA3/SHANK3/PTK2B/GRIK4/OPHN1/GRIN2D/CLN3/GRIK2/DGKI/TNR/GRIA2/GRIN2B/GRIN2C,27
BP,GO:0031297,replication fork processing,15/2408,49/18888,8.186113254721507e-4,0.014523536066922424,0.01213356143685632,EME1/RAD51/BRCA2/PCNA/RFWD3/BLM/RBBP8/BRCA1/MMS22L/BARD1/POLQ/DNA2/FANCM/GEN1/TRAIP,15
BP,GO:2001259,positive regulation of cation channel activity,15/2408,49/18888,8.186113254721507e-4,0.014523536066922424,0.01213356143685632,ACTN2/CALM1/FGF13/HAP1/ANK3/KCNIP2/GSTM2/SCN1B/NOS1AP/JPH2/ANTKMT/GAL/CASQ1/STAC3/AKAP6,15
BP,GO:0007100,mitotic centrosome separation,7/2408,14/18888,8.207699368280654e-4,0.014523536066922424,0.01213356143685632,AURKA/MAP9/NEK2/KIF11/CHEK1/CEP85/NDE1,7
BP,GO:0009158,ribonucleoside monophosphate catabolic process,7/2408,14/18888,8.207699368280654e-4,0.014523536066922424,0.01213356143685632,PNP/NT5E/HPRT1/ADA/UPP1/AMPD3/XDH,7
BP,GO:0030168,platelet activation,31/2408,136/18888,8.25747950584004e-4,0.01456889805211661,0.012171458711439813,ADAMTS18/EMILIN1/AXL/COL3A1/PDGFA/EMILIN2/MYH9/ENTPD1/PRKCD/APOE/ADAMTS13/METAP1/SH2B3/PDGFB/ENTPD2/P2RY1/CLIC1/DGKB/VAV3/SLC7A11/CEACAM1/UBASH3B/DGKH/DGKG/SVEP1/F11R/ADRA2A/LYN/DGKI/MMRN1/COMP,31
BP,GO:0044782,cilium organization,75/2408,412/18888,8.55781608930268e-4,0.01505477034485492,0.01257737647741922,KCNF1/DCX/AURKA/EHD4/IFT140/PLK4/CCDC103/ABLIM3/VANGL2/RFX4/KCNJ10/CFAP44/STK36/HAP1/DNMBP/SPACA9/TCTN1/CCDC40/POC1A/SEPTIN6/CIMAP3/ODF2/CEP20/LAMA5/ARMC9/TMEM80/DCDC2/FOXJ1/POC1B/CCDC57/ABLIM1/CFAP70/AVIL/CCP110/CEP128/CENPJ/RAB23/RTTN/TEKT2/IFT25/DNAI4/IFT80/SSX2IP/KIAA0586/TTC12/ARMC12/CROCC/TMEM17/BBOF1/CEP97/ODAD4/ODAD3/PKHD1/DNAAF3/CEP162/DNAI1/PTPDC1/RAB17/TTC21A/DNAH1/CFAP184/DNAAF8/ALPK1/CC2D2B/CFAP221/DNAAF4/KIF19/LCA5L/CFAP46/DYNC2H1/ONECUT1/ZMYND10/CFAP43/MAPK15/RSPH4A,75
BP,GO:0030308,negative regulation of cell growth,40/2408,190/18888,8.775666383763322e-4,0.01537669876476561,0.012846328765846605,SFRP2/RGMA/SEMA5B/RGS4/DRAXIN/TSPYL2/CRYAB/NTN1/SEMA6B/SPP1/NRP1/CCN3/WNT11/FGF13/PRDM11/ENPP1/SEMA3A/ARHGAP4/SLIT3/CDKN1A/CDHR2/SEMA6C/RGS2/GNG4/BRCA1/FRZB/MT3/PTPRJ/SEMA6D/SEMA6A/FSTL4/SEMA7A/CRLF3/EPHA7/DNAJB2/SLIT2/BCL6/CDH1/TNR/WT1,40
BP,GO:0034110,regulation of homotypic cell-cell adhesion,12/2408,35/18888,8.791781693477188e-4,0.01537669876476561,0.012846328765846605,PLAUR/ADAMTS18/EMILIN1/EMILIN2/PRKCD/ANK3/SH2B3/CEACAM1/UBASH3B/F11R/LYN/MMRN1,12
BP,GO:0072111,cell proliferation involved in kidney development,9/2408,22/18888,9.130849547556759e-4,0.015923568257213146,0.01330320610990244,BMP2/MYC/PDGFRB/GATA3/IL6R/SHH/PDGFB/PTCH1/WT1,9
BP,GO:0010544,negative regulation of platelet activation,8/2408,18/18888,9.198985593715949e-4,0.0159501951357707,0.013325451303177763,ADAMTS18/PDGFA/PRKCD/APOE/SH2B3/PDGFB/CEACAM1/UBASH3B,8
BP,GO:1901970,positive regulation of mitotic sister chromatid separation,8/2408,18/18888,9.198985593715949e-4,0.0159501951357707,0.013325451303177763,CDCA8/ESPL1/AURKB/DLGAP5/UBE2C/BIRC5/INCENP/CDC20,8
BP,GO:0042326,negative regulation of phosphorylation,60/2408,316/18888,9.501402547659418e-4,0.016427353287271327,0.013724088915922472,AGT/GPRC5A/DUSP6/SFRP2/PKIB/SPRY4/PBK/PLK1/BMP2/MAPK8IP1/PDE4D/IGFBP3/PRKCD/CALM1/MYADM/CADM4/TRIB3/ERRFI1/GADD45A/ENPP1/SPRY1/APOE/DRD2/NIBAN1/CDKN1A/NR2F2/SOCS3/RGS2/TRIB1/SRCIN1/SMO/PAQR3/CEP85/INPP5F/SPRY2/GRB10/CORO1C/INPP5J/PTPRJ/XDH/IPO7/CD109/IPO5/FBLN1/SOCS1/RASSF2/SLC8A1/KIRREL1/CEACAM1/SLIT2/UBASH3B/CADM1/PRKDC/OCLN/CBLB/LYN/PPM1E/PRKAR2B/IL1B/INCA1,60
BP,GO:0070286,axonemal dynein complex assembly,13/2408,40/18888,9.641808164355479e-4,0.01657511979023389,0.013847539151026657,CCDC103/CCDC40/TEKT2/DNAI4/TTC12/ODAD4/ODAD3/DNAAF3/DNAI1/DNAH1/DNAAF8/DNAAF4/ZMYND10,13
BP,GO:0071459,"protein localization to chromosome, centromeric region",13/2408,40/18888,9.641808164355479e-4,0.01657511979023389,0.013847539151026657,CDK1/HASPIN/CENPA/TTK/AURKB/KNL1/BUB1B/ZWILCH/SPDL1/H4C8/KNTC1/H2AC8/H4C9,13
BP,GO:0090303,positive regulation of wound healing,18/2408,65/18888,9.751687418480291e-4,0.016669031694932033,0.013925997032086511,CXCR4/SERPINE1/EMILIN1/MYLK/EMILIN2/XBP1/PLAU/CLDN4/F3/CCN4/PLAT/OCLN/ADRA2A/RREB1/CLDN1/SERPINF2/DUOX2/HPSE,18
BP,GO:1905330,regulation of morphogenesis of an epithelium,18/2408,65/18888,9.751687418480291e-4,0.016669031694932033,0.013925997032086511,AGT/NOG/SOX8/LIF/PDGFA/GATA3/FGF1/SHH/SMO/PAX8/HOXB7/LBX2/ADAMTS12/FGF7/NTN4/TACSTD2/GDNF/CXCL10,18
BP,GO:0099084,postsynaptic specialization organization,14/2408,45/18888,0.001013528643741258,0.01727579614783828,0.014432913098057939,LRRC4B/LRRC4/ARF6/NRXN2/NPTX1/SLITRK3/NTNG2/TMEM108/SHANK3/LRRTM2/PTK2B/OPHN1/IL1RAP/C1QL2,14
BP,GO:0085029,extracellular matrix assembly,16/2408,55/18888,0.0010300564170923508,0.01750805752319787,0.014626953836783595,AGT/MFAP4/THSD4/FBLN5/HAS2/EMILIN1/PHLDB1/COL3A1/GPM6B/COL1A2/PHLDB2/EFEMP2/ELN/MYH11/NTN4/LOX,16
BP,GO:0003338,metanephros morphogenesis,11/2408,31/18888,0.0010351046709454973,0.01754444265304812,0.014657351475925447,SOX8/KIF26B/LIF/CALB1/SMO/HES5/FOXJ1/PAX8/FMN1/GDNF/WT1,11
BP,GO:0042692,muscle cell differentiation,77/2408,428/18888,0.001040940100339382,0.01759392875475583,0.014698694207652368,ID2/SDC1/DLL1/PGM5/RGS4/CDK1/NPNT/BMP2/ADM/ACTN2/FHL2/KRT8/GDF15/CACNB4/MYH9/HEY2/CCN3/PDGFRB/DYRK1B/FGFR2/XBP1/EDNRB/ACTN1/TCF23/ADAMTS15/SOX6/CXADR/BHLHE41/SMAD1/NID1/RGS2/FHOD3/SHH/MYBPC2/SMO/PDGFB/ADGRB1/KLHL41/GPER1/CFL2/KLF5/LRRC27/RBM24/TMOD4/TMOD1/ADAM12/EFEMP2/SLC8A1/NAGLU/DNER/MYH11/MYH7/LBX2/MYH3/LAMC1/CSRP3/GATA6/TMOD2/HOPX/PLPP7/LMOD1/MYOZ2/SYNE1/LDB3/SYNPO2L/TANC1/CASQ1/TNNT3/MYPN/CYP26B1/CXCL10/WT1/ADAMTS5/LOX/STAC3/COMP/AKAP6,77
BP,GO:0055001,muscle cell development,42/2408,204/18888,0.0010578895989787006,0.017830463240886812,0.014896304879473677,SDC1/PGM5/RGS4/CDK1/ADM/ACTN2/FHL2/KRT8/CACNB4/HEY2/PDGFRB/ACTN1/CXADR/RGS2/FHOD3/MYBPC2/SMO/KLHL41/CFL2/LRRC27/TMOD4/TMOD1/EFEMP2/SLC8A1/NAGLU/DNER/MYH11/MYH7/MYH3/CSRP3/TMOD2/LMOD1/MYOZ2/LDB3/SYNPO2L/CASQ1/TNNT3/MYPN/LOX/STAC3/COMP/AKAP6,42
BP,GO:0022898,regulation of transmembrane transporter activity,46/2408,229/18888,0.0010866725458286513,0.018205919332696767,0.015209976394167228,ATP1B2/CCL2/ATP1A2/NLGN3/ACTN2/CACNB4/SHISA9/CALM1/FGF13/CACNG7/HAP1/CNIH3/KCNG1/DRD2/ANK3/CNIH2/MAPK8IP2/KCNIP2/SLC6A9/MMP9/CACNG8/SHANK3/FXYD5/GSTM2/SCN1B/PTK2B/KCNAB1/JPH3/CLIC2/JPH1/SCN4B/NOS1AP/SLN/GPR35/ADRA2A/JPH2/ANTKMT/FXYD2/GAL/EPO/CASQ1/FXYD7/PCSK9/STAC3/AKAP6/KCNRG,46
BP,GO:0071241,cellular response to inorganic substance,46/2408,229/18888,0.0010866725458286513,0.018205919332696767,0.015209976394167228,FOS/SLC1A1/HSP90B1/ADCY1/AKR1C3/CDK2/RAD51/CCNA2/KCNJ10/MT1X/NPTX1/SERPINF1/BLM/ANK3/TIMELESS/JUNB/ADGRV1/TF/MMP9/ITPKA/SHH/ITPKC/CPNE5/ECT2/GLRA2/MT3/MAP1LC3A/TFAP2A/AQP1/SCN5A/SLC25A24/SLC39A8/KCNK3/ADCY7/PRKAA2/HSD17B1/INHBB/CDH1/KCNA1/IQGAP1/HVCN1/CLDN1/BMP6/SYT5/SYT13/CPNE7,46
BP,GO:0110053,regulation of actin filament organization,53/2408,273/18888,0.0010892172487742015,0.018205919332696767,0.015209976394167228,MET/RGS4/CDC42EP3/ACTN2/ARF6/PRKCD/MYADM/NRP1/WNT11/LIMCH1/SPTB/ARHGEF10L/ARHGAP18/FHOD3/PTGER4/HIP1R/PAK3/CFL2/CYFIP2/CYRIA/S100A10/SHANK3/CARMIL3/RHPN1/TMOD4/TMOD1/PHLDB2/TGFB3/AVIL/SSH3/PTK2B/SVIL/ELN/ADD2/CARMIL1/MTSS1/KIRREL1/KANK3/KANK4/SLIT2/PICK1/SWAP70/F11R/TMOD2/LMOD1/PPM1E/SYNPO2L/SERPINF2/MYOC/FMN1/TACSTD2/PIK3R2/F2RL1,53
BP,GO:0031960,response to corticosteroid,34/2408,156/18888,0.0011046409328042016,0.018318224100030416,0.01530380043177183,FOS/FOSL1/FIBIN/SDC1/A2M/TYMS/AKR1C3/SGK1/ACSBG1/MAOB/ADM/GJB2/PCNA/SLIT3/SERPINF1/CDKN1A/FOSL2/CDO1/STC1/PCK2/GPER1/ZFP36L2/FAM107A/AQP1/SSTR2/ND3/SLIT2/ALPL/GHR/SCNN1D/EPO/CLDN1/BMP6/PTGDS,34
BP,GO:0045835,negative regulation of meiotic nuclear division,6/2408,11/18888,0.001111115349786399,0.018318224100030416,0.01530380043177183,TRIP13/ZWINT/LIF/FBXO5/KNL1/FBXO43,6
BP,GO:0051386,regulation of neurotrophin TRK receptor signaling pathway,6/2408,11/18888,0.001111115349786399,0.018318224100030416,0.01530380043177183,AGT/DOK5/SPRY1/TMEM108/SPRY2/CYFIP2,6
BP,GO:0060623,regulation of chromosome condensation,6/2408,11/18888,0.001111115349786399,0.018318224100030416,0.01530380043177183,NCAPH/NCAPG/SMC4/NCAPG2/NCAPD2/NCAPD3,6
BP,GO:1902412,regulation of mitotic cytokinesis,6/2408,11/18888,0.001111115349786399,0.018318224100030416,0.01530380043177183,KIF20B/CDCA8/MAP9/AURKB/BIRC5/INCENP,6
BP,GO:0032956,regulation of actin cytoskeleton organization,64/2408,344/18888,0.0011277786134068493,0.018542278346858117,0.015490984596602324,MET/RGS4/CDC42EP3/ACTN2/ARF6/PDGFA/RND2/PRKCD/MYADM/NRP1/WNT11/PDGFRB/GPM6B/LIMCH1/SPTB/ARHGEF10L/ARHGAP18/FHOD3/CSF1R/PTGER4/HIP1R/ECT2/PAK3/CFL2/CYFIP2/RND3/CYRIA/S100A10/SHANK3/CARMIL3/RHPN1/TMOD4/TMOD1/EFNA5/PHLDB2/TGFB3/AVIL/SSH3/PTK2B/FAM107A/SVIL/SIGLEC15/ELN/ADD2/CARMIL1/MTSS1/KIRREL1/KANK3/KANK4/SLIT2/IQGAP2/PICK1/SWAP70/F11R/TMOD2/LMOD1/PPM1E/SYNPO2L/SERPINF2/MYOC/FMN1/TACSTD2/PIK3R2/F2RL1,64
BP,GO:0016049,cell growth,87/2408,496/18888,0.0011466150808656977,0.018800748363977226,0.01570692111632101,AGT/CXCR4/SFRP2/L1CAM/RGMA/SEMA5B/AURKA/RGS4/NLGN3/DRAXIN/TSPYL2/SGK1/DCLK1/S100B/CRYAB/RPS6KA1/RND2/IGFBP3/JADE2/TNN/NTN1/SEMA6B/SPP1/NRP1/CCN3/WNT11/FGF13/ING4/PRDM11/ENPP1/CACNG7/SEMA3A/ARHGAP4/SLIT3/CLSTN3/APOE/KIF14/CDKN1A/CDHR2/CDH4/SEMA6C/POSTN/RGS2/GNG4/BRCA1/TSC22D4/TMEM108/FRZB/CPNE5/MT3/CYFIP2/CRABP2/TNC/PTPRJ/EFNA5/SEMA6D/RPS6KA3/PTK2B/PTCH2/FAM107A/SEMA6A/FSTL4/SEMA7A/NRP2/CRLF3/SPHK1/NANOS1/NRCAM/EPHA7/CEACAM1/ARMC12/DNAJB2/SLIT2/SPOCK1/BCL6/CDH1/MFSD2A/TEAD1/IQGAP1/MACF1/CISH/S100A8/TNR/FLRT1/IGFBPL1/WT1/AKAP6,87
BP,GO:0021987,cerebral cortex development,29/2408,127/18888,0.001159563499735897,0.01896153430191437,0.015841248324733163,ASCL1/ADGRG1/WDR62/SLC2A1/ARX/COL3A1/GRIA1/LRP8/LHX6/FGF13/FOXG1/KIF14/POU3F3/TACC3/SMO/FBXO45/NOTCH2NLA/NTRK2/TACC1/NDE1/NOTCH2NLC/ASPM/SLIT2/ARHGAP11B/HIF1A/KCNA1/CDK5R2/NOTCH2NLB/CCDC141,29
BP,GO:0006516,glycoprotein catabolic process,12/2408,36/18888,0.0011674634524053876,0.019039120194092186,0.015906066781136277,MAN1C1/IDUA/FBXO6/SGSH/FBXO44/NAGLU/NEU4/FBXO2/MAN1A1/ADAMTS12/FBXO27/HPSE,12
BP,GO:0099560,synaptic membrane adhesion,10/2408,27/18888,0.0011929925312772144,0.01940301060303696,0.01621007584703243,ITGA3/LRRC4B/LRRC4/PCDH17/SLITRK3/NTNG2/SLITRK1/EFNA5/IL1RAP/NTNG1,10
BP,GO:0048754,branching morphogenesis of an epithelial tube,34/2408,157/18888,0.0012406594255505343,0.020101390685834605,0.0167935313913197,AGT/NOG/MET/SOX8/SFRP2/NPNT/BMP2/MYC/NRP1/HS3ST3A1/FGFR2/SPRY1/TIMELESS/FGF1/LAMA5/SHH/SMO/EPHA2/SPRY2/TMEM59L/TNC/VDR/CITED1/PAX8/PTCH1/RBM15/HOXB7/SLIT2/PKHD1/GBX2/CSMD1/TACSTD2/GDNF/WT1,34
BP,GO:0051017,actin filament bundle assembly,35/2408,163/18888,0.0012425950821704189,0.020101390685834605,0.0167935313913197,MET/HSP90B1/DIAPH3/NRP1/WNT11/PLS1/LIMCH1/ARHGEF10L/ACTN1/SORBS1/PTGER4/S100A10/SHANK3/RHPN1/PHLDB2/TGFB3/LIMD2/PTK2B/FAM107A/ELN/ADD2/CARMIL1/MTSS1/LCP1/SWAP70/F11R/PDLIM1/FSCN2/PPM1E/SYNPO2L/SERPINF2/MYOC/TACSTD2/PIK3R2/FMN2,35
BP,GO:0061045,negative regulation of wound healing,20/2408,77/18888,0.0012603787155914623,0.020334559277751026,0.016988330056199024,SERPINE1/PLAUR/ADAMTS18/PROS1/PDGFA/PRKCD/PLAU/APOE/TAFA5/SH2B3/PDGFB/PHLDB2/PLAT/CD109/TSPAN8/CEACAM1/UBASH3B/SERPINF2/MMRN1/PROC,20
BP,GO:0009314,response to radiation,77/2408,431/18888,0.0012731340647015095,0.020485575857090425,0.01711449553924359,FOS/NOG/BMF/ID2/MFAP4/ATP1A2/PLEKHB1/SFRP2/KCNC1/DTL/SEMA5B/PBK/RGR/RPE65/RAD54L/CRYAB/FANCD2/COL3A1/CDC25A/RAD51/MYC/PPP1R1B/CACNB4/PRKCD/FEN1/AEN/XRCC2/BRCA2/AURKB/GADD45A/RRM1/GPR88/GATA3/TICRR/PCNA/POLH/RFWD3/CCND1/RAD51AP1/DRD2/BLM/CDKN1A/POLD3/DCT/ABCA7/ROM1/MMP9/OPN3/BRCA1/BARD1/NDRG4/ABCC8/ECT2/MAP3K20/CERS1/CRB1/B3GAT1/TMEM109/POLD1/NABP1/MMP1/PAXIP1/AQP1/CABP4/SLC7A11/TP53INP1/FIGNL1/ND3/MSH6/CHRNB2/PRKDC/HIF1A/SYNE1/TANC1/CPT1B/VCAM1/CXCL10,77
BP,GO:0030517,negative regulation of axon extension,14/2408,46/18888,0.001288268099679057,0.020655104136090306,0.017256126460188138,SEMA5B/DRAXIN/NTN1/SEMA6B/NRP1/SEMA3A/ARHGAP4/SEMA6C/MT3/SEMA6D/SEMA6A/SEMA7A/CDH1/TNR,14
BP,GO:0001763,morphogenesis of a branching structure,42/2408,206/18888,0.0012919785410006952,0.020655104136090306,0.017256126460188138,AGT/NOG/MET/SOX8/SFRP2/NPNT/BMP2/ADM/PDGFA/MYC/NRP1/FGF13/HS3ST3A1/FGFR2/SPRY1/DRD2/TIMELESS/FGF1/SOCS3/LAMA5/SHH/SMO/EPHA2/SPRY2/TMEM59L/TNC/VDR/CITED1/PAX8/EPHA7/PTCH1/RBM15/HOXB7/SLIT2/PKHD1/GBX2/FGF7/NTN4/CSMD1/TACSTD2/GDNF/WT1,42
BP,GO:0001558,regulation of cell growth,75/2408,418/18888,0.0012939392382237546,0.020655104136090306,0.017256126460188138,AGT/CXCR4/SFRP2/L1CAM/RGMA/SEMA5B/RGS4/DRAXIN/TSPYL2/SGK1/CRYAB/RPS6KA1/RND2/IGFBP3/JADE2/NTN1/SEMA6B/SPP1/NRP1/CCN3/WNT11/FGF13/ING4/PRDM11/ENPP1/CACNG7/SEMA3A/ARHGAP4/SLIT3/CLSTN3/APOE/KIF14/CDKN1A/CDHR2/CDH4/SEMA6C/RGS2/GNG4/BRCA1/FRZB/CPNE5/MT3/CRABP2/TNC/PTPRJ/EFNA5/SEMA6D/RPS6KA3/PTK2B/PTCH2/FAM107A/SEMA6A/FSTL4/SEMA7A/CRLF3/SPHK1/NANOS1/NRCAM/EPHA7/CEACAM1/ARMC12/DNAJB2/SLIT2/SPOCK1/BCL6/CDH1/MFSD2A/TEAD1/MACF1/CISH/S100A8/TNR/IGFBPL1/WT1/AKAP6,75
BP,GO:0071248,cellular response to metal ion,41/2408,200/18888,0.001313107412821958,0.02090577870440025,0.017465550340242626,FOS/SLC1A1/HSP90B1/ADCY1/AKR1C3/KCNJ10/MT1X/NPTX1/SERPINF1/ANK3/JUNB/ADGRV1/TF/MMP9/ITPKA/SHH/ITPKC/CPNE5/ECT2/GLRA2/MT3/MAP1LC3A/TFAP2A/AQP1/SCN5A/SLC25A24/SLC39A8/KCNK3/ADCY7/PRKAA2/HSD17B1/INHBB/CDH1/KCNA1/IQGAP1/HVCN1/CLDN1/BMP6/SYT5/SYT13/CPNE7,41
BP,GO:0018108,peptidyl-tyrosine phosphorylation,52/2408,269/18888,0.001331256006574451,0.021034903299783223,0.017573426356377344,AGT/CSPG4/GPRC5A/PECAM1/EFEMP1/SFRP2/EFNA1/ITGA5/NOD2/ENPP2/TTBK1/EHD4/LIF/PDGFA/EPHA4/CD74/LRP8/PRKCD/KITLG/CADM4/ERRFI1/NRP1/PDGFRB/FGFR2/IL11/IL6R/PKDCC/TGFA/SOCS3/CSF1R/SRCIN1/THBS4/PDGFB/GPRC5B/HES5/INPP5F/PTPRJ/EFNA5/PTK2B/SOCS1/EPHA7/TNFRSF14/GHR/TSLP/CBLB/FGFR3/LYN/FGF7/EPO/BMP6/HPX/AATK,52
BP,GO:0031290,retinal ganglion cell axon guidance,9/2408,23/18888,0.0013316760126810062,0.021034903299783223,0.017573426356377344,EPHB1/NDP/NRP1/EPHB3/EFNA5/NRCAM/EPHA7/SLIT2/ROBO2,9
BP,GO:0097107,postsynaptic density assembly,9/2408,23/18888,0.0013316760126810062,0.021034903299783223,0.017573426356377344,LRRC4B/NRXN2/NPTX1/SLITRK3/SHANK3/LRRTM2/PTK2B/IL1RAP/C1QL2,9
BP,GO:0051384,response to glucocorticoid,30/2408,134/18888,0.0013461515563773642,0.021208037835981762,0.017718070093420905,FOS/FOSL1/FIBIN/SDC1/A2M/TYMS/ACSBG1/MAOB/ADM/GJB2/PCNA/SLIT3/SERPINF1/CDKN1A/FOSL2/CDO1/STC1/PCK2/ZFP36L2/FAM107A/AQP1/SSTR2/ND3/SLIT2/ALPL/GHR/EPO/CLDN1/BMP6/PTGDS,30
BP,GO:0034501,protein localization to kinetochore,7/2408,15/18888,0.0013701903623195327,0.021418986130145236,0.017894305004494796,CDK1/TTK/AURKB/KNL1/ZWILCH/SPDL1/KNTC1,7
BP,GO:0051299,centrosome separation,7/2408,15/18888,0.0013701903623195327,0.021418986130145236,0.017894305004494796,AURKA/MAP9/NEK2/KIF11/CHEK1/CEP85/NDE1,7
BP,GO:1903083,protein localization to condensed chromosome,7/2408,15/18888,0.0013701903623195327,0.021418986130145236,0.017894305004494796,CDK1/TTK/AURKB/KNL1/ZWILCH/SPDL1/KNTC1,7
BP,GO:0043409,negative regulation of MAPK cascade,36/2408,170/18888,0.0013847917373438095,0.021591300628249474,0.018038263647870267,AGT/DUSP5/DUSP6/P2RX7/EFNA1/EMILIN1/NDRG2/SPRY4/FOXM1/PBK/BMP2/LIF/MYC/MAPK8IP1/EPHA4/PRKCD/DUSP9/SPRY1/DUSP4/APOE/ABCA7/RGS2/TAOK3/SH2B3/PAQR3/GPER1/SPRY2/PTPRJ/FBLN1/SEMA6A/MARVELD3/DUSP8/LYN/PIK3R2/F2RL1/IL1B,36
BP,GO:0050731,positive regulation of peptidyl-tyrosine phosphorylation,35/2408,164/18888,0.0013899213807790998,0.02161542683407497,0.01805841967593898,AGT/CSPG4/PECAM1/EFNA1/ITGA5/NOD2/ENPP2/EHD4/LIF/EPHA4/CD74/LRP8/KITLG/NRP1/IL11/IL6R/TGFA/CSF1R/SRCIN1/THBS4/PDGFB/GPRC5B/HES5/PTPRJ/EFNA5/PTK2B/TNFRSF14/GHR/TSLP/FGFR3/LYN/FGF7/EPO/BMP6/HPX,35
BP,GO:0070372,regulation of ERK1 and ERK2 cascade,58/2408,308/18888,0.0013986647678436764,0.021684849578364657,0.018116418301691875,CCL2/DUSP6/FAM83D/EMILIN1/NOD2/NDRG2/MAP3K12/ACKR3/EPHB1/NPNT/BMP2/CHI3L1/LIF/PDGFA/EPHA4/CD74/NRP1/PDGFRB/FGFR2/SPRY1/DUSP4/APOE/DRD2/FGF1/ABCA7/AKAP12/CSF1R/GCNT2/PDGFB/NDRG4/EPHA2/MT3/GPER1/SPRY2/MTURN/P2RY1/RAMP3/FGF21/CCL25/PTK2B/FBLN1/SEMA6A/SEMA7A/BMPER/HLA-DRB1/EPHA7/CEACAM1/PKHD1/TNFAIP8L3/ACTA2/FGFR3/LYN/EPO/FGF18/SERPINF2/C5AR1/F2RL1/IL1B,58
BP,GO:0048588,developmental cell growth,47/2408,238/18888,0.0014015729757312259,0.021684849578364657,0.018116418301691875,CXCR4/L1CAM/RGMA/SEMA5B/AURKA/RGS4/NLGN3/DRAXIN/DCLK1/S100B/RND2/TNN/NTN1/SEMA6B/SPP1/NRP1/FGF13/CACNG7/SEMA3A/ARHGAP4/SLIT3/APOE/CDH4/SEMA6C/POSTN/RGS2/TSC22D4/TMEM108/CPNE5/MT3/CYFIP2/CRABP2/EFNA5/SEMA6D/SEMA6A/FSTL4/SEMA7A/NRP2/NRCAM/EPHA7/SLIT2/CDH1/IQGAP1/MACF1/TNR/FLRT1/AKAP6,47
BP,GO:0000212,meiotic spindle organization,8/2408,19/18888,0.001412426204344386,0.021741274788301086,0.018163558250819722,AURKA/CCNB2/NDC80/MYH9/ESPL1/FBXO5/TUBG1/ASPM,8
BP,GO:0035338,long-chain fatty-acyl-CoA biosynthetic process,8/2408,19/18888,0.001412426204344386,0.021741274788301086,0.018163558250819722,ACSBG1/ACSL3/ACSL6/ELOVL6/HACD1/ELOVL5/HACD2/ELOVL7,8
BP,GO:0061640,cytoskeleton-dependent cytokinesis,27/2408,117/18888,0.0014273813773103788,0.021822126638956177,0.018231105223725404,KIF20B/CDCA8/CENPA/PLK1/CIT/IQGAP3/RACGAP1/ESPL1/CEP55/MAP9/AURKB/ANLN/KIF23/KIF4A/KIF20A/BIRC5/ANK3/SEPTIN6/KIF4B/SEPTIN11/ECT2/INCENP/CKAP2/IQGAP2/IQGAP1/CHMP4A/FMN2,27
BP,GO:1901989,positive regulation of cell cycle phase transition,27/2408,117/18888,0.0014273813773103788,0.021822126638956177,0.018231105223725404,RRM2/DTL/FAM83D/CDK1/CCNB1/CCNE2/CDC25A/CDCA5/ESPL1/FBXO5/CDC6/RRM1/DLGAP5/UBE2C/CCND1/HSPA2/ATAD5/CDC25C/CDC7/CDC20/DYRK3/CENPJ/STIL/MBLAC1/LSM11/UBE2E2/MAPK15,27
BP,GO:0061180,mammary gland epithelium development,18/2408,67/18888,0.0014285283431202669,0.021822126638956177,0.018231105223725404,ID2/LBH/IQGAP3/NTN1/BRCA2/FGFR2/GATA3/CCND1/CSF1R/SMO/EPHA2/VDR/PTCH1/HIF1A/RREB1/STAT6/CSMD1/IRF6,18
BP,GO:2000242,negative regulation of reproductive process,20/2408,78/18888,0.0014953216094348513,0.022730793213337125,0.01899024278189758,TRIP13/ZWINT/NPPC/LIF/PTGDR2/MYH9/TTK/FBXO5/ADA/SERPINF1/KNL1/PKMYT1/ZP1/PLAT/SNAI1/MAEL/FBXO43/PTGDS/WT1/SYCP2,20
BP,GO:0061138,morphogenesis of a branching epithelium,39/2408,189/18888,0.0014955460566282465,0.022730793213337125,0.01899024278189758,AGT/NOG/MET/SOX8/SFRP2/NPNT/BMP2/ADM/PDGFA/MYC/NRP1/HS3ST3A1/FGFR2/SPRY1/TIMELESS/FGF1/SOCS3/LAMA5/SHH/SMO/EPHA2/SPRY2/TMEM59L/TNC/VDR/CITED1/PAX8/PTCH1/RBM15/HOXB7/SLIT2/PKHD1/GBX2/FGF7/NTN4/CSMD1/TACSTD2/GDNF/WT1,39
BP,GO:0007219,Notch signaling pathway,38/2408,183/18888,0.0015144428925352278,0.022960171893360717,0.01918187519796669,ASCL1/DLL1/NOD2/BMP2/DLL3/TIMP4/NEURL1B/HEY2/CCN3/PERP/PRAG1/TMEM100/ENHO/PTP4A3/POSTN/S1PR3/DTX3/HES5/JAG2/NOTCH2NLA/MFNG/CHAC1/NOTCH2NLC/MIB2/DNER/SNAI1/RBM15/NRIP2/ROBO2/DTX1/BCL6/HOXD3/DLK2/GRIP2/HES7/NOTCH2NLB/PGAM2/ONECUT1,38
BP,GO:0002052,positive regulation of neuroblast proliferation,12/2408,37/18888,0.001529833098592287,0.023135370719062305,0.0193282435276572,NCAN/BCAN/WDR62/FOXG1/DRD2/DCT/SHH/SMO/ASPM/OTP/HIF1A/ACAN,12
BP,GO:0051494,negative regulation of cytoskeleton organization,35/2408,165/18888,0.0015522243480125353,0.023415304289769096,0.019562111585873766,APC2/MET/TPX2/DIAPH3/CLIP3/CCNF/PRKCD/MYADM/FGF13/SPTB/IQCJ-SCHIP1/FHOD3/BRCA1/HIP1R/SHANK3/RHPN1/TMOD4/TMOD1/PHLDB2/AVIL/SSH3/SVIL/ADD2/CARMIL1/CKAP2/KANK3/KANK4/SLIT2/PICK1/SWAP70/F11R/TMOD2/LMOD1/MYOC/TACSTD2,35
BP,GO:0006936,muscle contraction,65/2408,355/18888,0.0015710617200106504,0.023640365133526842,0.019750136703323283,CXCR4/SULF2/ATP1A2/ADRA1B/TPM4/NPNT/CACNA1G/ABAT/CRYAB/MYLK/PDE4D/CALM1/ADA/FGF13/TPM3/ATP1A1/EDNRB/KCND3/MAP2K6/DRD2/KCNMA1/KCNIP2/RGS2/STC1/KLHL41/GPER1/DSG2/TMOD4/TMOD1/GSTM2/ATP2B1/SCN1B/SCN5A/KCNJ2/SSTR2/SLC8A1/SPHK1/MYL5/CLIC2/SCN1A/CHRNB2/P2RX6/SCN4B/NOS1AP/MYH11/MYH7/CALML6/MYH3/PDE4B/TRPV1/CSRP3/ACTA2/ADRA2A/TMOD2/LMOD1/KCNA1/GRIP2/CASQ1/CHRNE/TNNT3/SCN8A/GDNF/PGAM2/STAC3/COMP,65
BP,GO:0018212,peptidyl-tyrosine modification,52/2408,271/18888,0.0015755102014565813,0.023648329740271173,0.0197567906645079,AGT/CSPG4/GPRC5A/PECAM1/EFEMP1/SFRP2/EFNA1/ITGA5/NOD2/ENPP2/TTBK1/EHD4/LIF/PDGFA/EPHA4/CD74/LRP8/PRKCD/KITLG/CADM4/ERRFI1/NRP1/PDGFRB/FGFR2/IL11/IL6R/PKDCC/TGFA/SOCS3/CSF1R/SRCIN1/THBS4/PDGFB/GPRC5B/HES5/INPP5F/PTPRJ/EFNA5/PTK2B/SOCS1/EPHA7/TNFRSF14/GHR/TSLP/CBLB/FGFR3/LYN/FGF7/EPO/BMP6/HPX/AATK,52
BP,GO:0071901,negative regulation of protein serine/threonine kinase activity,23/2408,95/18888,0.0015944720821869536,0.023873559662322772,0.0199449570369422,AGT/PKIB/SPRY4/PLK1/BMP2/MAPK8IP1/PRKCD/GADD45A/SPRY1/APOE/CDKN1A/NR2F2/RGS2/PAQR3/SPRY2/PTPRJ/IPO7/IPO5/SLC8A1/LYN/PRKAR2B/IL1B/INCA1,23
BP,GO:0032467,positive regulation of cytokinesis,14/2408,47/18888,0.0016225793744233921,0.024234267191264227,0.02024630699352169,KIF20B/CDCA8/CIT/RACGAP1/CDC6/AURKB/KIF23/BIRC5/DRD2/KIF14/ECT2/INCENP/SVIL/PKP4,14
BP,GO:0034765,regulation of monoatomic ion transmembrane transport,64/2408,349/18888,0.0016334766902962067,0.024336786047524223,0.02033195547713719,ATP1B2/CCL2/ATP1A2/P2RX7/PLP1/KCNC1/RGS4/NLGN3/KCNN4/ACTN2/PDE4D/CACNB4/CALM1/KCNJ10/FGF13/HAP1/KCNG1/DRD2/ANK3/KCNIP2/SLC6A9/MMP9/KCNIP3/GPER1/KCNJ9/SHANK3/FXYD5/GSTM2/KCNJ11/SCN1B/PTK2B/SCN5A/KCNAB1/KCNJ2/JPH3/SLC8A1/GRIN2D/CLIC2/JPH1/SCN4B/NOS1AP/SLN/GPR35/UBASH3B/PDE4B/ADRA2A/CEMIP/JPH2/LYN/ANTKMT/FXYD2/GAL/EPO/GJC2/CASQ1/GRIN2B/FXYD7/PCSK9/CXCL10/KCNJ16/STAC3/GRIN2C/AKAP6/KCNRG,64
BP,GO:0010971,positive regulation of G2/M transition of mitotic cell cycle,10/2408,28/18888,0.001645891758384097,0.02440125520906546,0.02038581567542077,DTL/CDK1/CCNB1/CDC25A/FBXO5/RRM1/CCND1/HSPA2/CDC25C/CDC7,10
BP,GO:0090330,regulation of platelet aggregation,10/2408,28/18888,0.001645891758384097,0.02440125520906546,0.02038581567542077,ADAMTS18/EMILIN1/EMILIN2/PRKCD/SH2B3/CEACAM1/UBASH3B/F11R/LYN/MMRN1,10
BP,GO:0001894,tissue homeostasis,50/2408,259/18888,0.0016762099837503409,0.02472922015146591,0.020659811123871785,ATP1B2/SLC1A1/P2RX7/PECAM1/NOD2/NT5E/RPE65/SLC2A1/NDP/COL3A1/CD34/LTBP3/ERRFI1/SPP1/CRB2/CXADR/FOSL2/ADGRV1/TF/CSF1R/GCNT2/SMO/ILDR2/BARD1/ABCC8/POC1B/CRB1/SCX/AKT3/PTK2B/PPARGC1B/TJP3/SIGLEC15/SLC39A8/NANOS1/NAGLU/CROCC/UBASH3B/ALPL/INAVA/LAMC1/MFSD2A/OCLN/F11R/CYTL1/ABCC6/CLDN1/RAC2/CIB2/COMP,50
BP,GO:0060249,anatomical structure homeostasis,50/2408,259/18888,0.0016762099837503409,0.02472922015146591,0.020659811123871785,ATP1B2/SLC1A1/P2RX7/PECAM1/NOD2/NT5E/RPE65/SLC2A1/NDP/COL3A1/CD34/LTBP3/ERRFI1/SPP1/CRB2/CXADR/FOSL2/ADGRV1/TF/CSF1R/GCNT2/SMO/ILDR2/BARD1/ABCC8/POC1B/CRB1/SCX/AKT3/PTK2B/PPARGC1B/TJP3/SIGLEC15/SLC39A8/NANOS1/NAGLU/CROCC/UBASH3B/ALPL/INAVA/LAMC1/MFSD2A/OCLN/F11R/CYTL1/ABCC6/CLDN1/RAC2/CIB2/COMP,50
BP,GO:0010972,negative regulation of G2/M transition of mitotic cell cycle,18/2408,68/18888,0.0017151449501708758,0.02524191373007577,0.02108813649902009,DTL/ORC1/CDK1/PLK1/CLSPN/CDC6/AURKB/TICRR/WEE1/BLM/CDKN1A/CHEK1/PKMYT1/RBBP8/TAOK3/BRCA1/BARD1/NABP1,18
BP,GO:0000082,G1/S transition of mitotic cell cycle,46/2408,234/18888,0.0017220542887511655,0.025281935713684995,0.021121572515890207,ID2/RRM2/CCL2/CDK1/CDKN3/CDK2/CCNE2/CDC25A/E2F7/IQGAP3/MYC/GTSE1/CCNA2/CACNB4/E2F1/RCC1/CDC6/RRM1/RFWD3/CCND1/WEE1/KIF14/CDKN1A/SMARCE1/DBF4/RPS27L/RBBP8/BCAT1/GFI1B/PLK5/ACTL6A/CDC7/CENPJ/FAM107A/MUC1/RBL1/STIL/CRLF3/MBLAC1/USP37/EIF4EBP1/PRKDC/APPL1/LSM11/GJC2/UBE2E2,46
BP,GO:0030010,establishment of cell polarity,33/2408,154/18888,0.0017442688386651707,0.025545917894431166,0.021342114124597602,KIF26B/KIF20B/AMOTL2/MAD2L1/DIAPH3/CENPA/PLK1/EPHB1/ARF6/NDC80/MYH9/WWC1/FGF13/SPAG5/MSN/GATA3/SPRY1/CRB2/WEE1/GPSM2/SHH/HES5/FOXJ1/SPRY2/CRB1/PHLDB2/SPDL1/NDE1/OPHN1/PKHD1/CORO7/PARD3B/CYP26B1,33
BP,GO:0060079,excitatory postsynaptic potential,25/2408,107/18888,0.0017505709854019858,0.02557613880366969,0.021367361919434457,P2RX7/RGS4/NLGN3/CHRNA9/TMEM25/SLC29A1/DRD2/MAPK8IP2/STX1B/TMEM108/GLRA2/SHANK3/CHRNA5/PTK2B/GRIN2D/CHRNB2/P2RX6/TRPV1/SYNE1/GRIK2/NPFF/CHRNE/GRIN2B/GRIN2C/CHRFAM7A,25
BP,GO:0098739,import across plasma membrane,41/2408,203/18888,0.001763736203764502,0.025706242158248804,0.021476055631396387,GFAP/ATP1B2/SLC1A1/ATP1A2/SLC7A5/RGS4/SLC43A2/SLC2A1/CACNA1G/SLC38A3/SLC1A5/KCNJ10/ATP1A1/CNGA3/SLC6A9/RGS2/SLC38A1/ABCC8/SLC7A1/CACNA1E/KCNJ9/SLC16A2/SLC7A2/KCNJ11/SLC2A10/KCNJ2/SLC7A11/SLC12A5/SLC8A1/SLC15A2/SLC39A8/SLC5A3/STEAP2/LRRC8B/SLC9A9/TRPV1/SCNN1D/FXYD2/LRRC8C/KCNJ16/CACNA1I,41
BP,GO:0006813,potassium ion transport,47/2408,241/18888,0.0018305783649308254,0.026616168322873737,0.022236245503243428,ATP1B2/ATP1A2/KCNF1/KCNC1/RGS4/KCNN4/CDK2/KCNK10/ACTN2/KCNJ10/ATP1A1/KCND3/KCNG1/DRD2/KCNMA1/ANK3/KCNS3/TMCO3/KCNIP2/KCNIP3/ABCC8/KCNJ9/TMEM175/KCNH3/KCNJ11/KCNC4/PTK2B/AQP1/KCNAB1/KCNJ2/SLC12A5/KCNH8/KCNK3/NOS1AP/SLC9A9/KCNMB2/ATP1B4/KCNK13/KCNMB4/ADRA2A/FXYD2/KCNK2/KCNA1/GAL/KCNJ16/AKAP6/KCNRG,47
BP,GO:0007044,cell-substrate junction assembly,23/2408,96/18888,0.0018485881582936765,0.026813415738327028,0.022401034134788507,ITGB4/ITGA5/ACTN2/NRP1/COL16A1/GPM6B/LIMCH1/ACTN1/TNS1/SORBS1/CORO1C/S100A10/ITGA6/PTPRJ/EFNA5/PHLDB2/PTK2B/FAM107A/LAMC1/MACF1/APOD/MYOC/FMN1,23
BP,GO:0032528,microvillus organization,9/2408,24/18888,0.0018918950011971825,0.027180224850532855,0.022707481605847887,PLS1/CDHR2/KLF5/GLDN/FXYD5/TNIK/ATP8B1/PODXL/STK26,9
BP,GO:0060252,positive regulation of glial cell proliferation,9/2408,24/18888,0.0018918950011971825,0.027180224850532855,0.022707481605847887,GFAP/SLC7A5/ETV5/NTN1/MYB/LYN/PLAG1/PRKCH/IL1B,9
BP,GO:0060706,cell differentiation involved in embryonic placenta development,9/2408,24/18888,0.0018918950011971825,0.027180224850532855,0.022707481605847887,LIF/E2F7/PLK4/KRT8/MDFI/NR2F2/E2F8/SOX15/SNAI1,9
BP,GO:0072273,metanephric nephron morphogenesis,9/2408,24/18888,0.0018918950011971825,0.027180224850532855,0.022707481605847887,SOX8/KIF26B/LIF/SMO/HES5/PAX8/FMN1/GDNF/WT1,9
BP,GO:0048168,regulation of neuronal synaptic plasticity,16/2408,58/18888,0.0019090891329919635,0.02736209935504396,0.022859427073130423,NOG/S100B/SHISA9/KCNJ10/APOE/DRD2/SYP/SHANK3/JPH3/GRIN2D/CLN3/MCTP1/VGF/GRIK2/GRIN2B/GRIN2C,16
BP,GO:0061572,actin filament bundle organization,35/2408,167/18888,0.001926786551235857,0.02755030817572787,0.02301666448956977,MET/HSP90B1/DIAPH3/NRP1/WNT11/PLS1/LIMCH1/ARHGEF10L/ACTN1/SORBS1/PTGER4/S100A10/SHANK3/RHPN1/PHLDB2/TGFB3/LIMD2/PTK2B/FAM107A/ELN/ADD2/CARMIL1/MTSS1/LCP1/SWAP70/F11R/PDLIM1/FSCN2/PPM1E/SYNPO2L/SERPINF2/MYOC/TACSTD2/PIK3R2/FMN2,35
BP,GO:0048863,stem cell differentiation,48/2408,248/18888,0.0019389091043484844,0.02765810292113181,0.0231067206687194,NOG/SOX8/A2M/LBH/SFRP2/SEMA5B/GPM6A/PTN/HMGA2/LIF/KITLG/LTBP3/SEMA6B/NRP1/FGFR2/EDNRB/SOX21/SEMA3A/SOX6/EFNB1/SEMA6C/GSC/PUS7/LAMA5/SHH/SH2B3/SMO/FRZB/HES5/CORO1C/ZFP36L2/SHC4/RBM24/SEMA6D/NOLC1/SEMA6A/SEMA7A/NRP2/NRTN/PRKDC/GBX2/RET/HIF1A/GATA6/RADIL/TACSTD2/GDNF/FOLR1,48
BP,GO:0001889,liver development,31/2408,143/18888,0.001950951748612914,0.02769892435560076,0.02314082457983219,MET/SULF2/SLC7A5/AURKA/PTN/TYMS/RPS6KA1/CEBPG/E2F7/ARF6/ERRFI1/ADA/XBP1/PCNA/CCND1/CCDC40/FGF1/TGFA/E2F8/PCK2/FRZB/ARID5B/NPC1/NAGLU/PTCH1/CEACAM1/CADM1/GATA6/CLDN1/PCSK9/ONECUT1,31
BP,GO:0014074,response to purine-containing compound,31/2408,143/18888,0.001950951748612914,0.02769892435560076,0.02314082457983219,FOS/FOSL1/SDC1/P2RX7/HSP90B1/NT5E/COL1A1/ADA/ENPP1/CNGA3/CDO1/CHEK1/STC1/P2RY1/GSTM2/CITED1/KCNJ11/PTK2B/AQP1/SLC8A1/P2RX6/VGF/INHBB/TRPV1/ITPR2/GATA6/DUOX2/CIB2/IL1B/WT1/AKAP6,31
BP,GO:0045823,positive regulation of heart contraction,12/2408,38/18888,0.0019799690300389057,0.027892796975256803,0.023302793767685716,SLC1A1/ATP1A2/ADRA1B/RGS4/ADM/PDE4D/HEY2/ADA/ATP1A1/RGS2/ADM2/GCH1,12
BP,GO:0044818,mitotic G2/M transition checkpoint,15/2408,53/18888,0.0019815865059895662,0.027892796975256803,0.023302793767685716,DTL/ORC1/CDK1/PLK1/CLSPN/CDC6/TICRR/BLM/CDKN1A/CHEK1/RBBP8/TAOK3/BRCA1/BARD1/NABP1,15
BP,GO:1902692,regulation of neuroblast proliferation,15/2408,53/18888,0.0019815865059895662,0.027892796975256803,0.023302793767685716,NCAN/BCAN/BTG2/PTN/WDR62/FOXG1/DRD2/DCT/SHH/SMO/ASPM/SKOR2/OTP/HIF1A/ACAN,15
BP,GO:0045161,neuronal ion channel clustering,6/2408,12/18888,0.0019830974316183574,0.027892796975256803,0.023302793767685716,AGRN/KCNIP2/GLDN/NRCAM/PICK1/MYOC,6
BP,GO:0098534,centriole assembly,14/2408,48/18888,0.002025994992082695,0.028166441244273675,0.023531407483702287,CDK2/WDR62/PLK4/CEP152/BRCA1/CEP85/POC1B/CCDC57/CEP72/CCP110/CENPJ/RTTN/STIL/CEP44,14
BP,GO:0003176,aortic valve development,13/2408,43/18888,0.0020303636296736855,0.028166441244273675,0.023531407483702287,EFNA1/EMILIN1/BMP2/HEY2/SMAD6/GATA3/SLIT3/TNFRSF1B/ELN/SNAI1/SLIT2/ROBO2/ADAMTS5,13
BP,GO:0003351,epithelial cilium movement involved in extracellular fluid movement,13/2408,43/18888,0.0020303636296736855,0.028166441244273675,0.023531407483702287,CCDC103/STK36/CCDC40/ODAD4/ODAD3/DNAI1/DNAH1/AQP4/CFAP221/DNAAF4/CFAP45/CFAP43/RSPH4A,13
BP,GO:0032506,cytokinetic process,13/2408,43/18888,0.0020303636296736855,0.028166441244273675,0.023531407483702287,KIF20B/IQGAP3/MYH9/RACGAP1/CEP55/AURKB/ANLN/KIF20A/ANXA11/ECT2/IQGAP2/IQGAP1/CHMP4A,13
BP,GO:0045740,positive regulation of DNA replication,13/2408,43/18888,0.0020303636296736855,0.028166441244273675,0.023531407483702287,CDK1/CDK2/CDC25A/E2F7/CDT1/PCNA/WEE1/CDKN1A/ATAD5/DBF4/E2F8/CDC7/DNA2,13
BP,GO:0060271,cilium assembly,69/2408,385/18888,0.0020305604808185363,0.028166441244273675,0.023531407483702287,KCNF1/DCX/EHD4/IFT140/PLK4/CCDC103/ABLIM3/VANGL2/RFX4/KCNJ10/CFAP44/STK36/HAP1/DNMBP/SPACA9/TCTN1/CCDC40/POC1A/SEPTIN6/ODF2/CEP20/LAMA5/ARMC9/TMEM80/DCDC2/FOXJ1/POC1B/CCDC57/ABLIM1/CFAP70/AVIL/CCP110/CEP128/CENPJ/RAB23/TEKT2/IFT25/DNAI4/IFT80/SSX2IP/KIAA0586/TTC12/ARMC12/CROCC/TMEM17/BBOF1/CEP97/ODAD4/ODAD3/PKHD1/DNAAF3/CEP162/DNAI1/PTPDC1/RAB17/DNAH1/CFAP184/DNAAF8/ALPK1/CC2D2B/CFAP221/DNAAF4/CFAP46/DYNC2H1/ONECUT1/ZMYND10/CFAP43/MAPK15/RSPH4A,69
BP,GO:1903036,positive regulation of response to wounding,20/2408,80/18888,0.002078202762324822,0.02876118226575224,0.02402827867883528,CXCR4/SERPINE1/PTN/EMILIN1/MYLK/EMILIN2/XBP1/PLAU/CLDN4/F3/CCN4/PLAT/OCLN/ADRA2A/RREB1/CLDN1/SERPINF2/SCARF1/DUOX2/HPSE,20
BP,GO:0003012,muscle system process,80/2408,459/18888,0.0021168388607000553,0.02922884596216049,0.02441898423194644,AGT/CXCR4/SULF2/ATP1A2/ADRA1B/RGS4/TPM4/NPNT/CACNA1G/ABAT/CRYAB/MYLK/PDE4D/CALM1/HEY2/ADA/FGF13/TPM3/ATP1A1/EDNRB/KCND3/MAP2K6/DRD2/KCNMA1/TNFRSF1B/KCNIP2/RGS2/STC1/ABCC8/KLHL41/GPER1/INPP5F/DSG2/P2RY1/TMOD4/TMOD1/GSTM2/ATP2B1/SCN1B/SCN5A/KCNJ2/SSTR2/SLC8A1/SPHK1/MYL5/CLIC2/SCN1A/CHRNB2/P2RX6/SCN4B/NOS1AP/MYH11/MYH7/CALML6/SLN/MYH3/PDE4B/TRPV1/CSRP3/ACTA2/MIR17HG/GATA6/ADRA2A/TMOD2/LMOD1/MYOZ2/KCNA1/GRIP2/CASQ1/MYOC/CHRNE/MLIP/TNNT3/IL1B/SCN8A/GDNF/PGAM2/STAC3/COMP/AKAP6,80
BP,GO:0001578,microtubule bundle formation,28/2408,126/18888,0.002145878268615722,0.02949482795632635,0.02464119656731973,DCX/PLK1/NCKAP5/CCDC103/CFAP44/KIF20A/STK36/SPACA9/CCDC40/TPPP3/FOXJ1/TEKT2/MTCL1/TPPP/DNAI4/TTC12/BBOF1/ODAD4/ODAD3/DNAAF3/DNAI1/DNAH1/DNAAF8/DNAAF4/CFAP46/ZMYND10/CFAP43/RSPH4A,28
BP,GO:0007613,memory,28/2408,126/18888,0.002145878268615722,0.02949482795632635,0.02464119656731973,ITGA3/SLC1A1/ITGA5/PTN/MAP1A/ADCY1/SGK1/S100B/KCNK10/GRIA1/LDLR/FEN1/FGF13/ITPR3/APOE/SERPINF1/DRD2/CNR1/ABCA7/CALB1/ABCC8/SHANK3/JPH3/CHRNB2/PTCHD1/KCNK2/CSMD1/ADGRF1,28
BP,GO:0048592,eye morphogenesis,34/2408,162/18888,0.002162247031061295,0.02965226951232694,0.02477272974103479,SOX8/SLC1A1/DLL1/EFEMP1/SOX4/SAMD11/COL8A1/WNT9A/EPHB1/NDP/BCAR3/SHROOM2/CRB2/ROM1/CALB1/ZHX2/TFAP2B/EPHA2/CRB1/TFAP2A/NTRK2/DZANK1/AQP1/CABP4/NAGLU/FBN2/RING1/VAX2/MFSD2A/HIF1A/FOXF2/FSCN2/WNT16/FAT3,34
BP,GO:2001212,regulation of vasculogenesis,7/2408,16/18888,0.002169396746103737,0.029682857065736847,0.02479828384554433,ADM/CD34/HEY2/TMEM100/XDH/RIN2/CEACAM1,7
BP,GO:0030534,adult behavior,31/2408,144/18888,0.0021888919941949474,0.02988184229179256,0.024964524315788526,SLC1A1/ATP1A2/ZIC1/NLGN3/ABAT/PPP1R1B/EPHA4/CACNB4/NRXN2/KCNJ10/PCDH17/HOXB8/EFNB3/DRD2/CEND1/HEXA/SLITRK1/EN1/INPP5F/SHANK3/TMOD1/NPC1/CHRNA5/ZFHX2/SLC7A11/NAGLU/GRIN2D/SCN1A/CHRNB2/CHL1/GDNF,31
BP,GO:0070167,regulation of biomineral tissue development,24/2408,103/18888,0.002224167731756663,0.030149167167685294,0.025187858549979042,ECM1/P2RX7/PTN/BMP2/LTBP3/FBXO5/HEY2/GPM6B/ENPP1/PKDCC/ADGRV1/MGP/TENT5A/VDR/ATP2B1/TFAP2A/PTK2B/FZD9/SLC8A1/SGMS2/FBN2/HIF1A/BMP6/COMP,24
BP,GO:0150115,cell-substrate junction organization,24/2408,103/18888,0.002224167731756663,0.030149167167685294,0.025187858549979042,ITGB4/ITGA5/ACTN2/ARF6/NRP1/COL16A1/GPM6B/LIMCH1/ACTN1/TNS1/SORBS1/CORO1C/S100A10/ITGA6/PTPRJ/EFNA5/PHLDB2/PTK2B/FAM107A/LAMC1/MACF1/APOD/MYOC/FMN1,24
BP,GO:0021952,central nervous system projection neuron axonogenesis,10/2408,29/18888,0.002228460151936964,0.030149167167685294,0.025187858549979042,PRDM8/DRAXIN/EPHB1/DCLK1/EPHA4/EPHB3/FBXO45/SCN1B/CHRNB2/SLIT2,10
BP,GO:0098698,postsynaptic specialization assembly,10/2408,29/18888,0.002228460151936964,0.030149167167685294,0.025187858549979042,LRRC4B/NRXN2/NPTX1/SLITRK3/NTNG2/SHANK3/LRRTM2/PTK2B/IL1RAP/C1QL2,10
BP,GO:0031346,positive regulation of cell projection organization,65/2408,360/18888,0.002236317950417363,0.030187790856416933,0.025220126373598852,ATP1B2/ITGA3/P2RX7/L1CAM/RGMA/GPM6A/PTN/CDC42EP3/ENPP2/MAP6/ROR1/ARF6/TENM2/RND2/EPHA4/PLXNB1/LRP8/EPS8L2/PLXNA2/TNN/NTN1/NRP1/ANLN/AGRN/PLXNB3/HAP1/APOE/SERPINF1/CNR1/CDH4/RGS2/ITPKA/ELAVL4/PLK5/SLITRK1/NDRG4/CORO1C/CRABP2/ITGA6/EFNA5/TGFB3/AVIL/CCP110/SCN1B/NTRK2/CENPJ/PTK2B/SEMA7A/ANKRD27/CARMIL1/CROCC/SLIT2/ROBO2/PLXNC1/OCLN/RET/LYN/RREB1/MACF1/EPO/RAC2/SCARF1/EPS8L1/F2RL1/ZMYND10,65
BP,GO:0045766,positive regulation of angiogenesis,38/2408,187/18888,0.002268781501007255,0.030557650841691465,0.025529122669933606,CXCR4/ECM1/SERPINE1/DLL1/SFRP2/ITGA5/EMILIN1/HMGA2/CHI3L1/ADM/CD34/EMILIN2/TNN/HK2/NRP1/XBP1/ANGPTL4/SMAD1/FGF1/BRCA1/F3/ADAM12/AGO2/AKT3/PTK2B/EMC10/AQP1/BMPER/SPHK1/ADM2/CXCL8/HIF1A/GATA6/FUT1/FGF18/C5AR1/JCAD/IL1B,38
BP,GO:0045604,regulation of epidermal cell differentiation,16/2408,59/18888,0.0023146837393323784,0.031106462545950047,0.025987622617894175,ETV4/SFRP4/DLL1/PLAAT4/MYCL/HEY2/ERRFI1/HES5/VDR/CD109/PTCH2/PTCH1/MAFF/AQP3/ESRP1/PRKCH,16
BP,GO:0006836,neurotransmitter transport,41/2408,206/18888,0.0023434166649442412,0.03142261368060789,0.026251748323784727,GFAP/SLC1A1/ATP1A2/P2RX7/PTPRN2/CACNB4/NRXN2/RAB3B/KCNJ10/GABRQ/GPM6B/SLC29A1/MCTP2/SLC29A3/DRD2/STX3/STX1B/SLC6A9/BAIAP3/SNPH/CADPS/SYP/CSPG5/SLC38A1/ABCC8/GPER1/FBXO45/P2RY1/STXBP2/RPH3A/CHAT/MCTP1/SNCAIP/LIN7A/KCNMB4/SLC18A1/PRKCG/SYT5/OTOF/GDNF/GPR158,41
BP,GO:0032411,positive regulation of transporter activity,22/2408,92/18888,0.00235455661828321,0.03150198366900419,0.026318057287800893,ATP1B2/CCL2/NLGN3/SGK1/ACTN2/PRKCD/CALM1/FGF13/HAP1/ANK3/KCNIP2/SHANK3/GSTM2/SCN1B/NOS1AP/JPH2/ANTKMT/FXYD2/GAL/CASQ1/STAC3/AKAP6,22
BP,GO:0048146,positive regulation of fibroblast proliferation,15/2408,54/18888,0.0024256885859598788,0.03215371801394037,0.026862543057544166,AGT/CCNB1/LIF/PDGFA/MYC/CD74/CCNA2/E2F1/CDC6/MYB/CDKN1A/FOSL2/PDGFB/AQP1/SPHK1,15
BP,GO:0070169,positive regulation of biomineral tissue development,15/2408,54/18888,0.0024256885859598788,0.03215371801394037,0.026862543057544166,P2RX7/PTN/BMP2/FBXO5/GPM6B/PKDCC/ADGRV1/TENT5A/VDR/ATP2B1/TFAP2A/FZD9/SLC8A1/FBN2/BMP6,15
BP,GO:0070528,protein kinase C signaling,11/2408,34/18888,0.002433990954324985,0.03215371801394037,0.026862543057544166,FIBIN/ADGRG1/MYADM/WNT11/ADGRV1/AKAP12/PDGFB/SEZ6L/DGKG/CSRP3/PRKCH,11
BP,GO:0090075,relaxation of muscle,11/2408,34/18888,0.002433990954324985,0.03215371801394037,0.026862543057544166,ATP1A2/PDE4D/ATP1A1/RGS2/ABCC8/P2RY1/GSTM2/KCNJ2/SLC8A1/SLN/PDE4B,11
BP,GO:0042490,mechanoreceptor differentiation,18/2408,70/18888,0.002435241818424055,0.03215371801394037,0.026862543057544166,DLL1/DIAPH3/MYCL/HEY2/PLS1/ADGRV1/HES5/FZD2/ANKRD24/JAG2/SLC4A7/NTRK2/ATP8B1/NAGLU/PJVK/TECTA/ESRP1/STRC,18
BP,GO:1902750,negative regulation of cell cycle G2/M phase transition,18/2408,70/18888,0.002435241818424055,0.03215371801394037,0.026862543057544166,DTL/ORC1/CDK1/PLK1/CLSPN/CDC6/AURKB/TICRR/WEE1/BLM/CDKN1A/CHEK1/PKMYT1/RBBP8/TAOK3/BRCA1/BARD1/NABP1,18
BP,GO:0048593,camera-type eye morphogenesis,29/2408,133/18888,0.0024435133740322488,0.03219248842556897,0.026894933459527558,SOX8/SLC1A1/DLL1/SOX4/SAMD11/COL8A1/WNT9A/EPHB1/NDP/BCAR3/SHROOM2/CRB2/ROM1/CALB1/ZHX2/TFAP2B/EPHA2/CRB1/TFAP2A/NTRK2/AQP1/CABP4/NAGLU/RING1/MFSD2A/HIF1A/FOXF2/WNT16/FAT3,29
BP,GO:0007143,female meiotic nuclear division,12/2408,39/18888,0.0025329671465707166,0.033225921222625444,0.02775830586939854,AURKA/TRIP13/TOP2A/PLK1/CCNB2/NCAPH/NDC80/TTK/FBXO5/MASTL/FMN2/SYCP2,12
BP,GO:1903524,positive regulation of blood circulation,12/2408,39/18888,0.0025329671465707166,0.033225921222625444,0.02775830586939854,SLC1A1/ATP1A2/ADRA1B/RGS4/ADM/PDE4D/HEY2/ADA/ATP1A1/RGS2/ADM2/GCH1,12
BP,GO:0008306,associative learning,21/2408,87/18888,0.0025899040784405605,0.033899091560326125,0.028320700152190535,FOS/NOG/SLC1A1/ATP1A2/BTG2/MAP1A/PPP1R1B/ADCY3/DRD2/ABCA7/ELAVL4/NDRG4/ABCC8/B3GAT1/SLC7A11/CLN3/CHRNB2/HIF1A/CSMD1/TANC1/TNR,21
BP,GO:0060113,inner ear receptor cell differentiation,17/2408,65/18888,0.0026154261377752193,0.03414094431888621,0.028522753928291626,DLL1/DIAPH3/MYCL/HEY2/PLS1/ADGRV1/HES5/FZD2/ANKRD24/JAG2/SLC4A7/ATP8B1/NAGLU/PJVK/TECTA/ESRP1/STRC,17
BP,GO:0035336,long-chain fatty-acyl-CoA metabolic process,9/2408,25/18888,0.0026253560099375544,0.03414094431888621,0.028522753928291626,ACSBG1/ACSL3/ACSL6/ELOVL6/HACD1/ELOVL5/HACD2/FAR2/ELOVL7,9
BP,GO:0036315,cellular response to sterol,9/2408,25/18888,0.0026253560099375544,0.03414094431888621,0.028522753928291626,MLC1/LRP8/ABCA1/SMO/INSIG1/OSBPL7/PTCH1/INHBB/RORC,9
BP,GO:0003002,regionalization,75/2408,429/18888,0.0026340495036458293,0.03418033269892244,0.02855566060658716,ASCL1/NOG/DLL1/BTG2/SFRP2/AURKA/ADGRG1/LEFTY2/BMP2/IFT140/DLL3/CCDC103/MDFI/VANGL2/PLXNA2/OTX1/XRCC2/HEY2/NRP1/WNT11/FGFR2/SSBP3/SMAD6/HOXB8/SPRY1/CRB2/CHSY1/FOXG1/TCTN1/BHLHE41/CCDC40/FGF1/NR2F2/CIMAP3/GSC/LAMA5/SHH/SMO/PCSK6/HES5/FOXJ1/NDRG4/EN1/PAX8/HOXB9/HES6/RTTN/IFT25/STIL/NRP2/SNAI1/PTCH1/MICAL2/ENKUR/HOXB7/ODAD4/ODAD3/RING1/DNAAF3/PRKDC/ROBO2/GBX2/VAX2/DNAI1/HOXD3/HIF1A/CFAP52/DNAAF4/HES7/CFAP45/CYP26B1/GDNF/DYNC2H1/WT1/FOLR1,75
BP,GO:2001257,regulation of cation channel activity,26/2408,116/18888,0.002671539115494901,0.03459241850406917,0.02889993409556151,ACTN2/CACNB4/CALM1/FGF13/HAP1/KCNG1/DRD2/ANK3/KCNIP2/MMP9/GSTM2/SCN1B/KCNAB1/JPH3/CLIC2/JPH1/NOS1AP/GPR35/JPH2/ANTKMT/GAL/EPO/CASQ1/STAC3/AKAP6/KCNRG,26
BP,GO:0006022,aminoglycan metabolic process,27/2408,122/18888,0.0027096178372880376,0.03501035124238976,0.029249092353820377,HAS2/CSGALNACT1/CHST1/CHI3L1/HS3ST1/HMMR/HS3ST3A1/EDNRB/CHSY1/ST3GAL1/GCNT2/PDGFB/HEXA/IDUA/CHI3L2/B3GNT7/B3GAT1/FUCA1/SGSH/CHST7/B3GNT2/XYLT1/NAGLU/CHIT1/CEMIP/IL1B/HPSE,27
BP,GO:0007224,smoothened signaling pathway,31/2408,146/18888,0.0027402722596663975,0.035180431520908606,0.02939118443794485,NOG/ZIC1/NDP/IFT140/FGFR2/ENPP1/STK36/GPR37L1/CHSY1/EFCAB7/TCTN1/SHH/ARMC9/SMO/DCDC2/HES5/CDK20/GAS1/CENPJ/IFT25/PTCH2/STIL/IFT80/PTCH1/KIAA0586/UCHL5/DYRK2/TMEM17/PTCHD1/SKOR2/DYNC2H1,31
BP,GO:0051592,response to calcium ion,31/2408,146/18888,0.0027402722596663975,0.035180431520908606,0.02939118443794485,FOS/SDC1/P2RX7/TXNIP/ADCY1/AKR1C3/CALM1/ITPR3/KCNMA1/JUNB/ADGRV1/KCNIP2/ANXA11/ITPKA/ITPKC/CPNE5/ECT2/GIPR/PTK2B/MTTP/SCN5A/SLC25A24/PRKAA2/KCNMB2/INHBB/KCNMB4/IQGAP1/AQP3/SYT5/SYT13/CPNE7,31
BP,GO:0061008,hepaticobiliary system development,31/2408,146/18888,0.0027402722596663975,0.035180431520908606,0.02939118443794485,MET/SULF2/SLC7A5/AURKA/PTN/TYMS/RPS6KA1/CEBPG/E2F7/ARF6/ERRFI1/ADA/XBP1/PCNA/CCND1/CCDC40/FGF1/TGFA/E2F8/PCK2/FRZB/ARID5B/NPC1/NAGLU/PTCH1/CEACAM1/CADM1/GATA6/CLDN1/PCSK9/ONECUT1,31
BP,GO:0051056,regulation of small GTPase mediated signal transduction,56/2408,304/18888,0.002772252568845503,0.035515439491324345,0.02967106392267541,ITGA3/MET/ARHGAP25/SPRY4/FOXM1/ADGRG1/COL3A1/ARF6/PLXNB1/FGD3/EPS8L2/ARHGAP22/RACGAP1/KITLG/ABCA1/CADM4/NRP1/SCAI/LPAR4/PRAG1/STARD8/ARHGAP11A/SPRY1/ARHGEF10L/ARHGAP4/DNMBP/ARHGAP18/APOE/KIF14/ARHGEF28/NGEF/STMN3/PSD4/ECT2/SPRY2/SRGAP3/ARHGAP26/VAV3/SGSM3/OPHN1/SSX2IP/SLIT2/GPR35/ARHGAP29/BCL6/SWAP70/ARHGAP11B/F11R/PLEKHG4B/LPAR2/EPO/SYNPO2L/MYOC/EPS8L1/F2RL1/ARHGAP10,56
BP,GO:0014009,glial cell proliferation,16/2408,60/18888,0.002789457606192287,0.03566014236390733,0.029791954674520213,GFAP/SLC7A5/ETV5/SOX4/NDP/NTN1/MYB/CSF1R/SHH/ABCC8/PTK2B/CHRM1/LYN/PLAG1/PRKCH/IL1B,16
BP,GO:1901992,positive regulation of mitotic cell cycle phase transition,23/2408,99/18888,0.002827310622175635,0.03606763698564013,0.030132392499386044,RRM2/DTL/CDK1/CCNB1/CCNE2/CDC25A/CDCA5/ESPL1/FBXO5/CDC6/RRM1/DLGAP5/UBE2C/CCND1/HSPA2/CDC25C/CDC7/CDC20/CENPJ/STIL/MBLAC1/LSM11/UBE2E2,23
BP,GO:1990138,neuron projection extension,36/2408,177/18888,0.00286544589651892,0.0364770053577957,0.030474395732687343,CXCR4/L1CAM/SEMA5B/AURKA/NLGN3/DRAXIN/DCLK1/S100B/TNN/NTN1/SEMA6B/NRP1/CACNG7/SEMA3A/ARHGAP4/SLIT3/APOE/CDH4/SEMA6C/POSTN/TSC22D4/TMEM108/CPNE5/MT3/CYFIP2/SEMA6D/SEMA6A/SEMA7A/NRP2/NRCAM/SLIT2/CDH1/IQGAP1/MACF1/TNR/FLRT1,36
BP,GO:0048708,astrocyte differentiation,21/2408,88/18888,0.003001174248791527,0.03803852953251188,0.03177895747452147,GFAP/NOG/ID2/SOX8/DLL1/PLP1/TTBK1/ROR1/BMP2/LIF/EPHA4/LDLR/GPR37L1/SHH/SMO/HES5/NAGLU/S100A8/C5AR1/IL1B/LAMC3,21
BP,GO:0048670,regulation of collateral sprouting,8/2408,21/18888,0.0030070232991395705,0.03803852953251188,0.03177895747452147,RGMA/RND2/SPP1/FGF13/CRABP2/EFNA5/FSTL4/EPHA7,8
BP,GO:0090189,regulation of branching involved in ureteric bud morphogenesis,8/2408,21/18888,0.0030070232991395705,0.03803852953251188,0.03177895747452147,AGT/NOG/SOX8/SMO/PAX8/HOXB7/TACSTD2/GDNF,8
BP,GO:1904018,positive regulation of vasculature development,38/2408,190/18888,0.0030297774849681646,0.03824618691275713,0.03195244302028747,CXCR4/ECM1/SERPINE1/DLL1/SFRP2/ITGA5/EMILIN1/HMGA2/CHI3L1/ADM/CD34/EMILIN2/TNN/HK2/NRP1/XBP1/ANGPTL4/SMAD1/FGF1/BRCA1/F3/ADAM12/AGO2/AKT3/PTK2B/EMC10/AQP1/BMPER/SPHK1/ADM2/CXCL8/HIF1A/GATA6/FUT1/FGF18/C5AR1/JCAD/IL1B,38
BP,GO:0045446,endothelial cell differentiation,27/2408,123/18888,0.0030589539655612266,0.03853387939080677,0.03219279318991916,CXCR4/ATOH8/MET/DLL1/PECAM1/NDP/PDE4D/MYADM/HEY2/NRP1/EDNRB/MSN/TMEM100/NR2F2/S1PR3/STC1/FZD2/XDH/TJP3/CEACAM1/F11R/CLDN1/BMP6/F2RL1/IL1B/HPSE/PROC,27
BP,GO:0045936,negative regulation of phosphate metabolic process,67/2408,378/18888,0.0030764581760100566,0.038672388029800615,0.03230850902337895,AGT/GPRC5A/DUSP6/SFRP2/PKIB/SPRY4/PBK/PLK1/BMP2/PDGFA/PPP1R1B/MAPK8IP1/PDE4D/IGFBP3/PRKCD/CALM1/MYADM/CADM4/TRIB3/ERRFI1/GADD45A/MASTL/ENPP1/SPRY1/APOE/DRD2/NIBAN1/CDKN1A/NR2F2/SOCS3/RGS2/TRIB1/SRCIN1/SMO/PDGFB/PAQR3/CEP85/INPP5F/SPRY2/GRB10/CORO1C/INPP5J/PTPRJ/XDH/IPO7/CD109/IPO5/FBLN1/SOCS1/RASSF2/SLC8A1/KIRREL1/CEACAM1/NUPR1/SLIT2/UBASH3B/CADM1/PRKDC/SWAP70/OCLN/CBLB/LYN/IQGAP1/PPM1E/PRKAR2B/IL1B/INCA1,67
BP,GO:0007215,glutamate receptor signaling pathway,14/2408,50/18888,0.0030827674249807916,0.038672388029800615,0.03230850902337895,SLC1A1/PLP1/GRIA1/GRIK3/GRIA3/SHANK3/PTK2B/GRIK4/GRIN2D/CLN3/GRIK2/GRIA2/GRIN2B/GRIN2C,14
BP,GO:0030837,negative regulation of actin filament polymerization,17/2408,66/18888,0.0031122087994645007,0.03888005775562898,0.032482004883154614,PRKCD/MYADM/SPTB/FHOD3/HIP1R/TMOD4/TMOD1/AVIL/SSH3/SVIL/ADD2/CARMIL1/KANK3/KANK4/SLIT2/TMOD2/LMOD1,17
BP,GO:0060042,retina morphogenesis in camera-type eye,17/2408,66/18888,0.0031122087994645007,0.03888005775562898,0.032482004883154614,SOX8/SLC1A1/DLL1/SAMD11/NDP/CRB2/ROM1/CALB1/ZHX2/TFAP2B/CRB1/TFAP2A/NTRK2/CABP4/NAGLU/MFSD2A/FAT3,17
BP,GO:0006301,postreplication repair,11/2408,35/18888,0.003146613480772897,0.03922864822930508,0.0327732317516777,DTL/PCNA/POLH/POLD3/RAD18/BRCA1/POLE2/POLQ/POLD1/USP43/POLN,11
BP,GO:0008038,neuron recognition,13/2408,45/18888,0.0031750800292259652,0.03950192349762778,0.03300153718928518,CXCR4/EPHA4/TNN/NRP1/EPHB3/FOXG1/EFNB3/CNR1/NEXN/TNFRSF21/NRCAM/ROBO2/MYPN,13
BP,GO:0048167,regulation of synaptic plasticity,42/2408,216/18888,0.003272209014487904,0.0404857374624464,0.033823455978866386,GFAP/NOG/SLC1A1/PTN/MAP1A/ADCY1/S100B/GRIA1/EPHA4/SHISA9/KCNJ10/ITPR3/APOE/DRD2/STX3/CALB1/ITPKA/ADGRB1/SYP/SLC38A1/UBE3A/SHANK3/CDC20/LRRTM2/NTRK2/PTK2B/GRID2IP/FAM107A/JPH3/CHRDL1/GRIN2D/CLN3/MCTP1/VGF/PICK1/SORCS2/PRKCG/CYP46A1/GRIK2/TNR/GRIN2B/GRIN2C,42
BP,GO:0010563,negative regulation of phosphorus metabolic process,67/2408,379/18888,0.003282585904333096,0.0404857374624464,0.033823455978866386,AGT/GPRC5A/DUSP6/SFRP2/PKIB/SPRY4/PBK/PLK1/BMP2/PDGFA/PPP1R1B/MAPK8IP1/PDE4D/IGFBP3/PRKCD/CALM1/MYADM/CADM4/TRIB3/ERRFI1/GADD45A/MASTL/ENPP1/SPRY1/APOE/DRD2/NIBAN1/CDKN1A/NR2F2/SOCS3/RGS2/TRIB1/SRCIN1/SMO/PDGFB/PAQR3/CEP85/INPP5F/SPRY2/GRB10/CORO1C/INPP5J/PTPRJ/XDH/IPO7/CD109/IPO5/FBLN1/SOCS1/RASSF2/SLC8A1/KIRREL1/CEACAM1/NUPR1/SLIT2/UBASH3B/CADM1/PRKDC/SWAP70/OCLN/CBLB/LYN/IQGAP1/PPM1E/PRKAR2B/IL1B/INCA1,67
BP,GO:0072077,renal vesicle morphogenesis,7/2408,17/18888,0.003285439844646297,0.0404857374624464,0.033823455978866386,SOX8/KIF26B/LIF/SMO/PAX8/FMN1/GDNF,7
BP,GO:0021794,thalamus development,6/2408,13/18888,0.0032877048983425148,0.0404857374624464,0.033823455978866386,OLIG2/SHH/SMO/CHRNB2/PTCHD1/GBX2,6
BP,GO:0051481,negative regulation of cytosolic calcium ion concentration,6/2408,13/18888,0.0032877048983425148,0.0404857374624464,0.033823455978866386,ATP1A2/DRD2/ATP2B1/SLC8A1/KCNK3/EPO,6
BP,GO:0032414,positive regulation of ion transmembrane transporter activity,20/2408,83/18888,0.003304715496358617,0.0406123285234784,0.03392921537584182,ATP1B2/CCL2/NLGN3/ACTN2/CALM1/FGF13/HAP1/ANK3/KCNIP2/SHANK3/GSTM2/SCN1B/NOS1AP/JPH2/ANTKMT/FXYD2/GAL/CASQ1/STAC3/AKAP6,20
BP,GO:0003179,heart valve morphogenesis,16/2408,61/18888,0.003342066010392358,0.04090471867486306,0.034173490175657094,EFNA1/EMILIN1/SOX4/BMP2/HEY2/ADAMTS9/SMAD6/GATA3/SLIT3/SCX/ELN/NAGLU/SNAI1/SLIT2/ROBO2/ADAMTS5,16
BP,GO:0031102,neuron projection regeneration,16/2408,61/18888,0.003342066010392358,0.04090471867486306,0.034173490175657094,GFAP/RGMA/PTN/ADM/EPHA4/SPP1/MATN2/RTN4RL1/CSPG5/INPP5F/TNC/OMG/APOD/TNR/SCARF1/FOLR1,16
BP,GO:0008064,regulation of actin polymerization or depolymerization,32/2408,154/18888,0.0033703508926268802,0.04116740341317934,0.034392947847411315,CDC42EP3/ACTN2/ARF6/PRKCD/MYADM/SPTB/ARHGAP18/FHOD3/HIP1R/PAK3/CFL2/CYFIP2/CYRIA/TMOD4/TMOD1/AVIL/SSH3/PTK2B/SVIL/ELN/ADD2/CARMIL1/KIRREL1/KANK3/KANK4/SLIT2/SWAP70/TMOD2/LMOD1/FMN1/PIK3R2/F2RL1,32
BP,GO:0014013,regulation of gliogenesis,25/2408,112/18888,0.0033804854001794477,0.04120777556501574,0.034426676409270336,GFAP/NOG/CXCR4/ID2/SOX8/SLC7A5/ETV5/PTN/TTBK1/BMP2/LIF/LDLR/NTN1/OLIG2/GPR37L1/MYB/TNFRSF1B/SHH/HES5/ABCC8/LYN/GJC2/PLAG1/PRKCH/IL1B,25
BP,GO:0060411,cardiac septum morphogenesis,18/2408,72/18888,0.003392323357916357,0.04126870794690988,0.03447758183586892,NOG/SOX4/HEY2/NRP1/WNT11/FGFR2/SMAD6/SLIT3/DHRS3/SMO/FZD2/NSD2/NRP2/RBM15/SLIT2/ROBO2/MIR17HG/GATA6,18
BP,GO:0010811,positive regulation of cell-substrate adhesion,27/2408,124/18888,0.0034457199311817106,0.04183395184054415,0.03494980991301326,ITGA3/ITGA5/HAS2/EMILIN1/COL8A1/NPNT/MYADM/NRP1/COL16A1/FBLN2/NID1/CDH13/PDGFB/CSPG5/S100A10/ITGA6/PTPRJ/CCL25/PTK2B/EFEMP2/RIN2/COL26A1/CARMIL1/FUT1/RREB1/MYOC/FMN1,27
BP,GO:0006029,proteoglycan metabolic process,21/2408,89/18888,0.003465829757963467,0.041993607950906744,0.035083193216840086,SULF2/CSGALNACT1/BMP2/HS3ST1/HS3ST3A1/CHSY1/HS6ST1/HEXA/IDUA/EXTL1/B3GAT1/SGSH/SLC2A10/CHST7/XYLT1/B3GAT2/NAGLU/ADAMTS12/CYTL1/HPSE/CHST8,21
BP,GO:0010460,positive regulation of heart rate,9/2408,26/18888,0.003566796150135867,0.04289828622291216,0.03583899878260495,SLC1A1/ADRA1B/RGS4/ADM/PDE4D/HEY2/ADA/ADM2/GCH1,9
BP,GO:0019985,translesion synthesis,9/2408,26/18888,0.003566796150135867,0.04289828622291216,0.03583899878260495,DTL/PCNA/POLH/POLD3/POLE2/POLQ/POLD1/USP43/POLN,9
BP,GO:0035330,regulation of hippo signaling,9/2408,26/18888,0.003566796150135867,0.04289828622291216,0.03583899878260495,CIT/WWC1/ARRDC3/SCHIP1/IQCJ-SCHIP1/MOB3B/WWC3/CORO7/WWC2,9
BP,GO:0071805,potassium ion transmembrane transport,42/2408,217/18888,0.0035689326622310082,0.04289828622291216,0.03583899878260495,ATP1B2/ATP1A2/KCNF1/KCNC1/RGS4/KCNN4/KCNK10/ACTN2/KCNJ10/ATP1A1/KCND3/KCNG1/KCNMA1/ANK3/KCNS3/TMCO3/KCNIP2/KCNIP3/ABCC8/KCNJ9/TMEM175/KCNH3/KCNJ11/KCNC4/AQP1/KCNAB1/KCNJ2/SLC12A5/KCNH8/KCNK3/NOS1AP/SLC9A9/KCNMB2/KCNK13/KCNMB4/FXYD2/KCNK2/KCNA1/GAL/KCNJ16/AKAP6/KCNRG,42
BP,GO:0043270,positive regulation of monoatomic ion transport,41/2408,211/18888,0.00367701414965496,0.044109549461268445,0.03685093808244764,ATP1B2/CCL2/P2RX7/PLP1/KCNC1/MCHR1/NLGN3/KCNN4/ACTN2/MYLK/CALM1/FGF13/PDGFRB/HAP1/ANK3/KCNIP2/PDGFB/STC1/ABCC8/GPER1/SHANK3/P2RY1/GSTM2/ATP2B1/SCN1B/CHRM1/SCN5A/KCNJ2/SCN4B/NOS1AP/ADRA2A/CEMIP/JPH2/ANTKMT/FXYD2/GAL/GJC2/CASQ1/CXCL10/STAC3/AKAP6,41
BP,GO:0034446,substrate adhesion-dependent cell spreading,23/2408,101/18888,0.0036977467590811274,0.04427024592122127,0.03698519053725881,EFNA1/HAS2/SPRY4/AXL/MYADM/NRP1/EPHB3/KIF14/POSTN/LAMA5/SRCIN1/CSPG5/CORO1C/S100A10/EFNA5/FBLN1/CARMIL1/LAMC1/RADIL/RREB1/NTN4/MYOC/TACSTD2,23
BP,GO:0045214,sarcomere organization,14/2408,51/18888,0.003759653928187273,0.04492228079739011,0.037529927383197194,ACTN2/KRT8/FHOD3/MYBPC2/CFL2/MYH7/MYH3/CSRP3/MYOZ2/LDB3/SYNPO2L/CASQ1/TNNT3/MYPN,14
BP,GO:0031214,biomineral tissue development,36/2408,180/18888,0.003830914429407842,0.04568327602183186,0.03816569420102799,ECM1/P2RX7/PTN/BMP2/LTBP3/FBXO5/HEY2/SPP1/WNT11/COL1A1/FGFR2/SLC20A1/GPM6B/ENPP1/PKDCC/FOSL2/COL1A2/ADGRV1/MGP/TENT5A/PTHLH/VDR/ATP2B1/TFAP2A/PTK2B/FZD9/SLC8A1/IFT80/SGMS2/FBN2/ALPL/HIF1A/FGFR3/BMP6/LOX/COMP,36
BP,GO:0006858,extracellular transport,13/2408,46/18888,0.003918369577229285,0.04645077019450198,0.03880689050842941,CCDC103/STK36/CCDC40/ODAD4/ODAD3/DNAI1/DNAH1/AQP4/CFAP221/DNAAF4/CFAP45/CFAP43/RSPH4A,13
BP,GO:0007019,microtubule depolymerization,13/2408,46/18888,0.003918369577229285,0.04645077019450198,0.03880689050842941,APC2/TPX2/MAP1A/KIF2C/DIAPH3/NCKAP5/KIF18B/FGF13/KIF18A/STMN3/CKAP2/CKAP5/KIF19,13
BP,GO:0099601,regulation of neurotransmitter receptor activity,13/2408,46/18888,0.003918369577229285,0.04645077019450198,0.03880689050842941,CCL2/NLGN3/SHISA9/CACNG7/CNIH3/CNIH2/MAPK8IP2/SLC6A9/CACNG8/SHANK3/PTK2B/BEGAIN/LYNX1,13
BP,GO:0003170,heart valve development,18/2408,73/18888,0.003976842244712741,0.04692576450897433,0.03920372036241614,EFNA1/EMILIN1/SOX4/BMP2/HEY2/ADAMTS9/SMAD6/GATA3/SLIT3/TNFRSF1B/SCX/ELN/NAGLU/SNAI1/SLIT2/ROBO2/MATR3/ADAMTS5,18
BP,GO:1904062,regulation of monoatomic cation transmembrane transport,56/2408,309/18888,0.0039772974489088704,0.04692576450897433,0.03920372036241614,ATP1B2/ATP1A2/P2RX7/PLP1/KCNC1/RGS4/KCNN4/ACTN2/PDE4D/CACNB4/CALM1/FGF13/HAP1/KCNG1/DRD2/ANK3/KCNIP2/MMP9/KCNIP3/GPER1/FXYD5/GSTM2/SCN1B/PTK2B/SCN5A/KCNAB1/KCNJ2/JPH3/SLC8A1/GRIN2D/CLIC2/JPH1/SCN4B/NOS1AP/SLN/GPR35/UBASH3B/PDE4B/ADRA2A/CEMIP/JPH2/LYN/ANTKMT/FXYD2/GAL/EPO/GJC2/CASQ1/GRIN2B/FXYD7/PCSK9/CXCL10/STAC3/GRIN2C/AKAP6/KCNRG,56
BP,GO:0051653,spindle localization,16/2408,62/18888,0.00398176854965112,0.04692576450897433,0.03920372036241614,MAD2L1/CENPA/PLK1/NDC80/MYH9/ESPL1/SPAG5/SPRY1/GPSM2/SPRY2/SPDL1/NDE1/ASPM/PKHD1/TLE6/FMN2,16
BP,GO:0043523,regulation of neuron apoptotic process,46/2408,244/18888,0.004013262811134109,0.04713067319687857,0.039374909537158116,ASCL1/SLC1A1/CCL2/BTG2/DRAXIN/AXL/AGAP2/RETREG1/MAP3K12/PRODH/NPPC/MYBL2/GBE1/XRCC2/NRP1/GATA3/MYB/FAIM2/CCND1/ITGA1/KIF14/VSTM2L/TFAP2B/TMBIM4/EN1/MT3/CITED1/TGFB3/TFAP2A/NTRK2/PTK2B/CNTFR/FZD9/EPHA7/CLN3/EGLN3/NUPR1/GCH1/HIF1A/PRKCG/GRIK2/SLC25A27/FCGR2B/CHL1/PCSK9/GDNF,46
BP,GO:0000731,DNA synthesis involved in DNA repair,12/2408,41/18888,0.004014777266025122,0.04713067319687857,0.039374909537158116,DTL/RFC3/RRM1/PCNA/POLH/POLD3/HROB/POLE2/POLQ/POLD1/USP43/POLN,12
BP,GO:0043524,negative regulation of neuron apoptotic process,33/2408,162/18888,0.004073394094064613,0.04772594167686577,0.03987222139289817,SLC1A1/CCL2/BTG2/DRAXIN/AXL/AGAP2/RETREG1/MAP3K12/NPPC/GBE1/XRCC2/NRP1/FAIM2/CCND1/KIF14/VSTM2L/TFAP2B/TMBIM4/EN1/MT3/CITED1/TGFB3/NTRK2/PTK2B/CNTFR/FZD9/CLN3/HIF1A/PRKCG/GRIK2/SLC25A27/CHL1/GDNF,33
BP,GO:0046718,symbiont entry into host cell,32/2408,156/18888,0.004142917257971718,0.048446439408142146,0.04047415493355071,CIITA/CXCR4/ITGA5/CDK1/AXL/DPP4/CD74/IFITM2/LDLR/SLC1A5/NRP1/ANPEP/CXADR/EFNB3/TRIM62/IFITM3/CH25H/IFITM1/SLC7A1/EPHA2/LRRC15/NPC1/LGALS1/NCAM1/HLA-DRB1/NUP153/TNFRSF14/SIGLEC1/LY6E/F11R/CLDN1/RFPL2,32
BP,GO:0048485,sympathetic nervous system development,8/2408,22/18888,0.004203559495930356,0.048956485677531685,0.04090026863731822,ASCL1/SOX4/NRP1/GATA3/SEMA3A/TFAP2B/NRP2/GDNF,8
BP,GO:0086012,membrane depolarization during cardiac muscle cell action potential,8/2408,22/18888,0.004203559495930356,0.048956485677531685,0.04090026863731822,ATP1A2/CACNA1G/ANK3/SCN1B/SCN5A/KCNJ2/SLC8A1/SCN4B,8
BP,GO:0008630,intrinsic apoptotic signaling pathway in response to DNA damage,23/2408,102/18888,0.004210874389565619,0.048956485677531685,0.04090026863731822,SFRP2/ACKR3/CD74/E2F1/HIC1/AEN/BRCA2/DDIAS/CDKN1A/ATAD5/TNFRSF1B/RPS27L/BRCA1/EPHA2/TMEM109/MUC1/PHLDA3/SNAI1/MSH6/DYRK2/NUPR1/MAEL/PRKDC,23
BP,GO:0031099,regeneration,39/2408,200/18888,0.004255214814822177,0.04937685806276349,0.041251465077294346,GFAP/SULF2/NNMT/SLC7A5/RGMA/AURKA/CDK1/PTN/AXL/TYMS/ADM/EPHA4/CCNA2/SPP1/CCN3/MATN2/PCNA/CCND1/CDKN1A/POSTN/LGR6/RTN4RL1/ELAVL4/SOX15/CSPG5/INPP5F/KLF5/TNC/FZD9/PTCH1/LCP1/HOPX/OMG/CLDN1/APOD/TNR/SCARF1/NINJ2/FOLR1,39
BP,GO:0051293,establishment of spindle localization,15/2408,57/18888,0.004275228136174864,0.0495138705828774,0.04136593099129492,MAD2L1/CENPA/PLK1/NDC80/MYH9/ESPL1/SPAG5/SPRY1/GPSM2/SPRY2/SPDL1/NDE1/PKHD1/TLE6/FMN2,15
CC,GO:0062023,collagen-containing extracellular matrix,126/2562,428/19894,5.262192908577473e-20,3.4362119693010895e-17,2.6421747551488994e-17,AGT/SDC3/NCAN/CSPG4/MFAP4/ECM1/BCAN/SERPINE1/ITGB4/A2M/EFEMP1/THSD4/SFRP2/L1CAM/HSP90B1/PRELP/FBLN5/INHBE/SPON1/EMILIN1/COL20A1/COL8A1/NPNT/LEFTY2/LAMB3/NDP/CTSF/COL3A1/EMILIN2/GDF15/ADAM19/SRPX/SLPI/LTBP3/TNN/NTN1/CCN3/COL1A1/LTBP1/FGFR2/ADAMTS9/COL16A1/MATN2/MST1/AGRN/ANGPTL4/AZGP1/ADAMTS15/APOE/SERPINF1/FBLN2/MATN3/FMOD/COL1A2/TIMP3/ZP1/POSTN/ADAMTS10/LTBP2/THBS2/NID1/MMP9/MGP/ANXA11/LAMA5/CDH13/SHH/THBS4/PDGFB/F3/PCSK6/SMOC1/ADAMTS3/CHADL/ENTPD2/LOXL2/LRRC15/S100A10/MMP23B/PZP/TNC/BCAM/EFNA5/TGFB3/CTSD/APLP1/LGALS1/LUM/NCAM1/AEBP1/FBLN1/SEMA7A/COL9A1/EFEMP2/LOXL3/ELN/BGN/COL26A1/LMAN1/MATN4/CBLN4/FBN2/COL21A1/A1BG/COL28A1/LAMC1/CILP/ACTA2/COLQ/SERPINA5/NTN4/ACAN/S100A8/SERPINF2/TNR/MYOC/HPX/COL9A2/ANGPTL1/MMRN1/COL23A1/IGFBPL1/ADAMTS5/LAMC3/LOX/COMP,126
CC,GO:0000775,"chromosome, centromeric region",77/2562,257/19894,3.5493411055345346e-13,1.1588598709570255e-10,8.910714249157752e-11,HJURP/AURKA/TOP2A/CENPU/ERCC6L/MAD2L1/SKA1/KIF2C/SGO2/CDCA8/CENPA/CCNB1/PLK1/DSN1/ZWINT/BUB1/DSCC1/NUF2/SKA3/CDCA5/CENPE/NCAPG/CENPH/CDT1/NDC80/TTK/CENPN/SGO1/ESCO2/NEK2/AURKB/CENPI/SMC4/SPAG5/CENPK/BIRC5/KNL1/MIS18A/NCAPD2/HELLS/SEPTIN6/SMARCE1/DYNLT3/KNSTRN/SUV39H2/BUB1B/KIF18A/CENPO/CENPF/SUV39H1/CENPW/NUP160/ACTL6A/INCENP/OIP5/ZWILCH/CDC20/SPDL1/NCAPD3/CENPL/MTCL1/SPC24/NDE1/RASSF2/SPC25/H4C8/UHRF2/FIRRM/AHCTF1/SNAI1/KNTC1/CKAP5/PKHD1/H2AC8/H4C9/CHMP4A/REC8,77
CC,GO:0000779,"condensed chromosome, centromeric region",60/2562,181/19894,1.2503707129525634e-12,2.7216402518600796e-10,2.0927257195732376e-10,HJURP/AURKA/CENPU/ERCC6L/MAD2L1/SKA1/KIF2C/SGO2/CENPA/CCNB1/PLK1/DSN1/ZWINT/BUB1/NUF2/SKA3/CENPE/NCAPG/CENPH/CDT1/NDC80/TTK/CENPN/SGO1/NEK2/AURKB/CENPI/SPAG5/CENPK/BIRC5/KNL1/NCAPD2/SEPTIN6/SMARCE1/DYNLT3/KNSTRN/BUB1B/KIF18A/CENPO/CENPF/CENPW/NUP160/ACTL6A/INCENP/ZWILCH/CDC20/SPDL1/NCAPD3/CENPL/MTCL1/SPC24/NDE1/RASSF2/SPC25/FIRRM/AHCTF1/KNTC1/CKAP5/CHMP4A/REC8,60
CC,GO:0000793,condensed chromosome,80/2562,281/19894,2.3968859385690582e-12,3.9129162947139873e-10,3.008722612361686e-10,HJURP/AURKA/TOP2A/CENPU/ERCC6L/MAD2L1/SKA1/KIF2C/CDK2/SGO2/CENPA/CCNB1/PLK1/DSN1/ZWINT/BUB1/NUF2/SKA3/FANCD2/RAD51/CENPE/NCAPH/NCAPG/CENPH/CDT1/NDC80/TTK/CENPN/SGO1/RCC1/MKI67/NEK2/BRCA2/AURKB/CENPI/HMGB2/SMC4/SPAG5/NCAPG2/CENPK/PSMC3IP/BIRC5/BLM/KNL1/HSPA2/NCAPD2/CHEK1/SEPTIN6/SMARCE1/DYNLT3/KNSTRN/BUB1B/KIF18A/CENPO/BRCA1/CENPF/SUV39H1/CENPW/NUP160/ACTL6A/INCENP/ZWILCH/CDC20/TUBG1/SPDL1/NCAPD3/CENPL/MTCL1/SPC24/NDE1/RASSF2/SPC25/FIRRM/AHCTF1/KNTC1/CKAP5/C14orf39/CHMP4A/REC8/SYCP2,80
CC,GO:0000776,kinetochore,56/2562,170/19894,9.273239454923931e-12,1.2110850728130654e-9,9.312284673681506e-10,HJURP/AURKA/CENPU/ERCC6L/MAD2L1/SKA1/KIF2C/SGO2/CCNB1/PLK1/DSN1/ZWINT/BUB1/NUF2/SKA3/CENPE/CENPH/CDT1/NDC80/TTK/CENPN/SGO1/NEK2/AURKB/CENPI/SPAG5/CENPK/BIRC5/KNL1/SEPTIN6/SMARCE1/DYNLT3/KNSTRN/BUB1B/KIF18A/CENPO/CENPF/CENPW/NUP160/ACTL6A/INCENP/ZWILCH/CDC20/SPDL1/CENPL/MTCL1/SPC24/NDE1/RASSF2/SPC25/FIRRM/AHCTF1/KNTC1/CKAP5/CHMP4A/REC8,56
CC,GO:0005819,spindle,106/2562,433/19894,2.401551039901631e-11,2.613688048426275e-9,2.0097190281282073e-9,AURKA/SHCBP1/FAM83D/TPX2/UHRF1/CDK1/KIF20B/MAD2L1/SKA1/KIF2C/DIAPH3/HASPIN/KIFC1/CDCA8/CCNB1/PLK1/DSN1/WDR62/SKA3/MZT1/CENPE/KIF18B/HMMR/MYH9/TTK/SGO1/CKAP2L/RACGAP1/CALM1/ESPL1/MAP9/FBXO5/NEK2/CDC6/AURKB/TUBB/TUBB6/HAUS6/SPAG5/DLGAP5/KIF23/PRC1/KIF4A/KIF20A/AUNIP/BIRC5/KIF14/KIF15/HSPA2/GPSM2/KIF11/STX1B/POC1A/SEPTIN6/ODF2/ANXA11/DYNLT3/TACC3/KNSTRN/BORA/BUB1B/KIF18A/RASSF10/CENPF/DCDC2/CEP85/ECT2/CRMP1/INCENP/POC1B/HAUS8/CCDC57/CDC7/ZWILCH/CDC20/TUBG1/MAPRE3/SPAG8/SPDL1/CEP128/MTCL1/TUBB4B/TPPP/NDE1/PKP4/BBLN/ASPM/GEM/FIRRM/CKAP2/KNTC1/CEP44/CKAP5/PKHD1/TMEM9/CEP162/FAM110A/TUBGCP3/PHLPP2/ALPK1/HEPACAM2/RMDN2/CHMP4A/RAB11FIP4/FMN2/MAPK15,106
CC,GO:0098687,chromosomal region,98/2562,402/19894,1.7430491502429588e-10,1.6260158501552175e-8,1.2502773603998365e-8,HJURP/AURKA/ORC1/CDK1/TOP2A/CENPU/MCM4/ERCC6L/MAD2L1/SKA1/KIF2C/CDK2/SGO2/CDCA8/CENPA/CCNB1/PLK1/DSN1/ZWINT/BUB1/MCM3/DSCC1/NUF2/SKA3/RAD51/CDCA5/CENPE/NCAPG/CENPH/CDT1/NDC80/TTK/CENPN/SGO1/MCM6/ESCO2/FEN1/MCM2/NEK2/BRCA2/AURKB/CENPI/SMC4/SPAG5/CENPK/MCM5/PCNA/XRCC3/BIRC5/RAD51AP1/BLM/KNL1/MIS18A/NCAPD2/HELLS/CHEK1/SEPTIN6/SMARCE1/DCLRE1B/DYNLT3/KNSTRN/SUV39H2/BUB1B/KIF18A/CENPO/CENPF/SUV39H1/CENPW/NUP160/ACTL6A/INCENP/OIP5/ZWILCH/CDC20/POLD1/NABP1/DNA2/SPDL1/NCAPD3/CENPL/MTCL1/SPC24/NDE1/RASSF2/SPC25/H4C8/UHRF2/FIRRM/AHCTF1/SNAI1/KNTC1/CKAP5/PKHD1/PRKDC/H2AC8/H4C9/CHMP4A/REC8,98
CC,GO:0045211,postsynaptic membrane,74/2562,276/19894,3.3651887743885233e-10,2.5459371125361378e-8,1.9576239262992467e-8,ITGA3/LRRC4B/ITGA5/KCNC1/NLGN3/ADCY1/LRRC4/ACTN2/GRIA1/GRIK3/TENM2/EPHA4/SHISA9/NRP1/CHRNA9/GABRQ/CACNG7/PCDH17/KCND3/CNIH3/FAIM2/CLSTN3/EFNB3/DRD2/KCNMA1/SLITRK3/ANK3/CNIH2/GABBR2/SLC6A9/CACNG8/CSPG5/SLITRK1/GLRA2/GRIA3/FBXO45/SHANK3/P2RY1/SHC4/KCNC4/DGKB/IGSF9B/LRRTM2/GABRA3/CHRNA5/GABRE/GRID2IP/CHRM1/KCNJ2/GRIK4/NRP2/RPH3A/LHFPL4/NRCAM/GRIN2D/FBXO2/CHRNB2/P2RX6/TRPV1/LIN7A/SORCS2/ADRA2A/KCNA1/SYNE1/GRIP2/GRIK2/PCDHB13/CHRNE/GRIA2/GRIN2B/SCN8A/GPR158/CHRM5/GRIN2C,74
CC,GO:0000940,outer kinetochore,15/2562,20/19894,3.5089485471401593e-10,2.5459371125361378e-8,1.9576239262992467e-8,SKA1/CCNB1/PLK1/DSN1/ZWINT/BUB1/NUF2/SKA3/NDC80/KNL1/BUB1B/CENPF/SPDL1/SPC24/SPC25,15
CC,GO:0097060,synaptic membrane,96/2562,397/19894,4.2580045770707483e-10,2.7804769888271986e-8,2.1379665086976284e-8,FOSL1/ITGA3/LRRC4B/ITGA5/KCNC1/GPM6A/NLGN3/ADCY1/LRRC4/CRYAB/ACTN2/GRIA1/GRIK3/TENM2/EPHA4/SHISA9/NRXN2/NRP1/CHRNA9/GABRQ/CACNG7/PCDH17/KCND3/CNIH3/FAIM2/CLSTN3/EFNB3/DRD2/EFNB1/KCNMA1/SLITRK3/ANK3/CNIH2/NTNG2/STX3/CNR1/GABBR2/SLC6A9/CACNG8/SYP/CSPG5/SLITRK1/HIP1R/GLRA2/GRIA3/GPER1/FBXO45/KCNJ9/SHANK3/P2RY1/SHC4/ATP2B1/KCNJ11/KCNC4/DGKB/IGSF9B/LRRTM2/GABRA3/CHRNA5/GABRE/GRID2IP/CHRM1/KCNJ2/GRIK4/NRP2/RPH3A/LHFPL4/NRCAM/GRIN2D/FBXO2/CHRNB2/P2RX6/TMEM240/TRPV1/SNCAIP/LIN7A/PICK1/SORCS2/NTNG1/PRKCG/LPAR2/ADRA2A/KCNA1/SYNE1/GRIP2/GRIK2/PCDHB13/DGKI/CHRNE/GRIA2/GRIN2B/OTOF/SCN8A/GPR158/CHRM5/GRIN2C,96
CC,GO:0098978,glutamatergic synapse,98/2562,409/19894,4.766305346563367e-10,2.829452173914435e-8,2.1756245457518906e-8,ITGA3/BCAN/C1QL1/NPTXR/LRRC4B/ITGA5/GPM6A/AURKA/NLGN3/ABTB3/ADCY1/LRRC4/EPHB1/ACTN2/GRIA1/GRIK3/ARF6/ABLIM3/EPHA4/CACNB4/SHISA9/NRXN2/ARHGAP22/NRP1/NPTX1/CACNG7/SPTB/PCDH17/SEMA3A/ACTN1/CLSTN3/EFNB3/APOE/DRD2/EFNB1/DBNL/NTNG2/STX3/CNR1/CALB1/LAMA5/ITPKA/ELAVL4/SRCIN1/SEPTIN11/CADPS/CSPG5/SLITRK1/HIP1R/UBE3A/PAK3/MAP1LC3A/DRP2/FBXO45/P2RY1/ATP2B1/KCNJ11/TNIK/FILIP1/PLAT/LRRTM2/PTK2B/GRID2IP/CHRM1/KCNJ2/FZD9/NRP2/OPHN1/NRCAM/EPHA7/GRIN2D/FBXO2/P2RX6/NOS1AP/FAM81A/IL1RAP/VGF/CALY/APPL1/CDH1/PLXNC1/NTNG1/RAB17/LPAR2/ADRA2A/SLITRK4/LYN/ADGRA1/CAMKV/KCNA1/GRIP2/GRIK2/TANC1/TNR/PRKAR2B/SCN8A/GRIN2C/C1QL2,98
CC,GO:0005874,microtubule,107/2562,468/19894,1.336472962869415e-9,7.272640372947734e-8,5.592084239374658e-8,APC2/NDRG1/AKNA/KIF26B/DCX/AURKA/TPX2/CDK1/MAP1A/KIF20B/PBXIP1/SKA1/KIF2C/CLIP3/KIFC1/PLK1/MAP6/NCKAP5/SKA3/CENPE/GTSE1/KIF18B/RACGAP1/CALM1/MAP9/SHROOM2/NEK2/FGF13/AURKB/TUBB/TUBB6/HAUS6/SPAG5/KIF23/PRC1/KIF4A/KIF20A/RASSF3/ARHGAP4/SYBU/ARHGAP18/SPACA9/BIRC5/EFHB/KIF14/REEP2/KIF15/CCT5/KIF11/GRAMD2B/ODF2/RASSF5/KIF4B/DYNLT3/KNSTRN/TPPP3/KIF18A/SNPH/HID1/DCDC2/MT3/INCENP/HAUS8/SPRY2/CCDC57/MAP1LC3A/MTCL2/TTLL9/ZWILCH/TUBG1/MAPRE3/SPAG8/CENPJ/TEKT2/MTCL1/GAS2L3/SVIL/TUBB4B/TPPP/NDE1/CASP1/BBLN/ASPM/CKAP2/KNTC1/CKAP5/ENKUR/SHROOM3/SAXO2/MEFV/CEP162/FAM110A/TUBGCP3/DNAI1/PACRG/DNAH1/RADIL/IQGAP1/CFAP52/MACF1/CIMAP1D/TRIM55/RMDN2/CFAP45/CHMP4A/KIF19/DYNC2H1,107
CC,GO:0034702,monoatomic ion channel complex,81/2562,344/19894,3.442353755985553e-8,1.7291207712758201e-6,1.3295568757936103e-6,KCNF1/TTYH2/KCNC1/KCNN4/CACNA1G/KCNK10/TTYH1/GRIA1/GRIK3/PDE4D/CACNB4/SHISA9/CALM1/KCNJ10/CHRNA9/GABRQ/CACNG7/KCND3/CNIH3/KCNG1/CLDN4/KCNMA1/CNIH2/KCNS3/CNGA3/HSPA2/KCNIP2/CACNG8/KCNIP3/BEST3/ABCC8/GLRA2/GRIA3/CACNA1E/MCU/CLCN7/KCNJ9/TMEM109/KCNH3/KCNJ11/KCNC4/CLIC1/SCN1B/GABRA3/CHRNA5/PTK2B/GABRE/SCN5A/KCNAB1/KCNJ2/GRIK4/TMEM37/SLC5A3/KCNH8/GRIN2D/CLIC2/SCN1A/LRRC8B/CHRNB2/SCN4B/KCNMB2/PDE4B/KCNK13/KCNMB4/SCNN1D/KCNK2/LRRC8C/KCNA1/GRIK2/HVCN1/CATSPERE/CHRNE/GRIA2/GRIN2B/SCN8A/KCNJ16/STAC3/GRIN2C/CHRFAM7A/CACNA1I/AKAP6,81
CC,GO:0051233,spindle midzone,18/2562,37/19894,1.377809809542149e-7,6.426498611650167e-6,4.941468264297782e-6,AURKA/KIF20B/CDCA8/PLK1/CENPE/KIF18B/RACGAP1/MAP9/CDC6/AURKB/PRC1/KIF14/KIF18A/INCENP/MAPRE3/PKP4/GEM/FIRRM,18
CC,GO:0045178,basal part of cell,72/2562,305/19894,1.7559292692873015e-7,7.644145418964053e-6,5.877742185614336e-6,MLC1/ITGA3/MET/ITGB4/SLC7A5/AURKA/NOD2/PHLDB1/SLCO4A1/SLC43A2/SLC40A1/SLC2A1/CD34/SLC38A3/CA9/LDLR/SLC1A5/ABCA1/KCNJ10/SLC16A6/SLC29A1/ENPP1/ABCC3/ATP1A1/MSN/PIANP/CXADR/ITGA1/CLDN4/ANK3/CA11/SLC26A11/TGFA/TF/SLC6A9/PDGFB/NDRG4/SLC38A1/SLC7A1/SLC14A1/ITGA9/SLC4A7/P2RY1/SLC16A10/ATP2B1/PHLDB2/SLCO5A1/OSCP1/MTTP/AQP1/CLDN11/SLC43A3/SLC39A8/SLC5A3/CEACAM1/CADM1/SHROOM4/SLC7A7/LIN7A/RAB17/MUC20/ADRA2A/IQGAP1/ABCC6/AQP4/CLDN1/C5AR1/AQP3/TACSTD2/OTOF/KCNJ16/FOLR1,72
CC,GO:0009925,basal plasma membrane,68/2562,286/19894,2.8774287901079445e-7,1.1743506249628048e-5,9.029825874220326e-6,MLC1/ITGA3/MET/ITGB4/SLC7A5/AURKA/NOD2/SLCO4A1/SLC43A2/SLC40A1/SLC2A1/CD34/SLC38A3/CA9/LDLR/SLC1A5/ABCA1/KCNJ10/SLC16A6/SLC29A1/ENPP1/ABCC3/ATP1A1/MSN/PIANP/CXADR/CLDN4/ANK3/CA11/SLC26A11/TGFA/TF/SLC6A9/PDGFB/NDRG4/SLC38A1/SLC7A1/SLC14A1/ITGA9/SLC4A7/P2RY1/SLC16A10/ATP2B1/SLCO5A1/OSCP1/MTTP/AQP1/SLC43A3/SLC39A8/SLC5A3/CEACAM1/CADM1/SHROOM4/SLC7A7/LIN7A/RAB17/MUC20/ADRA2A/IQGAP1/ABCC6/AQP4/CLDN1/C5AR1/AQP3/TACSTD2/OTOF/KCNJ16/FOLR1,68
CC,GO:0072686,mitotic spindle,49/2562,184/19894,3.874512084851378e-7,1.4882684655340882e-5,1.1443605352780849e-5,AURKA/FAM83D/TPX2/CDK1/KIF20B/MAD2L1/SKA1/KIFC1/PLK1/WDR62/SKA3/CENPE/KIF18B/CKAP2L/RACGAP1/ESPL1/MAP9/CDC6/AURKB/TUBB/TUBB6/HAUS6/SPAG5/DLGAP5/KIF23/PRC1/GPSM2/KIF11/DYNLT3/TACC3/KNSTRN/KIF18A/DCDC2/ECT2/HAUS8/CDC7/TUBG1/MAPRE3/TUBB4B/TPPP/PKP4/ASPM/GEM/CKAP2/PKHD1/TMEM9/PHLPP2/HEPACAM2/RMDN2,49
CC,GO:0071162,CMG complex,9/2562,11/19894,4.1416367912474837e-7,1.5024937914914483e-5,1.155298683874298e-5,MCM4/CDC45/MCM3/GINS1/MCM6/MCM2/GINS4/MCM5/GINS2,9
CC,GO:0005876,spindle microtubule,28/2562,82/19894,6.030643234681365e-7,2.0726368590773325e-5,1.5936935307163497e-5,AURKA/CDK1/SKA1/PLK1/SKA3/CENPE/KIF18B/CALM1/MAP9/AURKB/HAUS6/PRC1/KIF4A/KIF11/DYNLT3/KIF18A/HAUS8/CCDC57/ZWILCH/TUBG1/MAPRE3/MTCL1/BBLN/KNTC1/FAM110A/TUBGCP3/RMDN2/CHMP4A,28
CC,GO:0000922,spindle pole,47/2562,177/19894,7.259349638718269e-7,2.3701776570415146e-5,1.822478830351902e-5,AURKA/FAM83D/TPX2/KIF20B/MAD2L1/DIAPH3/CCNB1/PLK1/DSN1/WDR62/SGO1/CKAP2L/CALM1/NEK2/CDC6/AURKB/SPAG5/DLGAP5/PRC1/AUNIP/GPSM2/KIF11/POC1A/ODF2/TACC3/KNSTRN/RASSF10/CENPF/CEP85/POC1B/HAUS8/CDC20/TUBG1/SPDL1/CEP128/MTCL1/NDE1/PKP4/ASPM/CKAP2/KNTC1/CEP44/CKAP5/FAM110A/TUBGCP3/ALPK1/RMDN2,47
CC,GO:0032279,asymmetric synapse,74/2562,329/19894,8.836840883628228e-7,2.6407136494358906e-5,2.0304995740806318e-5,SLC1A1/C1QL1/LRRC4B/AURKA/NLGN3/ADCY1/LRRC4/DCLK1/ACTN2/GRIA1/GRIK3/EPHA4/CTNND2/SHISA9/CACNG7/ATP1A1/CLSTN3/EFNB3/DBNL/SLITRK3/CNIH2/SH2D5/MAPK8IP2/SLC6A9/SRCIN1/CACNG8/INSYN1/ADGRB1/TMEM108/SLITRK1/HIP1R/GRIA3/GPER1/PAK3/DRP2/FBXO45/SHANK3/P2RY1/TNIK/IGSF9B/LRRTM2/NTRK2/PTK2B/GRID2IP/CHRM1/PKP4/GRIK4/SLC8A1/ADD2/NRCAM/GRIN2D/FAM81A/SPOCK1/PDE4B/INSYN2A/CADM1/LIN7A/ANKS1B/PLXNC1/PICK1/SORCS2/PRKCG/ADRA2A/ADGRA1/GRIP2/GRIK2/DGKI/TANC1/GRIA2/GRIN2B/INSYN2B/SCN8A/GRIN2C/C1QL2,74
CC,GO:0030496,midbody,52/2562,205/19894,8.896738175741131e-7,2.6407136494358906e-5,2.0304995740806318e-5,APC2/HSP90B1/AURKA/SHCBP1/CDK1/KIF20B/AGAP2/CDCA8/PLK1/SLC2A1/ARF6/CENPE/RACGAP1/CEP55/NEK2/AURKB/ANLN/GNL3/SPAG5/KIF23/PRC1/KIF4A/KIF20A/BIRC5/KIF14/SEPTIN6/ANXA11/STK17B/CENPF/ECT2/CRMP1/INCENP/MTCL2/MAPRE3/FAM50B/MTCL1/TACC1/SVIL/PKP4/ASPM/GEM/FIRRM/PTCH1/CEP44/URB2/IQGAP1/SYNE1/RASGEF1B/HEPACAM2/CHMP4A/RAB11FIP4/IL16,52
CC,GO:0099572,postsynaptic specialization,75/2562,341/19894,1.8341753630770891e-6,5.207463096040605e-5,4.0041265363284737e-5,LRRC4B/AURKA/ADCY1/LRRC4/DCLK1/ACTN2/GRIA1/GRIK3/EPHA4/CTNND2/SHISA9/CACNG7/ATP1A1/KCND3/CLSTN3/EFNB3/DBNL/SLITRK3/CNIH2/SH2D5/MAPK8IP2/SLC6A9/SRCIN1/CACNG8/SEPTIN11/INSYN1/ADGRB1/TMEM108/SLITRK1/HIP1R/GRIA3/GPER1/PAK3/DRP2/FBXO45/SHANK3/P2RY1/TNIK/IGSF9B/LRRTM2/NTRK2/PTK2B/GRID2IP/CHRM1/PKP4/GRIK4/SLC8A1/ADD2/LHFPL4/NRCAM/GRIN2D/CHRNB2/P2RX6/FAM81A/SPOCK1/PDE4B/INSYN2A/CADM1/LIN7A/ANKS1B/PICK1/SORCS2/PRKCG/ADRA2A/LYN/ADGRA1/GRIP2/GRIK2/DGKI/TANC1/GRIA2/GRIN2B/INSYN2B/SCN8A/GRIN2C,75
CC,GO:0098984,neuron to neuron synapse,78/2562,360/19894,2.1142544045039253e-6,5.7525338589210965e-5,4.423242767317423e-5,ATP1B2/SLC1A1/C1QL1/LRRC4B/AURKA/NLGN3/ADCY1/LRRC4/DCLK1/ACTN2/GRIA1/GRIK3/EPHA4/CTNND2/SHISA9/CACNG7/ATP1A1/CLSTN3/EFNB3/DBNL/SLITRK3/CNIH2/SH2D5/MAPK8IP2/SLC6A9/CALB1/SRCIN1/CACNG8/SEPTIN11/INSYN1/ADGRB1/TMEM108/SLITRK1/HIP1R/ROGDI/GRIA3/GPER1/PAK3/DRP2/FBXO45/SHANK3/P2RY1/TNIK/IGSF9B/LRRTM2/NTRK2/PTK2B/GRID2IP/CHRM1/PKP4/GRIK4/SLC8A1/ADD2/NRCAM/GRIN2D/FAM81A/SPOCK1/PDE4B/INSYN2A/CADM1/LIN7A/ANKS1B/PLXNC1/PICK1/SORCS2/PRKCG/ADRA2A/ADGRA1/GRIP2/GRIK2/DGKI/TANC1/GRIA2/GRIN2B/INSYN2B/SCN8A/GRIN2C/C1QL2,78
CC,GO:0043025,neuronal cell body,99/2562,488/19894,2.2813069900278867e-6,5.9587738579528405e-5,4.5818249862875874e-5,ASCL1/SLC1A1/ATP1A2/P2RX7/L1CAM/KCNC1/GPM6A/AURKA/TPX2/MAP1A/KCNN4/TTBK1/MAOB/S100B/CRYAB/GRIA1/GRIK3/PPP1R1B/MAPK8IP1/EPHA4/PLXDC1/CTNND2/LRP8/TNN/CCN3/C4A/RRM1/CACNG7/RIN3/ITPR3/KCND3/APOE/ITGA1/SERPINF1/DRD2/DBNL/CNGA3/TMPRSS5/TMEM100/TNFRSF1B/MAPK8IP2/AKAP12/CALB1/RTN4RL1/ELAVL4/LYPD6/SEZ6L/HIP1R/SLC38A1/ROGDI/CPNE5/CRMP1/INPP5F/SLC38A7/CACNA1E/DRP2/KCNJ11/KCNC4/AZIN2/TGFB3/SCN1B/SKOR1/PTK2B/KCNJ2/ELOVL5/NRSN1/SLC12A5/SLC8A1/DNER/SCN1A/P2RX6/PRKAA2/PJVK/VGF/TRPV1/GHR/SNCAIP/SORCS2/RET/RAB17/ADRA2A/KLHL14/KCNK2/KCNA1/GAL/GRIP2/GRIK2/SLC25A27/APOD/TANC1/GJC2/NPFF/GRIA2/PRKAR2B/RGS8/SYT5/FLRT1/EVX1/PDE1C,99
CC,GO:0031261,DNA replication preinitiation complex,9/2562,13/19894,4.215313038520156e-6,1.0372061518914378e-4,7.975293535136871e-5,MCM4/CDC45/MCM3/GINS1/MCM6/MCM2/GINS4/MCM5/GINS2,9
CC,GO:0014069,postsynaptic density,69/2562,313/19894,4.288601240592468e-6,1.0372061518914378e-4,7.975293535136871e-5,LRRC4B/AURKA/ADCY1/LRRC4/DCLK1/ACTN2/GRIA1/GRIK3/EPHA4/CTNND2/SHISA9/CACNG7/ATP1A1/CLSTN3/EFNB3/DBNL/SLITRK3/CNIH2/SH2D5/MAPK8IP2/SLC6A9/SRCIN1/CACNG8/INSYN1/ADGRB1/TMEM108/SLITRK1/HIP1R/GRIA3/GPER1/PAK3/DRP2/FBXO45/SHANK3/P2RY1/TNIK/IGSF9B/LRRTM2/NTRK2/PTK2B/GRID2IP/CHRM1/PKP4/GRIK4/SLC8A1/ADD2/NRCAM/GRIN2D/FAM81A/SPOCK1/PDE4B/INSYN2A/CADM1/LIN7A/ANKS1B/PICK1/SORCS2/PRKCG/ADRA2A/ADGRA1/GRIP2/GRIK2/DGKI/TANC1/GRIA2/GRIN2B/INSYN2B/SCN8A/GRIN2C,69
CC,GO:0045121,membrane raft,64/2562,286/19894,5.624840630316432e-6,1.3117931898559395e-4,1.0086650303236608e-4,MLC1/SLC1A1/DLL1/ATP1A2/PECAM1/ADRA1B/HAS2/ADCY1/CLIP3/ADGRG1/EPHB1/CDH15/SLC2A1/DPP4/TRPM8/LRP8/ENTPD1/MYADM/ABCA1/TUBB/GPM6B/ATP1A1/FAIM2/CXADR/EFNB1/KCNMA1/CNR1/TNFRSF1B/ERLIN1/SORBS1/RTN4RL1/FAS/CDH13/LYPD6/SHH/KIF18A/SMO/LIPE/EFHD2/CORO1C/S100A10/EFNA5/NPC1/CTSD/SCN5A/ADD2/PODXL/PTCH1/CLN3/KIRREL1/CHRNB2/NOS1AP/PLVAP/ABCB4/RFTN1/CAVIN2/CDH1/NFAM1/CBLB/LYN/TNR/ADCY2/HPSE/AKAP6,64
CC,GO:0098857,membrane microdomain,64/2562,287/19894,6.343857281371349e-6,1.4284616568053417e-4,1.0983738378272717e-4,MLC1/SLC1A1/DLL1/ATP1A2/PECAM1/ADRA1B/HAS2/ADCY1/CLIP3/ADGRG1/EPHB1/CDH15/SLC2A1/DPP4/TRPM8/LRP8/ENTPD1/MYADM/ABCA1/TUBB/GPM6B/ATP1A1/FAIM2/CXADR/EFNB1/KCNMA1/CNR1/TNFRSF1B/ERLIN1/SORBS1/RTN4RL1/FAS/CDH13/LYPD6/SHH/KIF18A/SMO/LIPE/EFHD2/CORO1C/S100A10/EFNA5/NPC1/CTSD/SCN5A/ADD2/PODXL/PTCH1/CLN3/KIRREL1/CHRNB2/NOS1AP/PLVAP/ABCB4/RFTN1/CAVIN2/CDH1/NFAM1/CBLB/LYN/TNR/ADCY2/HPSE/AKAP6,64
CC,GO:0005604,basement membrane,28/2562,92/19894,7.824412604380512e-6,1.703113810220158e-4,1.3095595832594752e-4,ITGB4/COL8A1/NPNT/LAMB3/NTN1/MATN2/AGRN/SERPINF1/TIMP3/THBS2/NID1/LAMA5/THBS4/SMOC1/ENTPD2/LOXL2/TNC/EFNA5/APLP1/FBLN1/EFEMP2/COL28A1/LAMC1/ACTA2/COLQ/NTN4/COL23A1/LAMC3,28
CC,GO:0098637,protein complex involved in cell-matrix adhesion,10/2562,17/19894,1.0114392107023628e-5,2.1127077633084214e-4,1.6245048812736632e-4,PLAUR/EMILIN1/EMILIN2/TNN/PLAU/NID1/TNC/LAMC1/TNR/MMRN1,10
CC,GO:0005657,replication fork,24/2562,74/19894,1.0353238656335297e-5,2.1127077633084214e-4,1.6245048812736632e-4,UHRF1/MCM3/EME1/RFC3/XRCC2/MCM10/WDHD1/PCNA/POLH/XRCC3/RFC5/BLM/TIMELESS/POLD3/CHEK1/RFC4/RAD18/PRIM2/MMS22L/PRIM1/POLD1/RECQL5/BCL6/POLA2,24
CC,GO:1902495,transmembrane transporter complex,89/2562,444/19894,1.1887034639084874e-5,2.3521920058552798e-4,1.8086492895832488e-4,ATP1B2/ATP1A2/KCNF1/TTYH2/KCNC1/KCNN4/CACNA1G/KCNK10/TTYH1/GRIA1/GRIK3/PDE4D/CACNB4/SHISA9/CALM1/KCNJ10/CHRNA9/GABRQ/CACNG7/ATP1A1/KCND3/CNIH3/KCNG1/CLDN4/KCNMA1/CNIH2/KCNS3/CNGA3/HSPA2/KCNIP2/CACNG8/KCNIP3/BEST3/NDUFV2/ABCC8/GLRA2/GRIA3/CACNA1E/MCU/CLCN7/KCNJ9/TMEM109/KCNH3/KCNJ11/KCNC4/CLIC1/SCN1B/GABRA3/CHRNA5/PTK2B/GABRE/SCN5A/KCNAB1/KCNJ2/GRIK4/TMEM37/SLC5A3/KCNH8/NDUFC2/ND3/GRIN2D/CLIC2/SCN1A/LRRC8B/CHRNB2/SCN4B/KCNMB2/PDE4B/ATP1B4/KCNK13/KCNMB4/SCNN1D/FXYD2/KCNK2/LRRC8C/KCNA1/GRIK2/HVCN1/CATSPERE/CHRNE/GRIA2/GRIN2B/SCN8A/KCNJ16/STAC3/GRIN2C/CHRFAM7A/CACNA1I/AKAP6,89
CC,GO:0032432,actin filament bundle,28/2562,95/19894,1.531766217819931e-5,2.941892177165926e-4,2.262081999690734e-4,PGM5/DIAPH3/TPM4/ROR1/XIRP1/CRYAB/MYLK/ABLIM3/MYH9/PLS1/TPM3/LIMCH1/AFAP1L1/ACTN1/BAG3/SORBS1/RAI14/SEPTIN11/ABLIM1/FAM107A/PDLIM2/MYH7/SHROOM4/LCP1/PDLIM1/ACTA2/LDB3/PDLIM3,28
CC,GO:0000228,nuclear chromosome,52/2562,226/19894,1.8314363043776622e-5,3.3454099444848106e-4,2.572355192261231e-4,ORC1/TOP2A/HMGA2/MCM4/ORC6/CDC45/PLK1/MCM3/GINS1/EME1/RAD51/NCAPH/NCAPG/MCM6/RCC1/MCM2/NEK2/BRCA2/SMC4/NCAPG2/MCM10/GINS4/WDHD1/PSMC3IP/MCM5/PCNA/BIRC5/BLM/TIMELESS/HSPA2/POLD3/NCAPD2/CHEK1/GINS2/SMARCE1/BRCA1/PRIM2/POLE2/SUV39H1/MMS22L/ACTL6A/INCENP/PRIM1/TUBG1/POLD1/NCAPD3/FIGNL1/UCHL5/C14orf39/POLA2/REC8/SYCP2,52
CC,GO:0016323,basolateral plasma membrane,57/2562,255/19894,1.844330137847675e-5,3.3454099444848106e-4,2.572355192261231e-4,MLC1/ITGA3/SLC7A5/AURKA/NOD2/SLCO4A1/SLC43A2/SLC40A1/SLC2A1/SLC38A3/CA9/LDLR/ABCA1/KCNJ10/SLC16A6/SLC29A1/ENPP1/ABCC3/ATP1A1/MSN/PIANP/CXADR/ANK3/CA11/SLC26A11/TGFA/SLC6A9/PDGFB/NDRG4/SLC38A1/SLC7A1/SLC14A1/SLC4A7/P2RY1/SLC16A10/ATP2B1/SLCO5A1/MTTP/AQP1/SLC43A3/SLC39A8/SLC5A3/CADM1/SLC7A7/LIN7A/RAB17/MUC20/ADRA2A/IQGAP1/ABCC6/AQP4/CLDN1/C5AR1/AQP3/OTOF/KCNJ16/FOLR1,57
CC,GO:0043292,contractile fiber,56/2562,250/19894,2.0396304530852052e-5,3.599672123958484e-4,2.7678626632194676e-4,PGM5/TPM4/IGFN1/NPNT/SLC2A1/CRYAB/ACTN2/FHL2/KRT8/AHNAK2/CALM1/DEK/TPM3/KY/ACTN1/ANK3/PDE4DIP/BAG3/FHOD3/MYBPC2/KLHL41/CFL2/CORO1C/LRRC27/TMOD4/TMOD1/NEXN/SVIL/SCN5A/MYH15/SLC8A1/PDLIM2/LMAN1/MYL5/SCN1A/JPH1/NOS1AP/MYH11/MYH7/MYH3/PDE4B/CSRP3/PDLIM1/ACTA2/TMOD2/JPH2/LMOD1/MYOZ2/SYNE1/LDB3/SYNPO2L/CASQ1/PDLIM3/TNNT3/MYPN/SCN8A,56
CC,GO:1990351,transporter complex,92/2562,471/19894,2.4543778749535278e-5,4.1785713593628436e-4,3.2129903093674155e-4,ATP1B2/ATP1A2/KCNF1/TTYH2/KCNC1/KCNN4/SLC2A1/CACNA1G/KCNK10/TTYH1/GRIA1/GRIK3/PDE4D/CACNB4/SHISA9/CALM1/KCNJ10/CHRNA9/GABRQ/CACNG7/ATP1A1/KCND3/CNIH3/KCNG1/CLDN4/KCNMA1/CNIH2/KCNS3/CNGA3/HSPA2/KCNIP2/CACNG8/KCNIP3/BEST3/NDUFV2/ABCC8/GLRA2/GRIA3/CACNA1E/MCU/CLCN7/KCNJ9/TMEM109/KCNH3/KCNJ11/KCNC4/CLIC1/SCN1B/GABRA3/CHRNA5/PTK2B/GABRE/SCN5A/KCNAB1/KCNJ2/ATP8B1/GRIK4/TMEM37/SLC5A3/KCNH8/NDUFC2/ND3/GRIN2D/CLIC2/SCN1A/LRRC8B/CHRNB2/SCN4B/KCNMB2/PDE4B/ATP1B4/KCNK13/KCNMB4/SCNN1D/FXYD2/KCNK2/LRRC8C/KCNA1/GRIK2/HVCN1/CATSPERE/CHRNE/GRIA2/ATP10A/GRIN2B/SCN8A/KCNJ16/STAC3/GRIN2C/CHRFAM7A/CACNA1I/AKAP6,92
CC,GO:0016328,lateral plasma membrane,22/2562,68/19894,2.4956245484709173e-5,4.1785713593628436e-4,3.2129903093674155e-4,ATP1B2/IQGAP3/VANGL2/FGF13/GJB2/ATP1A1/DRD2/CLDN4/ANK3/GPSM2/SLC6A9/DSG2/CORO1C/MTCL1/SCN5A/CEACAM1/CDH1/C1QTNF5/IQGAP1/CLDN1/TACSTD2/VANGL1,22
CC,GO:0098839,postsynaptic density membrane,28/2562,99/19894,3.533470773369584e-5,5.768391037525845e-4,4.4354356813086616e-4,LRRC4B/ADCY1/LRRC4/ACTN2/GRIA1/GRIK3/EPHA4/SHISA9/CACNG7/CLSTN3/EFNB3/SLITRK3/CACNG8/SLITRK1/GRIA3/LRRTM2/CHRM1/GRIK4/NRCAM/GRIN2D/LIN7A/SORCS2/ADRA2A/GRIK2/GRIA2/GRIN2B/SCN8A/GRIN2C,28
CC,GO:0000137,Golgi cis cisterna,13/2562,30/19894,3.6700012962452446e-5,5.845148405971085e-4,4.4944560161976413e-4,GOLGA8N/GOLGA8Q/GOLGA8O/XYLT1/GOLGA8T/GOLGA8K/GOLGA6B/GOLGA8J/GOLGA8M/GOLGA8R/GOLGA8S/GOLGA6C/GOLGA6D,13
CC,GO:0001725,stress fiber,25/2562,85/19894,4.465916542932591e-5,6.781961633802285e-4,5.214791165186893e-4,PGM5/TPM4/ROR1/XIRP1/MYLK/ABLIM3/MYH9/TPM3/LIMCH1/AFAP1L1/ACTN1/BAG3/SORBS1/RAI14/SEPTIN11/ABLIM1/FAM107A/PDLIM2/MYH7/SHROOM4/LCP1/PDLIM1/ACTA2/LDB3/PDLIM3,25
CC,GO:0097517,contractile actin filament bundle,25/2562,85/19894,4.465916542932591e-5,6.781961633802285e-4,5.214791165186893e-4,PGM5/TPM4/ROR1/XIRP1/MYLK/ABLIM3/MYH9/TPM3/LIMCH1/AFAP1L1/ACTN1/BAG3/SORBS1/RAI14/SEPTIN11/ABLIM1/FAM107A/PDLIM2/MYH7/SHROOM4/LCP1/PDLIM1/ACTA2/LDB3/PDLIM3,25
CC,GO:0031253,cell projection membrane,72/2562,354/19894,4.802690601010192e-5,7.127629460135581e-4,5.480582336559477e-4,ATP1B2/APC2/ITGA3/CSPG4/SNTG1/SLC7A5/ITGA5/KCNC1/MCHR1/SPRY4/DPP4/TTYH1/GRIA1/ARF6/CA9/SHISA9/EPS8L2/PTPRH/WWC1/GPR88/ADCY3/MSN/GPR37L1/EFCAB7/DRD2/ABCA7/ADGRV1/ROM1/CDHR2/ADGRE2/DHRS3/SMO/HIP1R/NDRG4/PSD4/EPHA2/GPER1/SPRY2/CORO1C/SHANK3/PTPRJ/KCNJ11/KCNC4/GABRA3/GABRE/MTTP/FAM107A/AQP1/LAMP5/FZD9/SLC7A11/SLC12A5/GPR157/PODXL/PTCH1/KIRREL1/CEACAM1/TMEM17/TRPV1/ROBO2/LCP1/MUC20/PHLPP2/PLB1/MXRA8/MACF1/SLC34A3/EPS8L1/TAS2R4/JCAD/CYS1/FOLR1,72
CC,GO:0098636,protein complex involved in cell adhesion,19/2562,57/19894,5.5257739080825826e-5,7.856266697285313e-4,6.040846642387515e-4,ITGA3/ITGB4/PLAUR/PLP1/ITGA5/EMILIN1/EMILIN2/TNN/PLAU/ITGA1/NID1/ITGA9/ITGA6/TNC/LGALS1/LAMC1/LYN/TNR/MMRN1,19
CC,GO:0005581,collagen trimer,25/2562,86/19894,5.5342766933403435e-5,7.856266697285313e-4,6.040846642387515e-4,C1QL1/EMILIN1/COL20A1/COL8A1/C1QTNF6/COL3A1/EMILIN2/COL1A1/COL16A1/COL1A2/EMID1/GLDN/LUM/COL9A1/COL26A1/COL21A1/MBL2/COL28A1/C1QTNF5/COLQ/MSR1/COL9A2/COL23A1/LOX/C1QL2,25
CC,GO:0044309,neuron spine,41/2562,173/19894,6.65964299852532e-5,9.252652931993688e-4,7.114557021940823e-4,SLC1A1/ATP1A2/GPM6A/LRRC4/CRYAB/ACTN2/GRIA1/TENM2/EPHA4/SHISA9/HAP1/KCND3/DRD2/CNIH2/CALB1/ITPKA/SEPTIN11/ADGRB1/HIP1R/MT3/GRIA3/GPER1/SHANK3/NTRK2/PTK2B/KCNJ2/RPH3A/OPHN1/FBXO2/P2RX6/PDE4B/TRPV1/ANKS1B/SORCS2/SYNE1/GRIP2/FCGR2B/DGKI/GRIA2/PRKAR2B/FRMPD4,41
CC,GO:0099634,postsynaptic specialization membrane,31/2562,120/19894,9.300511329292003e-5,0.0012652570620890996,9.728824351035713e-4,LRRC4B/ADCY1/LRRC4/ACTN2/GRIA1/GRIK3/EPHA4/SHISA9/CACNG7/KCND3/CLSTN3/EFNB3/SLITRK3/CACNG8/SLITRK1/GRIA3/LRRTM2/CHRM1/GRIK4/NRCAM/GRIN2D/CHRNB2/P2RX6/LIN7A/SORCS2/ADRA2A/GRIK2/GRIA2/GRIN2B/SCN8A/GRIN2C,31
CC,GO:0060076,excitatory synapse,20/2562,64/19894,9.958230905848254e-5,0.0013071676951761572,0.0010051083913903875,ITGA3/C1QL1/GPM6A/NLGN3/LRRC4/GRIA1/FGFR2/SLC6A9/SYP/GRIA3/KCNJ9/LRRTM2/GRID2IP/ELFN1/P2RX6/PDE4B/PLXNC1/GRIA2/SCN8A/C1QL2,20
CC,GO:0008328,ionotropic glutamate receptor complex,15/2562,41/19894,1.0008941004411617e-4,0.0013071676951761572,0.0010051083913903875,GRIA1/GRIK3/SHISA9/CACNG7/CNIH3/CNIH2/CACNG8/GRIA3/PTK2B/GRIK4/GRIN2D/GRIK2/GRIA2/GRIN2B/GRIN2C,15
CC,GO:0043197,dendritic spine,40/2562,171/19894,1.1003321862535718e-4,0.0013997091832405521,0.0010762654636991109,SLC1A1/ATP1A2/GPM6A/LRRC4/CRYAB/ACTN2/GRIA1/TENM2/EPHA4/SHISA9/HAP1/KCND3/DRD2/CNIH2/CALB1/ITPKA/SEPTIN11/ADGRB1/HIP1R/MT3/GRIA3/GPER1/SHANK3/NTRK2/PTK2B/KCNJ2/RPH3A/OPHN1/FBXO2/P2RX6/PDE4B/TRPV1/ANKS1B/SORCS2/SYNE1/FCGR2B/DGKI/GRIA2/PRKAR2B/FRMPD4,40
CC,GO:0097386,glial cell projection,14/2562,37/19894,1.1146229330552635e-4,0.0013997091832405521,0.0010762654636991109,GFAP/ATP1B2/SLC1A1/ADGRG1/KCNJ10/GJB2/CNGA3/ABCA7/MT3/CRB1/SLC7A11/LCP1/KCNK2/AQP4,14
CC,GO:0042555,MCM complex,7/2562,11/19894,1.1964763835486426e-4,0.0014741492046363464,0.0011335039423092403,MCM4/MCM3/MCM6/MCM2/MCM5/MCM8/MMS22L,7
CC,GO:0014704,intercalated disc,17/2562,51/19894,1.3449699098310147e-4,0.001596846092944823,0.0012278481282093664,ATP1A2/PGM5/SLC2A1/FGF13/ACTN1/CXADR/ANK3/DSG2/KCNJ11/SCN1B/TMEM65/SCN5A/KCNJ2/SLC8A1/SCN1A/SCN4B/AKAP6,17
CC,GO:0030315,T-tubule,17/2562,51/19894,1.3449699098310147e-4,0.001596846092944823,0.0012278481282093664,ATP1A2/AHNAK2/CACNG7/ATP1A1/ANK3/CACNG8/KCNJ11/TGFB3/SCN1B/SCN5A/KCNJ2/SLC8A1/SCN1A/NOS1AP/CASQ1/STAC3/AKAP6,17
CC,GO:0042734,presynaptic membrane,39/2562,167/19894,1.3821191048501248e-4,0.0016116495990484492,0.0012392308515291534,FOSL1/ITGA3/LRRC4B/KCNC1/GPM6A/GRIA1/GRIK3/EPHA4/NRXN2/PCDH17/EFNB3/DRD2/EFNB1/NTNG2/STX3/CNR1/SLC6A9/SYP/GPER1/FBXO45/KCNJ9/P2RY1/ATP2B1/KCNJ11/KCNC4/CHRM1/GRIK4/GRIN2D/CHRNB2/SNCAIP/PICK1/NTNG1/LPAR2/ADRA2A/KCNA1/GRIK2/OTOF/SCN8A/GPR158,39
CC,GO:0042641,actomyosin,25/2562,91/19894,1.5121625706874958e-4,0.0017323546643139207,0.0013320434833202872,PGM5/TPM4/ROR1/XIRP1/MYLK/ABLIM3/MYH9/TPM3/LIMCH1/AFAP1L1/ACTN1/BAG3/SORBS1/RAI14/SEPTIN11/ABLIM1/FAM107A/PDLIM2/MYH7/SHROOM4/LCP1/PDLIM1/ACTA2/LDB3/PDLIM3,25
CC,GO:0030016,myofibril,51/2562,240/19894,1.9083034058911004e-4,0.0021484864207704977,0.0016520158341380305,PGM5/TPM4/IGFN1/SLC2A1/CRYAB/ACTN2/FHL2/KRT8/AHNAK2/CALM1/TPM3/KY/ACTN1/ANK3/PDE4DIP/BAG3/FHOD3/MYBPC2/KLHL41/CFL2/CORO1C/LRRC27/TMOD4/TMOD1/NEXN/SVIL/SCN5A/MYH15/SLC8A1/PDLIM2/LMAN1/SCN1A/JPH1/NOS1AP/MYH7/MYH3/PDE4B/CSRP3/PDLIM1/TMOD2/JPH2/LMOD1/MYOZ2/SYNE1/LDB3/SYNPO2L/CASQ1/PDLIM3/TNNT3/MYPN/SCN8A,51
CC,GO:0005901,caveola,23/2562,82/19894,1.9549937950759974e-4,0.002163747369804451,0.0016637502948282797,MLC1/ATP1A2/ADRA1B/CDH15/SLC2A1/LRP8/ENTPD1/KCNMA1/SORBS1/CDH13/KIF18A/SMO/LIPE/CORO1C/EFNA5/SCN5A/PTCH1/CLN3/NOS1AP/PLVAP/CAVIN2/CDH1/AKAP6,23
CC,GO:0043202,lysosomal lumen,26/2562,98/19894,2.0883364455800897e-4,0.0022728061649396644,0.0017476078676170223,CTSV/SDC3/NCAN/CSPG4/BCAN/SDC1/PRELP/CTSF/CD74/PDGFRB/AGRN/FMOD/HEXA/CSPG5/IDUA/FUCA1/SGSH/CTSD/LUM/ARSA/BGN/NAGLU/NEU4/TXNDC5/ACAN/HPSE,26
CC,GO:0030018,Z disc,32/2562,131/19894,2.2319507448017976e-4,0.0023892849776320883,0.0018371708460232226,PGM5/IGFN1/SLC2A1/CRYAB/ACTN2/FHL2/KRT8/KY/ACTN1/ANK3/BAG3/FHOD3/CFL2/NEXN/SCN5A/SLC8A1/PDLIM2/SCN1A/JPH1/NOS1AP/MYH7/PDE4B/CSRP3/PDLIM1/JPH2/MYOZ2/LDB3/SYNPO2L/CASQ1/PDLIM3/MYPN/SCN8A,32
CC,GO:0045177,apical part of cell,87/2562,468/19894,2.398953269270333e-4,0.00252663949166698,0.0019427855847910847,ATP1B2/CSPG4/SLC1A1/DLL1/SLC7A5/SLC2A1/DPP4/CD34/SLC38A3/PDE4D/VANGL2/LDLR/PALM2AKAP2/PTPRH/SHROOM2/PDGFRB/SLC29A1/ATP1A1/MSN/CRB2/ITPR3/IL6R/CLDN4/KCNMA1/SLC26A11/STX3/CDHR2/TF/SLC6A9/STC1/HIP1R/SLC38A1/SLC7A1/LRRC15/DSG2/SLC4A7/CRB1/P2RY1/SLC16A2/TUBG1/TNIK/PLAT/MTCL1/MUC1/AQP1/LMO7/CNTFR/ATP8B1/SVBP/SLC7A11/SLC15A2/SLC47A2/ASPM/SLC39A8/SLC5A3/PODXL/PTCH1/SHROOM3/CEACAM1/ABCB4/STK26/PKHD1/SHROOM4/PARD3B/OCLN/UPK2/C1QTNF5/RAB17/MUC20/PLB1/SLC5A12/KCNK2/KCNA1/IQGAP1/AQP6/SLC25A27/HVCN1/CLDN1/CHL1/C5AR1/DUOX2/SLC34A3/VCAM1/DYNC2H1/ADGRG2/FOLR1/ZMYND10,87
CC,GO:0097449,astrocyte projection,9/2562,19/19894,2.6249828919051984e-4,0.0026811992202864852,0.0020616297704145296,GFAP/ATP1B2/ADGRG1/KCNJ10/GJB2/MT3/SLC7A11/KCNK2/AQP4,9
CC,GO:0030017,sarcomere,47/2562,219/19894,2.6278215941552075e-4,0.0026811992202864852,0.0020616297704145296,PGM5/TPM4/IGFN1/SLC2A1/CRYAB/ACTN2/FHL2/KRT8/CALM1/TPM3/KY/ACTN1/ANK3/BAG3/FHOD3/MYBPC2/KLHL41/CFL2/CORO1C/LRRC27/TMOD4/TMOD1/NEXN/SCN5A/SLC8A1/PDLIM2/LMAN1/SCN1A/JPH1/NOS1AP/MYH7/MYH3/PDE4B/CSRP3/PDLIM1/TMOD2/JPH2/LMOD1/MYOZ2/SYNE1/LDB3/SYNPO2L/CASQ1/PDLIM3/TNNT3/MYPN/SCN8A,47
CC,GO:0005881,cytoplasmic microtubule,27/2562,106/19894,3.274058067438116e-4,0.0032891691046724454,0.0025291104423772973,APC2/KIF2C/GTSE1/KIF18B/MAP9/SYBU/ARHGAP18/SPACA9/EFHB/REEP2/GRAMD2B/DYNLT3/KIF18A/SNPH/HID1/TUBG1/MAPRE3/SPAG8/TEKT2/TUBB4B/ENKUR/SAXO2/CEP162/PACRG/CFAP52/CIMAP1D/CFAP45,27
CC,GO:0005875,microtubule associated complex,36/2562,157/19894,3.564781625587238e-4,0.0035268717834736813,0.0027118849693188456,DCX/AURKA/MAP1A/KIF20B/KIF2C/KIFC1/CDCA8/TTBK1/KIF18B/CCDC103/LRP8/AURKB/HAUS6/KIF23/KIF4A/KIF20A/BIRC5/KIF14/KIF15/KIF11/KIF4B/DYNLT3/KIF18A/INCENP/HAUS8/DYNLT5/CFAP70/NDE1/DNAI4/FNTB/MEFV/DNAI1/DNAH1/KIF19/DYNC2H1/DNAI7,36
CC,GO:0034703,cation channel complex,44/2562,204/19894,3.6186892724768244e-4,0.0035268717834736813,0.0027118849693188456,KCNF1/KCNC1/KCNN4/CACNA1G/GRIK3/PDE4D/CACNB4/CALM1/CACNG7/KCND3/KCNG1/KCNMA1/KCNS3/CNGA3/HSPA2/KCNIP2/CACNG8/KCNIP3/ABCC8/CACNA1E/MCU/KCNJ11/KCNC4/SCN1B/SCN5A/KCNAB1/KCNJ2/GRIK4/SLC5A3/SCN1A/SCN4B/KCNMB2/PDE4B/KCNMB4/SCNN1D/KCNK2/KCNA1/GRIK2/CATSPERE/SCN8A/KCNJ16/STAC3/CACNA1I/AKAP6,44
CC,GO:0098878,neurotransmitter receptor complex,15/2562,46/19894,4.3083681799685784e-4,0.0041373006198815905,0.003181256380565034,GRIA1/GRIK3/SHISA9/CACNG7/CNIH3/CNIH2/CACNG8/GRIA3/PTK2B/GRIK4/GRIN2D/GRIK2/GRIA2/GRIN2B/GRIN2C,15
CC,GO:0000794,condensed nuclear chromosome,22/2562,81/19894,4.3749013052712206e-4,0.004140305148321894,0.0031835666248884397,PLK1/RAD51/NCAPH/NCAPG/RCC1/NEK2/BRCA2/SMC4/NCAPG2/PSMC3IP/BLM/HSPA2/NCAPD2/CHEK1/BRCA1/SUV39H1/INCENP/TUBG1/NCAPD3/C14orf39/REC8/SYCP2,22
CC,GO:0001527,microfibril,7/2562,13/19894,4.912896384321577e-4,0.004583030484231415,0.0035239873313103647,MFAP4/THSD4/LTBP1/ADAMTS10/EFEMP2/FBN2/FBN3,7
CC,GO:0005814,centriole,36/2562,160/19894,5.215139551634058e-4,0.004796459334108507,0.0036880972070117792,AKNA/AURKA/TOP2A/PLK1/WDR62/CCNF/IFT140/HSPA6/PLK4/CEP55/HAP1/POC1A/ODF2/CEP20/CEP152/ARMC9/SMO/CEP85/POC1B/CCDC57/TUBG1/CCP110/CEP128/CENPJ/RTTN/STIL/KIAA0586/CEP44/CROCC/SAXO2/CEP97/ODAD3/CEP162/TUBGCP3/FTCD/MAPK15,36
CC,GO:0016324,apical plasma membrane,75/2562,402/19894,5.57920972036801e-4,0.00506003326027821,0.003890764673414534,ATP1B2/CSPG4/SLC1A1/DLL1/SLC7A5/SLC2A1/DPP4/CD34/SLC38A3/PDE4D/VANGL2/PALM2AKAP2/PTPRH/SHROOM2/PDGFRB/SLC29A1/ATP1A1/MSN/CRB2/IL6R/CLDN4/KCNMA1/SLC26A11/STX3/CDHR2/TF/SLC6A9/STC1/HIP1R/SLC38A1/SLC7A1/LRRC15/DSG2/SLC4A7/CRB1/P2RY1/SLC16A2/TNIK/MTCL1/MUC1/AQP1/LMO7/CNTFR/ATP8B1/SLC15A2/SLC47A2/ASPM/SLC39A8/SLC5A3/PODXL/SHROOM3/CEACAM1/ABCB4/STK26/PKHD1/SHROOM4/PARD3B/OCLN/UPK2/C1QTNF5/RAB17/MUC20/PLB1/SLC5A12/KCNK2/KCNA1/IQGAP1/AQP6/HVCN1/CLDN1/DUOX2/SLC34A3/ADGRG2/FOLR1/ZMYND10,75
CC,GO:0000939,inner kinetochore,8/2562,17/19894,6.166009575989754e-4,0.005515622264549738,0.004241076521625253,CENPU/CENPH/CENPN/CENPI/CENPK/CENPO/CENPW/CENPL,8
CC,GO:0044291,cell-cell contact zone,20/2562,73/19894,6.932728244744402e-4,0.0061176642484028305,0.004703999107742645,ATP1A2/PGM5/SLC2A1/CADM4/FGF13/ACTN1/CXADR/ANK3/DSG2/KCNJ11/SCN1B/TMEM65/PCDH9/SCN5A/KCNJ2/PKP4/SLC8A1/SCN1A/SCN4B/AKAP6,20
CC,GO:0048787,presynaptic active zone membrane,11/2562,30/19894,8.222672935261964e-4,0.00715920723563475,0.00550486314402801,ITGA3/GPM6A/GRIA1/NTNG2/STX3/P2RY1/GRIN2D/NTNG1/LPAR2/ADRA2A/SCN8A,11
CC,GO:0005912,adherens junction,40/2562,188/19894,8.640128314944846e-4,0.00731274675403626,0.005622922868824527,NDRG1/DLL1/PGM5/KRT18/CDH15/PLEKHA7/EPHA4/CTNND2/MYH9/SHROOM2/MSN/CXADR/CDH4/SORBS1/CDH13/CDCA3/MPP4/CRB1/ITGA6/EFNA5/NEXN/PKP4/MAGI1/PDLIM2/SSX2IP/SHROOM3/CEACAM1/CDH22/SHROOM4/TSPAN33/CDH1/LIN7A/PARD3B/PDLIM1/LYN/LDB3/PDLIM3/FMN1/JCAD/TRIM29,40
CC,GO:0000800,lateral element,7/2562,14/19894,8.734980808802883e-4,0.00731274675403626,0.005622922868824527,RAD51/BRCA2/BLM/BRCA1/INCENP/REC8/SYCP2,7
CC,GO:1990023,mitotic spindle midzone,7/2562,14/19894,8.734980808802883e-4,0.00731274675403626,0.005622922868824527,KIF20B/CENPE/KIF18B/MAP9/AURKB/PRC1/KIF18A,7
CC,GO:0042383,sarcolemma,32/2562,141/19894,8.858124528631289e-4,0.007321968755944597,0.005630013857637741,ATP1A2/PGM5/SLC2A1/KRT8/AHNAK2/FGF13/CACNG7/ATP1A1/KCND3/ANK3/CACNG8/ABCC8/CORO1C/KCNJ11/TGFB3/SCN1B/AQP1/SCN5A/KCNJ2/SLC8A1/BGN/SCN1A/NOS1AP/SLC27A6/AQP4/CASQ1/MLIP/SGCG/CIB2/VCAM1/STAC3/AKAP6,32
CC,GO:0045171,intercellular bridge,23/2562,92/19894,0.0011535389298516336,0.009415761514913959,0.007239974599200384,APC2/FAM83D/TPX2/KIF20B/PHLDB1/SKA1/CDCA8/CD34/CENPE/CEP55/CDC6/PKNOX2/TUBB/TUBB6/PRC1/KIF20A/CDC7/GSTM2/FAM50B/TUBB4B/NUPR1/TMEM9/PHLPP2,23
CC,GO:1904090,peptidase inhibitor complex,6/2562,11/19894,0.001173604025693671,0.00946127689849342,0.007274972323013399,SERPINE1/PLAU/PLAT/CASP1/SERPINA5/CARD16,6
CC,GO:0031252,cell leading edge,77/2562,426/19894,0.0012163173571032833,0.009686039441322488,0.0074477969106324276,APC2/CXCR4/CSPG4/ITGB4/GDPD2/SNTG1/ITGA5/KCNC1/SPRY4/S100B/DPP4/GRIA1/ARF6/MYLK/ABLIM3/FGD3/MYH9/SHISA9/EPS8L2/KITLG/MYADM/CADM4/WWC1/ACTN1/ARHGAP18/DBNL/STX3/ABCA7/ADGRV1/ADGRE2/ARHGEF6/KNSTRN/KIF18A/HIP1R/PSD4/KLHL41/EPHA2/GPER1/SPRY2/CORO1C/INPP5J/CARMIL3/TUBG1/PTPRJ/ABLIM1/PHLDB2/KCNJ11/KCNC4/AVIL/GABRA3/ACTG2/PTK2B/GABRE/FAM107A/LAMP5/SLC12A5/CARMIL1/MTSS1/PODXL/ARAP3/SSX2IP/IQGAP2/MEFV/TRPV1/ROBO2/LCP1/APPL1/CDH1/SWAP70/OCLN/ACTA2/IQGAP1/MACF1/RAC2/DUOX2/EPS8L1/JCAD,77
CC,GO:0150034,distal axon,53/2562,272/19894,0.001261130566378351,0.009921906745121244,0.007629160179612853,ITGA3/SLC1A1/L1CAM/KCNC1/GPM6A/KIF20B/NDRG2/MAP3K12/ROR1/GRIK3/TENM2/EPHA4/TNN/FGF13/HAP1/ARHGAP4/CXADR/DRD2/STX3/CNR1/GAD1/SEPTIN6/NGEF/BOC/CALB1/ELAVL4/STMN3/SYP/CRMP1/GPER1/INPP5J/KCNC4/NTRK2/PCDH9/PTK2B/CHRM1/LAMP5/CABP4/NRSN1/SLC8A1/OPHN1/PTCH1/SLC18A1/PRKCG/ADRA2A/KCNK2/KCNA1/IQGAP1/GRIK2/TANC1/NPFF/PCDHGB1/CDK5R2,53
CC,GO:0031674,I band,32/2562,145/19894,0.0014498721962386105,0.011188575756142965,0.008603128291577647,PGM5/IGFN1/SLC2A1/CRYAB/ACTN2/FHL2/KRT8/KY/ACTN1/ANK3/BAG3/FHOD3/CFL2/NEXN/SCN5A/SLC8A1/PDLIM2/SCN1A/JPH1/NOS1AP/MYH7/PDE4B/CSRP3/PDLIM1/JPH2/MYOZ2/LDB3/SYNPO2L/CASQ1/PDLIM3/MYPN/SCN8A,32
CC,GO:0072687,meiotic spindle,7/2562,15/19894,0.0014563996007230504,0.011188575756142965,0.008603128291577647,AURKA/FBXO5/HSPA2/BORA/INCENP/ASPM/MAPK15,7
CC,GO:0030864,cortical actin cytoskeleton,19/2562,72/19894,0.001520422402335468,0.011544602659593728,0.008876884772509402,SLC2A1/ACTN2/MYH9/MYADM/SHROOM2/ANLN/PLS1/SPTB/ACTN1/CALB1/LANCL2/PDLIM2/SHROOM3/EPB41L2/PJVK/SHROOM4/CDH1/IQGAP1/CIB2,19
CC,GO:0044306,neuron projection terminus,29/2562,128/19894,0.001547215630802125,0.011613009274871121,0.008929484039838035,SCRG1/SLC1A1/KCNC1/ROR1/GRIK3/EPHA4/TNN/DRD2/GAD1/SEPTIN6/CALB1/SYP/GPER1/KCNC4/NTRK2/CHRM1/CABP4/SLC8A1/OPHN1/GCH1/SLC18A1/PRKCG/ADRA2A/KCNK2/KCNA1/GRIK2/TANC1/NPFF/FLRT1,29
CC,GO:0034705,potassium channel complex,24/2562,100/19894,0.0016709896001174565,0.012399502373598855,0.009534234919330463,KCNF1/KCNC1/KCNN4/GRIK3/CALM1/KCND3/KCNG1/KCNMA1/KCNS3/KCNIP2/KCNIP3/ABCC8/KCNJ11/KCNC4/KCNAB1/KCNJ2/GRIK4/SLC5A3/KCNMB2/KCNMB4/KCNK2/KCNA1/GRIK2/KCNJ16,24
CC,GO:0098858,actin-based cell projection,45/2562,226/19894,0.0018075086596633567,0.013261833199552495,0.01019729900247689,ITGA3/SLC7A5/GPM6A/EPHB1/TTYH1/ACTN2/ARF6/PDGFA/TENM2/EPHA4/CA9/EPS8L2/KITLG/PTPRH/FGF13/PLS1/MSN/CXADR/ADGRV1/CDHR2/CALB1/ANKRD24/SLC4A7/CRB1/ITGA6/STARD10/ACTG2/MTTP/ATP8B1/FZD9/SLC7A11/PODXL/CEACAM1/NOS1AP/PJVK/IQGAP2/MYO1F/LCP1/ACTA2/MUC20/FSCN2/CIB2/VCAM1/FMN2/STRC,45
CC,GO:0043679,axon terminus,26/2562,112/19894,0.0018312969775823513,0.013287076959569726,0.010216709453880486,SLC1A1/KCNC1/ROR1/GRIK3/EPHA4/TNN/DRD2/GAD1/SEPTIN6/CALB1/SYP/GPER1/KCNC4/NTRK2/CHRM1/CABP4/SLC8A1/OPHN1/SLC18A1/PRKCG/ADRA2A/KCNK2/KCNA1/GRIK2/TANC1/NPFF,26
CC,GO:0034706,sodium channel complex,9/2562,24/19894,0.0020334033561080697,0.014591344961962302,0.011219588211261414,GRIK3/SCN1B/SCN5A/GRIK4/SCN1A/SCN4B/SCNN1D/GRIK2/SCN8A,9
CC,GO:0099535,synapse-associated extracellular matrix,6/2562,12/19894,0.002092072180570673,0.014694782565854993,0.011299123533348644,NCAN/BCAN/LAMA5/TNC/ACAN/TNR,6
CC,GO:0044853,plasma membrane raft,26/2562,113/19894,0.0020928250821202364,0.014694782565854993,0.011299123533348644,MLC1/ATP1A2/ADRA1B/HAS2/CDH15/SLC2A1/LRP8/ENTPD1/KCNMA1/SORBS1/CDH13/KIF18A/SMO/LIPE/CORO1C/EFNA5/SCN5A/ADD2/PTCH1/CLN3/CHRNB2/NOS1AP/PLVAP/CAVIN2/CDH1/AKAP6,26
CC,GO:0042575,DNA polymerase complex,8/2562,20/19894,0.0022358418491357657,0.015531965186017606,0.01194285063872072,MCM3/POLD3/PRIM2/POLE2/PRIM1/POLD1/DNA2/POLA2,8
CC,GO:1990752,microtubule end,11/2562,34/19894,0.0026412918497336416,0.018155406082905976,0.013960068834603292,KIF2C/CLIP3/NCKAP5/KIF18B/SPAG5/KNSTRN/SPRY2/MAPRE3/SVIL/ASPM/CKAP5,11
CC,GO:0016529,sarcoplasmic reticulum,19/2562,76/19894,0.0029809086420104812,0.020276388992008794,0.01559093664735745,HSP90B1/HK2/ITPR3/ANK3/CLEC18B/THBS4/KLHL41/TMEM109/GSTM2/XDH/JPH3/JPH1/NOS1AP/SLN/ITPR2/IRAG1/JPH2/CASQ1/AKAP6,19
CC,GO:0001726,ruffle,37/2562,182/19894,0.0030383846070404807,0.020454279880385916,0.015727720646319145,CSPG4/SNTG1/ITGA5/SPRY4/S100B/ARF6/FGD3/MYH9/EPS8L2/MYADM/WWC1/ACTN1/ARHGAP18/DBNL/ABCA7/ADGRE2/KNSTRN/KIF18A/HIP1R/PSD4/KLHL41/EPHA2/SPRY2/CORO1C/INPP5J/PTPRJ/FAM107A/MTSS1/PODXL/ARAP3/MEFV/LCP1/APPL1/IQGAP1/MACF1/EPS8L1/JCAD,37
CC,GO:0005775,vacuolar lumen,36/2562,176/19894,0.0030818241338390635,0.0205350118305807,0.01578979711966953,CTSV/SDC3/NCAN/CSPG4/BCAN/SDC1/PRELP/DSN1/CTSF/CD74/PRKCD/PDGFRB/TUBB/AGRN/FMOD/GGH/HEXA/CSPG5/IDUA/AGA/FUCA1/SGSH/CTSD/LUM/STK11IP/ARSA/TUBB4B/BGN/NAGLU/NEU4/ADA2/DPP7/TXNDC5/CPPED1/ACAN/HPSE,36
CC,GO:0043194,axon initial segment,8/2562,21/19894,0.003208130506870587,0.02116069920188377,0.01627090113532451,MAP1A/ANK3/IQCJ-SCHIP1/CNGA3/NRCAM/SCN1A/KCNA1/SCN8A,8
CC,GO:0002116,semaphorin receptor complex,6/2562,13/19894,0.0034641715024036823,0.022522310460033657,0.017317872313107205,PLXNB1/PLXNA2/NRP1/PLXNB3/NRP2/PLXNC1,6
CC,GO:0099091,"postsynaptic specialization, intracellular component",7/2562,17/19894,0.003483542659208881,0.022522310460033657,0.017317872313107205,ACTN2/TNIK/PTK2B/GRID2IP/FAM81A/LYN/GRIP2,7
CC,GO:0043596,nuclear replication fork,12/2562,41/19894,0.004366172952126178,0.027952068017043082,0.02149292567764899,MCM3/EME1/MCM10/WDHD1/PCNA/TIMELESS/POLD3/PRIM2/MMS22L/PRIM1/POLD1/POLA2,12
CC,GO:0098982,GABA-ergic synapse,19/2562,79/19894,0.004722115406299285,0.029937294760324595,0.02301940775477526,NLGN3/PCDH17/KCND3/CLSTN3/DRD2/SLITRK3/CNR1/GAD1/CALB1/CDH13/BAIAP3/SEPTIN11/CSPG5/SLITRK1/EFNA5/LRRTM2/LHFPL4/CBLN4/ADRA2A,19
CC,GO:0044304,main axon,17/2562,68/19894,0.004819190166696443,0.03025895364281517,0.023266737950548618,KCNC1/MAP1A/ANK3/IQCJ-SCHIP1/CNGA3/TNFRSF1B/KCNJ11/SCN1B/KCNAB1/NRCAM/SCN1A/SPOCK1/ROBO2/KCNA1/GJC2/MYOC/SCN8A,17
CC,GO:0031143,pseudopodium,7/2562,18/19894,0.005073448530714134,0.031552018005298374,0.024261001996497663,ACTN2/MSN/ACTN1/PLA2G6/KLHL41/LDB3/F2RL1,7
CC,GO:0099092,"postsynaptic density, intracellular component",6/2562,14/19894,0.005407176568546239,0.03331024810623296,0.02561294164048219,ACTN2/TNIK/PTK2B/GRID2IP/FAM81A/GRIP2,6
CC,GO:0030863,cortical cytoskeleton,23/2562,104/19894,0.00612958728346703,0.03740766818788757,0.02876353304686447,NOS2/TPM4/SLC2A1/ACTN2/MYH9/MYADM/SHROOM2/ANLN/PLS1/SPTB/ACTN1/CALB1/TMOD1/LANCL2/PDLIM2/SHROOM3/EPB41L2/PJVK/GYPC/SHROOM4/CDH1/IQGAP1/CIB2,23
CC,GO:0031528,microvillus membrane,10/2562,33/19894,0.0068653818329119445,0.04151013274899537,0.03191800325827483,SLC7A5/CA9/PTPRH/MSN/CDHR2/MTTP/SLC7A11/PODXL/CEACAM1/MUC20,10
CC,GO:0098688,parallel fiber to Purkinje cell synapse,7/2562,19/19894,0.0071517409135131655,0.042474031113637206,0.0326591647315305,GPM6A/SLC6A9/GRIA3/KCNJ9/GRID2IP/P2RX6/SCN8A,7
CC,GO:0032154,cleavage furrow,14/2562,54/19894,0.007154890386677018,0.042474031113637206,0.0326591647315305,PLCD3/DIAPH3/ARF6/PLK4/MYLK/MYH9/RACGAP1/CEP55/MASTL/SEPTIN6/ECT2/SVIL/NDE1/RAB11FIP4,14
CC,GO:0005930,axoneme,34/2562,173/19894,0.007475058596142031,0.04397489426379051,0.03381320958141061,IFT140/CCDC103/SPACA9/EFHB/CCDC40/CENPF/DCDC2/SPAG8/CFAP70/TEKT2/TUBB4B/DNAI4/ENKUR/SAXO2/BBOF1/ODAD4/ODAD3/CEP162/RSPH14/DNAI1/PACRG/DNAH1/CFAP184/CFAP52/DRC3/CFAP221/CFAP45/KIF19/LCA5L/CFAP46/DYNC2H1/DNAI7/CFAP43/RSPH4A,34
CC,GO:0032982,myosin filament,8/2562,24/19894,0.008138822421044967,0.04641060238386382,0.0356860761458903,MYH9/MYBPC2/ACTG2/MYH15/MYH7B/MYH11/MYH7/MYH3,8
CC,GO:0035371,microtubule plus-end,8/2562,24/19894,0.008138822421044967,0.04641060238386382,0.0356860761458903,KIF2C/CLIP3/NCKAP5/KIF18B/SPAG5/KNSTRN/MAPRE3/CKAP5,8
CC,GO:0097014,ciliary plasm,34/2562,174/19894,0.008170025758098864,0.04641060238386382,0.0356860761458903,IFT140/CCDC103/SPACA9/EFHB/CCDC40/CENPF/DCDC2/SPAG8/CFAP70/TEKT2/TUBB4B/DNAI4/ENKUR/SAXO2/BBOF1/ODAD4/ODAD3/CEP162/RSPH14/DNAI1/PACRG/DNAH1/CFAP184/CFAP52/DRC3/CFAP221/CFAP45/KIF19/LCA5L/CFAP46/DYNC2H1/DNAI7/CFAP43/RSPH4A,34
CC,GO:0000235,astral microtubule,5/2562,11/19894,0.00831552906418387,0.04641060238386382,0.0356860761458903,KIF18B/MAP9/DYNLT3/KIF18A/MAPRE3,5
CC,GO:0005818,aster,5/2562,11/19894,0.00831552906418387,0.04641060238386382,0.0356860761458903,KIF18B/MAP9/DYNLT3/KIF18A/MAPRE3,5
CC,GO:0098966,perisynaptic extracellular matrix,5/2562,11/19894,0.00831552906418387,0.04641060238386382,0.0356860761458903,NCAN/BCAN/TNC/ACAN/TNR,5
CC,GO:0016528,sarcoplasm,21/2562,95/19894,0.008609432105445493,0.047643721736067006,0.036634247228345226,HSP90B1/HK2/ITPR3/ANK3/CLEC18B/THBS4/KLHL41/TMEM109/GSTM2/XDH/JPH3/MB/JPH1/NOS1AP/SLN/SPOCK1/ITPR2/IRAG1/JPH2/CASQ1/AKAP6,21
CC,GO:0009897,external side of plasma membrane,69/2562,405/19894,0.008843319792713997,0.048526788442371765,0.03731325556058891,MILR1/ATP1B2/CXCR4/ITGA3/SDC1/PLAUR/P2RX7/PECAM1/SLC7A5/ITGA5/NT5E/ACKR3/CD34/CD74/TRPM8/LDLR/ABCA1/ADA/PLAU/FCRLA/IL13RA2/ANPEP/AZGP1/FCGR2A/ITGA1/IL6R/ICOSLG/FAS/CDH13/F3/CHADL/SLC38A1/ITGA9/ITGA6/BCAM/EPOR/EFNA5/NCAM1/ENOX1/SEMA7A/CNTFR/LRRC24/HLA-DRB1/NRCAM/FCGRT/CHRNB2/TNFRSF14/PKHD1/CD83/TRPV1/GHR/MBL2/CLEC4F/ACKR2/SERPINA5/CD163L1/FCGR2B/AQP4/MICB/MAP3K5/GRIA2/IL12RB2/IL21R/PCSK9/ASGR1/VCAM1/CXCL10/IL1RL1/FOLR1,69
CC,GO:0005795,Golgi stack,30/2562,150/19894,0.008965778409537753,0.04878877751190127,0.0375147043978027,SULF2/CSGALNACT1/CLIP3/B4GALNT3/MARCHF4/VRK1/CHSY1/DNMBP/GOLGA8N/B4GALNT4/ST3GAL1/ARSL/B4GALT6/HID1/TMBIM4/GOLGA8Q/GOLGA8O/XYLT1/GOLGA8T/GOLGA8K/GOLGA6B/CLN3/GOLGA8J/GOLGA8M/GOLGA8R/FUT1/GOLGA8S/GOLGA6C/GOLGA6D/GGTA1,30
MF,GO:0005201,extracellular matrix structural constituent,56/2449,166/18522,8.922464592393915e-12,1.032329153339976e-8,9.382675924001601e-9,MFAP4/ECM1/EFEMP1/THSD4/PRELP/FBLN5/SPON1/EMILIN1/COL8A1/NPNT/LAMB3/ANOS1/CHI3L1/COL3A1/EMILIN2/SRPX/COL1A1/LTBP1/COL16A1/MATN2/AGRN/FBLN2/MATN3/FMOD/COL1A2/ZP1/POSTN/LTBP2/THBS2/NID1/MGP/LAMA5/CHADL/TNC/LUM/AEBP1/FBLN1/COL9A1/EFEMP2/ELN/BGN/MUC3A/TFPI2/FBN2/COL21A1/COL28A1/LAMC1/CILP/TECTA/COLQ/ACAN/COL9A2/FBN3/MMRN1/COL23A1/COMP,56
MF,GO:0003779,actin binding,94/2449,434/18522,6.531231730863428e-7,3.778317556304493e-4,3.4340528942802974e-4,CXCR4/SNTG1/MAP1A/NOD2/NCALD/DIAPH3/TPM4/XIRP1/ACTN2/IQGAP3/MYLK/ABLIM3/MYH9/CTNNAL1/EPS8L2/FBXO25/SHROOM2/PKNOX2/ANLN/PLS1/TPM3/LIMCH1/SPTB/MSN/TAGLN3/ACTN1/TNS1/DBNL/KCNMA1/SORBS1/FHOD3/KIF18A/MYBPC2/HIP1R/CFL2/CORO1C/LRRC27/SHANK3/FXYD5/TMOD4/TMOD1/ABLIM1/AVIL/LIMD2/NEXN/SSH3/GAS2L3/FAM107A/SVIL/MYH15/PDLIM2/ADD2/OPHN1/MYH7B/MIB2/MTSS1/MICAL2/SHROOM3/CEACAM1/MYH11/EPB41L2/MYH7/CROCC/MYH3/IQGAP2/MEFV/SHROOM4/MYO1F/CORO2A/LCP1/PICK1/CORO7/CSRP3/PDLIM1/PACRG/FSCN2/TMOD2/ABLIM2/LMOD1/MYOZ2/IQGAP1/MACF1/SYNE1/LDB3/SYNPO2L/PHACTR2/PDLIM3/FMN1/TNNT3/CDK5R2/MYPN/EPS8L1/FMN2/LSP1,94
MF,GO:0017116,single-stranded DNA helicase activity,13/2449,23/18522,1.1458605344610327e-6,4.4192021279047166e-4,4.0165427155318303e-4,MCM4/MCM3/DSCC1/RAD51/MCM6/RFC3/MCM2/MCM5/RFC5/MCM8/RFC4/POLQ/DNA2,13
MF,GO:0008017,microtubule binding,65/2449,277/18522,2.111621546940105e-6,5.706129997232188e-4,5.18621104238271e-4,APC2/NDRG1/KIF26B/DCX/DCLK2/FAM83D/MAP1A/KIF20B/SKA1/KIF2C/DIAPH3/CLIP3/KIFC1/PLK1/MAP6/NUF2/SKA3/CRYAB/CENPE/GTSE1/KIF18B/NDC80/RACGAP1/MAP9/MAST2/FGF13/HAUS6/SPAG5/DLGAP5/KIF23/PRC1/KIF4A/KIF20A/SPACA9/BIRC5/KIF14/REEP2/KIF15/KIF11/KIF4B/KNSTRN/KIF18A/CENPF/HAUS8/MAP1LC3A/MAPRE3/SPAG8/MTCL1/SPC24/GAS2L3/TPPP/NDE1/SVBP/CEP44/CKAP5/SAXO2/TUBGCP3/MACF1/FTCD/S100A8/FMN1/RMDN2/KIF19/JAKMIP3/DNAI7,65
MF,GO:0022836,gated channel activity,69/2449,301/18522,2.5218240188650796e-6,5.706129997232188e-4,5.18621104238271e-4,P2RX7/KCNF1/KCNC1/KCNN4/CACNA1G/KCNK10/GRIA1/GRIK3/CACNB4/TRPM8/SLC1A5/SHROOM2/KCNJ10/CHRNA9/GABRQ/CACNG7/ITPR3/KCND3/KCNG1/KCNMA1/KCNS3/CNGA3/KCNIP2/CACNG8/TMEM63C/TMEM150C/ABCC8/GLRA2/TMC7/GRIA3/CACNA1E/CLCN7/KCNJ9/TMEM109/KCNH3/KCNJ11/KCNC4/GABRA3/CHRNA5/PTK2B/GABRE/AQP1/KCNAB1/KCNJ2/GRIK4/TMEM37/KCNH8/KCNK3/GRIN2D/SCN1A/CHRNB2/P2RX6/KCNMB2/TRPV1/KCNK13/ITPR2/KCNMB4/SCNN1D/KCNK2/KCNA1/GRIK2/HVCN1/CHRNE/GRIA2/GRIN2B/KCNJ16/GRIN2C/CHRFAM7A/CACNA1I,69
MF,GO:0030023,extracellular matrix constituent conferring elasticity,8/2449,10/18522,3.2443433687723172e-6,5.706129997232188e-4,5.18621104238271e-4,FBLN5/EMILIN1/EMILIN2/FBLN2/ELN/FBN2/LAMC1/MMRN1,8
MF,GO:0050840,extracellular matrix binding,23/2449,64/18522,3.4522826258103123e-6,5.706129997232188e-4,5.18621104238271e-4,ITGA3/ADGRG1/SPP1/LTBP1/AGRN/ADAMTS15/FBLN2/LTBP2/NID1/SHH/SMOC1/CHADL/LRRC15/ITGA6/BCAM/LGALS1/ELN/BGN/ADAMTSL2/SLIT2/NTN4/ADGRG6/ADAMTS5,23
MF,GO:0005178,integrin binding,42/2449,157/18522,4.391135798075441e-6,6.350680147966607e-4,5.772032450364955e-4,GFAP/ITGA3/ITGB4/SFRP2/FBLN5/ITGA5/PTN/EMILIN1/NPNT/COL3A1/ACTN2/MYH9/TNN/SPP1/CCN3/COL16A1/ACTN1/CXADR/ITGA1/MADCAM1/ADAMTS13/FGF1/S1PR3/LAMA5/THBS4/ITGA9/CCN4/ITGA6/TNC/FBLN1/SEMA7A/TSPAN8/LCP1/SVEP1/F11R/LYN/CIB2/VCAM1/IL1B/CCN5/ADAMTS5/COMP,42
MF,GO:0004970,glutamate-gated receptor activity,10/2449,17/18522,1.2837972429309645e-5,0.0016503926778568064,0.0015000157259509165,GRIA1/GRIK3/GRIA3/PTK2B/GRIK4/GRIN2D/GRIK2/GRIA2/GRIN2B/GRIN2C,10
MF,GO:0097493,structural molecule activity conferring elasticity,8/2449,12/18522,2.7843255858528504e-5,0.003221464702831748,0.002927938168702103,FBLN5/EMILIN1/EMILIN2/FBLN2/ELN/FBN2/LAMC1/MMRN1,8
MF,GO:0015631,tubulin binding,79/2449,383/18522,3.156188068905048e-5,0.0033197359961119463,0.0030172553883599453,APC2/NDRG1/KIF26B/DCX/DCLK2/FAM83D/MAP1A/KIF20B/NCALD/SKA1/KIF2C/DIAPH3/CLIP3/KIFC1/PLK1/MAP6/NUF2/SKA3/CRYAB/CENPE/GTSE1/KIF18B/NDC80/RACGAP1/MAP9/MAST2/BRCA2/FGF13/HAUS6/SPAG5/DLGAP5/KIF23/PRC1/KIF4A/KIF20A/SPACA9/BIRC5/KIF14/REEP2/KIF15/CCT5/KIF11/CIMAP3/RGS2/KIF4B/KNSTRN/TPPP3/KIF18A/BRCA1/STMN3/CENPF/HAUS8/MAP1LC3A/TTLL9/MAPRE3/SPAG8/CENPJ/MTCL1/SPC24/GAS2L3/TPPP/NDE1/SVBP/CEP44/CKAP5/SAXO2/PDE4B/TUBGCP3/APPL1/PACRG/LYN/MACF1/FTCD/S100A8/FMN1/RMDN2/KIF19/JAKMIP3/DNAI7,79
MF,GO:0005216,monoatomic ion channel activity,88/2449,441/18522,4.2091673299842265e-5,0.004058338833993125,0.0036885597918019674,SLC1A1/P2RX7/KCNF1/TTYH2/KCNC1/GPM6A/KCNN4/CACNA1G/KCNK10/TTYH1/GRIA1/GRIK3/CACNB4/TRPM8/SHROOM2/KCNJ10/CHRNA9/GABRQ/CACNG7/ITPR3/KCND3/KCNG1/CLDN4/KCNMA1/KCNS3/CNGA3/SLC26A11/KCNIP2/CACNG8/TMEM63C/KCNIP3/BEST3/TMEM150C/ABCC8/GLRA2/TMC7/GRIA3/CACNA1E/MCU/CLCN7/KCNJ9/TMEM109/TMEM175/KCNH3/KCNJ11/KCNC4/CLIC1/ANO7/SCN1B/GABRA3/CHRNA5/PTK2B/GABRE/AQP1/SCN5A/KCNAB1/KCNJ2/GRIK4/TMEM37/KCNH8/KCNK3/GRIN2D/CLIC2/SCN1A/LRRC8B/CHRNB2/P2RX6/SCN4B/KCNMB2/TRPV1/KCNK13/ITPR2/KCNMB4/SCNN1D/KCNK2/LRRC8C/KCNA1/STING1/GRIK2/HVCN1/CHRNE/GRIA2/GRIN2B/SCN8A/KCNJ16/GRIN2C/CHRFAM7A/CACNA1I,88
MF,GO:0022834,ligand-gated channel activity,41/2449,171/18522,9.080595471792793e-5,0.008081729969895587,0.007345356175158706,P2RX7/KCNN4/GRIA1/GRIK3/TRPM8/SLC1A5/SHROOM2/KCNJ10/CHRNA9/GABRQ/ITPR3/KCNMA1/CNGA3/TMEM63C/ABCC8/GLRA2/GRIA3/KCNJ9/KCNJ11/GABRA3/CHRNA5/PTK2B/GABRE/AQP1/KCNJ2/GRIK4/GRIN2D/CHRNB2/P2RX6/KCNMB2/TRPV1/ITPR2/KCNMB4/SCNN1D/GRIK2/CHRNE/GRIA2/GRIN2B/KCNJ16/GRIN2C/CHRFAM7A,41
MF,GO:0005230,extracellular ligand-gated monoatomic ion channel activity,22/2449,73/18522,1.2423965453463133e-4,0.01026752002118346,0.009331986081210279,P2RX7/GRIA1/GRIK3/CHRNA9/GABRQ/GLRA2/GRIA3/GABRA3/CHRNA5/PTK2B/GABRE/GRIK4/GRIN2D/CHRNB2/P2RX6/TRPV1/GRIK2/CHRNE/GRIA2/GRIN2B/GRIN2C/CHRFAM7A,22
MF,GO:0015276,ligand-gated monoatomic ion channel activity,40/2449,169/18522,1.4795025986126935e-4,0.011411896710632577,0.0103720919018532,P2RX7/KCNN4/GRIA1/GRIK3/TRPM8/SHROOM2/KCNJ10/CHRNA9/GABRQ/ITPR3/KCNMA1/CNGA3/TMEM63C/ABCC8/GLRA2/GRIA3/KCNJ9/KCNJ11/GABRA3/CHRNA5/PTK2B/GABRE/AQP1/KCNJ2/GRIK4/GRIN2D/CHRNB2/P2RX6/KCNMB2/TRPV1/ITPR2/KCNMB4/SCNN1D/GRIK2/CHRNE/GRIA2/GRIN2B/KCNJ16/GRIN2C/CHRFAM7A,40
MF,GO:0004714,transmembrane receptor protein tyrosine kinase activity,19/2449,60/18522,1.7183914113721551e-4,0.011708386362421379,0.010641566643368927,MET/EFEMP1/AXL/EPHB1/EPHA4/NRP1/PDGFRB/FGFR2/EPHB3/PDGFRL/EFNB3/CSF1R/EPHA2/NTRK2/NRP2/EPHA7/RET/FGFR3/EPHA10,19
MF,GO:0005539,glycosaminoglycan binding,52/2449,239/18522,1.720333346250332e-4,0.011708386362421379,0.010641566643368927,NCAN/BCAN/SULF2/PRELP/PTN/NOD2/ADGRG1/ANOS1/HMMR/NRP1/CCN3/FGFR2/AGRN/LPL/SLIT3/ADAMTS15/APOE/FGF1/ADGRE2/POSTN/LTBP2/THBS2/LGR6/RTN4RL1/SHH/THBS4/PCSK6/SMOC1/ADAMTS3/CCN4/JCHAIN/APLP1/EFEMP2/NRP2/BGN/PTCH1/ADA2/SLIT2/COL28A1/CXCL8/COLQ/CEMIP/RSPO4/SERPINA5/FGF7/ACAN/CCN5/CXCL10/COL23A1/ADAMTS5/CEL/COMP,52
MF,GO:0005267,potassium channel activity,31/2449,122/18522,2.085631349498298e-4,0.01285940722918468,0.011687711251381063,KCNF1/KCNC1/KCNN4/KCNK10/GRIK3/KCNJ10/KCND3/KCNG1/KCNMA1/KCNS3/KCNIP2/KCNIP3/ABCC8/KCNJ9/TMEM175/KCNH3/KCNJ11/KCNC4/AQP1/KCNAB1/KCNJ2/GRIK4/KCNH8/KCNK3/KCNMB2/KCNK13/KCNMB4/KCNK2/KCNA1/GRIK2/KCNJ16,31
MF,GO:0015171,amino acid transmembrane transporter activity,27/2449,101/18522,2.148053808667455e-4,0.01285940722918468,0.011687711251381063,SLC1A1/SLC7A5/SLC25A18/SLC43A2/GRIA1/GRIK3/SLC38A3/SLC1A5/SLC38A11/SLC25A15/SLC6A9/SLC38A1/SLC7A1/GRIA3/SLC38A7/SLC16A2/SLC16A10/SLC7A2/PTK2B/SLC7A11/GRIK4/GRIN2D/SLC7A7/GRIK2/GRIA2/GRIN2B/GRIN2C,27
MF,GO:0005096,GTPase activator activity,57/2449,271/18522,2.22288802578819e-4,0.01285940722918468,0.011687711251381063,ARHGAP25/SRGAP1/RGS4/AGAP2/DEPDC1/RGS17/IQGAP3/PLXNB1/ARHGAP22/RACGAP1/ERRFI1/NRP1/WNT11/DEPDC1B/STARD8/RIN3/ARHGAP11A/ARHGEF10L/ARHGAP4/ARHGAP18/RGS6/TBC1D4/RGS2/ARHGEF6/TBC1D8/AGFG2/RGS20/ALS2CL/TBC1D2/ECT2/SRGAP3/CHML/ELMOD1/ARHGAP26/VAV3/SGSM3/OPHN1/TBC1D3/TBC1D3L/ANKRD27/RIN2/RANBP3L/TBC1D17/TBC1D3D/RABGAP1L/TBC1D3E/ARHGAP29/IQGAP2/ARHGAP11B/ADAP2/IQGAP1/TBC1D3C/TBC1D3G/RGS8/TBC1D3K/ARAP2/ARHGAP10,57
MF,GO:0005112,Notch binding,11/2449,26/18522,2.4089392127407482e-4,0.013272107948290694,0.012062808388611566,DLL1/SNED1/DLL3/CCN3/JAG2/NOTCH2NLA/CHAC1/DNER/DTX1/DLK2/NOTCH2NLB,11
MF,GO:0000217,DNA secondary structure binding,14/2449,39/18522,2.8329004373139584e-4,0.014297806013443435,0.012995049090142378,HMGA2/NEIL3/CLSPN/XRCC2/HMGA1/HMGB2/XRCC3/RAD51AP1/BLM/RAD18/FANCM/MSH6/LIN54/GEN1,14
MF,GO:0008201,heparin binding,40/2449,174/18522,2.842260486682792e-4,0.014297806013443435,0.012995049090142378,PRELP/PTN/ADGRG1/ANOS1/NRP1/CCN3/FGFR2/LPL/SLIT3/ADAMTS15/APOE/FGF1/POSTN/LTBP2/THBS2/LGR6/RTN4RL1/THBS4/PCSK6/SMOC1/ADAMTS3/CCN4/APLP1/EFEMP2/NRP2/PTCH1/ADA2/SLIT2/COL28A1/CXCL8/COLQ/RSPO4/SERPINA5/FGF7/CCN5/CXCL10/COL23A1/ADAMTS5/CEL/COMP,40
MF,GO:0017154,semaphorin receptor activity,7/2449,12/18522,3.016392740342526e-4,0.014541526669067929,0.013216562928079753,MET/PLXNB1/PLXNA2/NRP1/PLXNB3/NRP2/PLXNC1,7
MF,GO:0022824,transmitter-gated monoatomic ion channel activity,18/2449,58/18522,3.3436735647905793e-4,0.014553756113766435,0.01322767807637963,GRIA1/GRIK3/CHRNA9/GLRA2/GRIA3/GABRA3/CHRNA5/PTK2B/GABRE/GRIK4/GRIN2D/CHRNB2/GRIK2/CHRNE/GRIA2/GRIN2B/GRIN2C/CHRFAM7A,18
MF,GO:0022835,transmitter-gated channel activity,18/2449,58/18522,3.3436735647905793e-4,0.014553756113766435,0.01322767807637963,GRIA1/GRIK3/CHRNA9/GLRA2/GRIA3/GABRA3/CHRNA5/PTK2B/GABRE/GRIK4/GRIN2D/CHRNB2/GRIK2/CHRNE/GRIA2/GRIN2B/GRIN2C/CHRFAM7A,18
MF,GO:0005261,monoatomic cation channel activity,66/2449,330/18522,3.396295722313688e-4,0.014553756113766435,0.01322767807637963,P2RX7/KCNF1/KCNC1/GPM6A/KCNN4/CACNA1G/KCNK10/GRIK3/CACNB4/TRPM8/SHROOM2/KCNJ10/CHRNA9/CACNG7/ITPR3/KCND3/KCNG1/KCNMA1/KCNS3/CNGA3/KCNIP2/CACNG8/TMEM63C/KCNIP3/ABCC8/CACNA1E/MCU/KCNJ9/TMEM109/TMEM175/KCNH3/KCNJ11/KCNC4/SCN1B/CHRNA5/AQP1/SCN5A/KCNAB1/KCNJ2/GRIK4/TMEM37/KCNH8/KCNK3/GRIN2D/SCN1A/CHRNB2/P2RX6/SCN4B/KCNMB2/TRPV1/KCNK13/ITPR2/KCNMB4/SCNN1D/KCNK2/KCNA1/STING1/GRIK2/HVCN1/CHRNE/GRIN2B/SCN8A/KCNJ16/GRIN2C/CHRFAM7A/CACNA1I,66
MF,GO:0099094,ligand-gated monoatomic cation channel activity,32/2449,132/18522,4.1454442193789216e-4,0.016810328312933484,0.015278640753873949,P2RX7/KCNN4/GRIK3/TRPM8/SHROOM2/KCNJ10/CHRNA9/ITPR3/KCNMA1/CNGA3/TMEM63C/ABCC8/KCNJ9/KCNJ11/CHRNA5/AQP1/KCNJ2/GRIK4/GRIN2D/CHRNB2/P2RX6/KCNMB2/TRPV1/ITPR2/KCNMB4/SCNN1D/GRIK2/CHRNE/GRIN2B/KCNJ16/GRIN2C/CHRFAM7A,32
MF,GO:0003678,DNA helicase activity,18/2449,59/18522,4.224014201758409e-4,0.016810328312933484,0.015278640753873949,MCM4/MCM3/DSCC1/RAD51/MCM6/RFC3/MCM2/MCM5/RFC5/BLM/MCM8/RFC4/POLQ/DNA2/FANCM/RECQL5/BRIP1/ZGRF1,18
MF,GO:0004713,protein tyrosine kinase activity,33/2449,138/18522,4.4256935777052737e-4,0.016810328312933484,0.015278640753873949,MET/MELK/EFEMP1/AXL/PBK/TTBK1/EPHB1/EPHA4/TTK/PRKCD/NRP1/PDGFRB/DYRK1B/FGFR2/EPHB3/PDGFRL/MAP2K6/EFNB3/WEE1/PKDCC/CSF1R/EPHA2/DYRK3/NTRK2/PTK2B/NRP2/EPHA7/DYRK2/RET/FGFR3/LYN/EPHA10/AATK,33
MF,GO:0005244,voltage-gated monoatomic ion channel activity,39/2449,172/18522,4.50406376578166e-4,0.016810328312933484,0.015278640753873949,KCNF1/KCNC1/CACNA1G/KCNK10/CACNB4/KCNJ10/CACNG7/KCND3/KCNG1/KCNMA1/KCNS3/KCNIP2/CACNG8/ABCC8/CACNA1E/CLCN7/KCNJ9/TMEM109/KCNH3/KCNJ11/KCNC4/PTK2B/KCNAB1/KCNJ2/TMEM37/KCNH8/KCNK3/GRIN2D/SCN1A/TRPV1/KCNK13/KCNMB4/KCNK2/KCNA1/HVCN1/GRIN2B/KCNJ16/GRIN2C/CACNA1I,39
MF,GO:0022832,voltage-gated channel activity,39/2449,173/18522,5.086483071915507e-4,0.018390815356894505,0.01671512035803813,KCNF1/KCNC1/CACNA1G/KCNK10/CACNB4/KCNJ10/CACNG7/KCND3/KCNG1/KCNMA1/KCNS3/KCNIP2/CACNG8/ABCC8/CACNA1E/CLCN7/KCNJ9/TMEM109/KCNH3/KCNJ11/KCNC4/PTK2B/KCNAB1/KCNJ2/TMEM37/KCNH8/KCNK3/GRIN2D/SCN1A/TRPV1/KCNK13/KCNMB4/KCNK2/KCNA1/HVCN1/GRIN2B/KCNJ16/GRIN2C/CACNA1I,39
MF,GO:0019838,growth factor binding,32/2449,135/18522,6.305270392058613e-4,0.022106660132157018,0.02009239273258869,ITGB4/A2M/COL3A1/PDGFA/IGFBP3/LTBP3/NRP1/COL1A1/PDGFRB/LTBP1/FGFR2/HAP1/IL6R/COL1A2/LTBP2/CSF1R/PDGFB/PCSK6/IGFALS/EPHA2/ITGA6/TGFB3/CD109/NTRK2/FSTL4/SCN5A/NRP2/CHRDL1/EPHA7/GHR/FGFR3/IGFBPL1,32
MF,GO:0015079,potassium ion transmembrane transporter activity,36/2449,158/18522,6.642759036799372e-4,0.022604918251696686,0.020545251633939852,ATP1A2/KCNF1/KCNC1/KCNN4/KCNK10/GRIK3/KCNJ10/ATP1A1/KCND3/KCNG1/KCNMA1/KCNS3/TMCO3/KCNIP2/KCNIP3/ABCC8/KCNJ9/TMEM175/KCNH3/KCNJ11/KCNC4/AQP1/KCNAB1/KCNJ2/SLC12A5/GRIK4/KCNH8/KCNK3/SLC9A9/KCNMB2/KCNK13/KCNMB4/KCNK2/KCNA1/GRIK2/KCNJ16,36
MF,GO:0043236,laminin binding,11/2449,29/18522,7.383862167090948e-4,0.024408938649497794,0.02218489715766574,ITGA3/AGRN/NID1/SHH/LRRC15/ITGA6/BCAM/LGALS1/SLIT2/NTN4/ADGRG6,11
MF,GO:0098631,cell adhesion mediator activity,19/2449,67/18522,8.137156193172644e-4,0.026151915876390965,0.023769061511635884,EMILIN1/KRT18/PLXNB3/CLSTN3/CXADR/ITGA1/MADCAM1/DSG2/ITGA9/GLDN/BCAM/NEXN/NRCAM/NTNG1/SVEP1/PDLIM1/MYPN/VCAM1/TRIM29,19
MF,GO:0005516,calmodulin binding,43/2449,205/18522,0.0013064028575961643,0.040851570438885466,0.03712934437378572,NOS2/RGS4/ADCY1/KCNN4/PHKG1/MAP6/IQGAP3/MYLK/MYH9/ADCY3/AKAP12/RGS2/PLA2G6/PHKA2/FAS/ITPKA/ITPKC/PNCK/ATP2B1/PCP4/AEBP1/SCN5A/MYH15/SLC8A1/ADD2/ASPM/GEM/SPHK1/ENKUR/CEACAM1/MYH11/MYH7/MYH3/CEP97/CAMK1G/IQGAP2/TRPV1/MYO1F/RRAD/CAMKV/IQGAP1/CFAP221/PDE1C,43
MF,GO:0048407,platelet-derived growth factor binding,6/2449,11/18522,0.0013521059454878177,0.04116806786656329,0.03741700386543851,COL3A1/PDGFA/COL1A1/PDGFRB/COL1A2/PDGFB,6
MF,GO:0046873,metal ion transmembrane transporter activity,80/2449,437/18522,0.0014363009991302648,0.04261026297419786,0.03872779212229783,SLC1A1/ATP1A2/KCNF1/KCNC1/GPM6A/KCNN4/SLC40A1/CACNA1G/KCNK10/TTYH1/GRIK3/SLC38A3/CACNB4/TRPM8/SHROOM2/KCNJ10/CHRNA9/SLC20A1/SLC29A1/CACNG7/ATP1A1/ITPR3/KCND3/KCNG1/KCNMA1/KCNS3/TMCO3/KCNIP2/SLC6A9/CACNG8/KCNIP3/SLC38A1/ABCC8/SLC38A7/CACNA1E/SLC4A7/MCU/KCNJ9/TMEM175/ATP2B1/KCNH3/KCNJ11/KCNC4/SCN1B/AQP1/SCN5A/KCNAB1/KCNJ2/SLC12A5/GRIK4/SLC8A1/TUSC3/TMEM37/SLC39A8/SLC5A3/KCNH8/KCNK3/GRIN2D/SCN1A/SCN4B/SLC9A9/KCNMB2/TRPV1/NIPA1/KCNK13/ITPR2/KCNMB4/SLC18A1/MFSD2A/SCNN1D/SLC5A12/KCNK2/KCNA1/GRIK2/GRIN2B/SLC34A3/SCN8A/KCNJ16/GRIN2C/CACNA1I,80
MF,GO:0008066,glutamate receptor activity,10/2449,27/18522,0.001584739089805443,0.04583857817262244,0.041661956597779944,GRIA1/GRIK3/GRIA3/PTK2B/GRIK4/GRIN2D/GRIK2/GRIA2/GRIN2B/GRIN2C,10
MF,GO:0004029,aldehyde dehydrogenase (NAD+) activity,7/2449,15/18522,0.0017050129194604862,0.045843909403616045,0.041666802069064666,ALDH3A1/ALDH2/ALDH3A2/ALDH7A1/ALDH1B1/ALDH4A1/ALDH1L1,7
MF,GO:0035173,histone kinase activity,9/2449,23/18522,0.0017312132243690562,0.045843909403616045,0.041666802069064666,AURKA/CDK1/HASPIN/CDK2/BUB1/VRK1/CHEK1/PRKAA2/PRKDC,9
MF,GO:0022843,voltage-gated monoatomic cation channel activity,32/2449,143/18522,0.0017531670211081499,0.045843909403616045,0.041666802069064666,KCNF1/KCNC1/CACNA1G/KCNK10/CACNB4/KCNJ10/CACNG7/KCND3/KCNG1/KCNMA1/KCNS3/KCNIP2/CACNG8/ABCC8/CACNA1E/KCNJ9/TMEM109/KCNH3/KCNJ11/KCNC4/KCNAB1/KCNJ2/KCNH8/KCNK3/GRIN2D/TRPV1/KCNK13/KCNK2/KCNA1/HVCN1/KCNJ16/CACNA1I,32
MF,GO:0051015,actin filament binding,43/2449,208/18522,0.0017583306975054722,0.045843909403616045,0.041666802069064666,TPM4/XIRP1/ACTN2/IQGAP3/ABLIM3/MYH9/CTNNAL1/SHROOM2/PKNOX2/PLS1/TPM3/SPTB/TAGLN3/ACTN1/DBNL/FHOD3/HIP1R/CFL2/CORO1C/ABLIM1/AVIL/LIMD2/NEXN/GAS2L3/SVIL/MYH15/ADD2/MYH7B/SHROOM3/MYH11/MYH7/MYH3/IQGAP2/SHROOM4/MYO1F/CORO2A/LCP1/PICK1/FSCN2/ABLIM2/IQGAP1/MACF1/SYNE1,43
MF,GO:0030594,neurotransmitter receptor activity,24/2449,98/18522,0.0017830388272797942,0.045843909403616045,0.041666802069064666,GRIA1/GRIK3/CHRNA9/GABRQ/DRD2/HRH2/GLRA2/GRIA3/GABRA3/CHRNA5/PTK2B/GABRE/CHRM1/GRIK4/GRIN2D/CHRNB2/GRIK2/CHRNE/GRIA2/GRIN2B/GPR158/CHRM5/GRIN2C/CHRFAM7A,24
