ONTOLOGY,ID,Description,GeneRatio,BgRatio,RichFactor,FoldEnrichment,zScore,pvalue,p.adjust,qvalue,geneID,Count
BP,GO:0007059,chromosome segregation,125/2310,431/18805,0.2900232018561485,2.3609897449804644,10.696620381294075,4.9985663830684276e-21,3.0056379661390455e-17,2.4703441230006597e-17,HJURP/TOP2A/AURKA/CDK1/CENPU/UHRF1/MAD2L1/TPX2/KIFC1/CCNB2/FAM83D/SGO2/RCC1/RMI2/KIF18B/ZWINT/KIF2C/CCNB1/HASPIN/NUF2/PLK1/TRIP13/DSN1/CENPE/SKA1/CDCA8/MZT1/CENPH/ESPL1/CENPN/DIAPH3/SMC4/MAP9/FANCD2/PSMC3IP/SGO1/NDC80/KIF4A/CDCA2/XRCC3/PRC1/NEK2/RACGAP1/NCAPH/SKA3/CCNE2/CDCA5/BUB1/ESCO2/TUBB/CDT1/NCAPD2/TTK/NCAPG/SPAG5/CENPK/MYBL2/KNSTRN/FBXO5/CDC6/SMARCE1/CENPO/AURKB/MIS18A/CENPI/MKI67/HAUS6/BIRC5/DLGAP5/UBE2C/KIF15/NCAPG2/KIF23/RAD18/CEP85/GPSM2/ACTL6A/KIF14/MAP3K20/KIF11/OIP5/TACC3/KNL1/BRCA1/HAUS8/CENPW/KIF18A/KIF4B/MAPRE3/TUBG1/CENPF/C14orf39/ZWILCH/BUB1B/SPC25/ECT2/MTCL2/CDC20/MAEL/INCENP/RECQL5/CENPL/NCAPD3/MTCL1/CPAP/PTTG1/ZCWPW1/SPDL1/NDE1/PTTG2/SRPK1/FIRRM/SPC24/NDC1/GEM/STIL/PTTG3P/HECW2/BRIP1/KNTC1/ASPM/GEN1/MSH5/CEP97/FMN2,125
BP,GO:0098813,nuclear chromosome segregation,95/2310,322/18805,0.2950310559006211,2.4017571455459654,9.494441741396832,8.312034385197667e-17,2.4990131379096784e-13,2.0539474441317391e-13,TOP2A/AURKA/CDK1/UHRF1/MAD2L1/TPX2/KIFC1/CCNB2/FAM83D/RCC1/RMI2/KIF18B/ZWINT/KIF2C/CCNB1/HASPIN/NUF2/PLK1/TRIP13/DSN1/CENPE/SKA1/CDCA8/MZT1/ESPL1/SMC4/MAP9/FANCD2/PSMC3IP/SGO1/NDC80/KIF4A/XRCC3/PRC1/NEK2/RACGAP1/NCAPH/SKA3/CCNE2/CDCA5/BUB1/CDT1/NCAPD2/TTK/NCAPG/SPAG5/CENPK/MYBL2/KNSTRN/FBXO5/CDC6/SMARCE1/AURKB/CENPI/BIRC5/DLGAP5/UBE2C/KIF15/NCAPG2/KIF23/ACTL6A/KIF14/MAP3K20/KIF11/TACC3/KNL1/KIF18A/KIF4B/TUBG1/CENPF/C14orf39/ZWILCH/BUB1B/SPC25/ECT2/CDC20/MAEL/INCENP/NCAPD3/PTTG1/ZCWPW1/SPDL1/PTTG2/SPC24/NDC1/GEM/PTTG3P/HECW2/BRIP1/KNTC1/ASPM/GEN1/MSH5/CEP97/FMN2,95
BP,GO:0000280,nuclear division,117/2310,448/18805,0.2611607142857143,2.126029104823748,9.026984989796333,5.852327148921882e-16,1.1730014382155758e-12,9.640938934802888e-13,TOP2A/AURKA/CDK1/UHRF1/KIF20B/MAD2L1/TPX2/KIFC1/PDGFRB/CCNB2/RCC1/KIF18B/ZWINT/KIF2C/CCNB1/HASPIN/NUF2/PLK1/RAD51/TRIP13/EME1/CENPE/SKA1/CDCA8/MZT1/ESPL1/LIF/SMC4/MAP9/FANCD2/PSMC3IP/SGO1/NDC80/KIF4A/CDCA2/RAD54L/XRCC3/PRC1/GPR3/NEK2/RACGAP1/NCAPH/SKA3/CCNE2/CDCA5/BUB1/CDT1/HSPA2/NCAPD2/TTK/NCAPG/RAD51AP1/SPAG5/CENPK/MYBL2/MASTL/KNSTRN/FBXO5/FANCA/BORA/AURKB/PDGFB/BRCA2/MYBL1/CENPI/MKI67/BIRC5/DLGAP5/UBE2C/KIF15/NCAPG2/KIF23/TGFA/ANLN/CHEK1/CEP85/KIF14/CDC25C/KIF11/KNL1/PKMYT1/KIF18A/KIF4B/TUBG1/CENPF/C14orf39/ZWILCH/BUB1B/SPC25/CDC20/MAEL/FBXO43/INCENP/NCAPD3/PTTG1/ZCWPW1/SPDL1/NDE1/FANCM/PTTG2/SPC24/NDC1/RMI1/PTTG3P/FIGNL1/CCDC8/BRIP1/SPHK1/IL1B/KNTC1/ASPM/GEN1/MSH5/MEI1/EPGN/CEP97/FMN2,117
BP,GO:0140014,mitotic nuclear division,85/2310,282/18805,0.30141843971631205,2.4537548739676396,9.20481418286583,8.808539785726715e-16,1.3241437432893684e-12,1.0883182708943928e-12,AURKA/CDK1/UHRF1/KIF20B/MAD2L1/TPX2/KIFC1/PDGFRB/RCC1/KIF18B/ZWINT/KIF2C/CCNB1/HASPIN/NUF2/PLK1/TRIP13/CENPE/SKA1/CDCA8/MZT1/ESPL1/SMC4/MAP9/NDC80/KIF4A/CDCA2/XRCC3/PRC1/NEK2/RACGAP1/NCAPH/SKA3/CDCA5/BUB1/CDT1/NCAPD2/TTK/NCAPG/SPAG5/CENPK/MYBL2/KNSTRN/FBXO5/BORA/AURKB/PDGFB/CENPI/MKI67/BIRC5/DLGAP5/UBE2C/KIF15/NCAPG2/KIF23/TGFA/ANLN/CHEK1/CEP85/KIF14/CDC25C/KIF11/KNL1/PKMYT1/KIF18A/KIF4B/TUBG1/CENPF/ZWILCH/BUB1B/SPC25/CDC20/FBXO43/INCENP/NCAPD3/SPDL1/NDE1/SPC24/CCDC8/SPHK1/IL1B/KNTC1/GEN1/EPGN/CEP97,85
BP,GO:0000070,mitotic sister chromatid segregation,66/2310,193/18805,0.34196891191709844,2.783863804589193,9.321778461039688,1.6937832354690398e-15,2.036943718975067e-12,1.6741710085320299e-12,CDK1/UHRF1/MAD2L1/TPX2/KIFC1/RCC1/KIF18B/ZWINT/KIF2C/CCNB1/HASPIN/NUF2/PLK1/TRIP13/CENPE/SKA1/CDCA8/MZT1/ESPL1/SMC4/MAP9/NDC80/KIF4A/XRCC3/PRC1/NEK2/RACGAP1/NCAPH/SKA3/CDCA5/BUB1/CDT1/NCAPD2/TTK/NCAPG/SPAG5/CENPK/MYBL2/KNSTRN/FBXO5/AURKB/CENPI/BIRC5/DLGAP5/UBE2C/KIF15/NCAPG2/KIF23/KIF14/KIF11/KNL1/KIF18A/KIF4B/TUBG1/CENPF/ZWILCH/BUB1B/SPC25/CDC20/INCENP/NCAPD3/SPDL1/SPC24/KNTC1/GEN1/CEP97,66
BP,GO:0007088,regulation of mitotic nuclear division,49/2310,121/18805,0.4049586776859504,3.296644127222639,9.484324662894485,3.885232072437678e-15,3.40116949993899e-12,2.795432843263028e-12,AURKA/KIF20B/MAD2L1/PDGFRB/RCC1/ZWINT/CCNB1/HASPIN/NUF2/PLK1/TRIP13/SKA1/CDCA8/ESPL1/NDC80/CDCA2/XRCC3/NEK2/SKA3/BUB1/TTK/FBXO5/BORA/AURKB/PDGFB/MKI67/BIRC5/DLGAP5/UBE2C/TGFA/CHEK1/CDC25C/KNL1/PKMYT1/CENPF/ZWILCH/BUB1B/SPC25/CDC20/FBXO43/INCENP/SPDL1/SPC24/CCDC8/SPHK1/IL1B/KNTC1/GEN1/EPGN,49
BP,GO:0000819,sister chromatid segregation,74/2310,234/18805,0.3162393162393162,2.574407074407074,9.06905984036188,3.9594522700104655e-15,3.40116949993899e-12,2.795432843263028e-12,TOP2A/CDK1/UHRF1/MAD2L1/TPX2/KIFC1/RCC1/RMI2/KIF18B/ZWINT/KIF2C/CCNB1/HASPIN/NUF2/PLK1/TRIP13/CENPE/SKA1/CDCA8/MZT1/ESPL1/SMC4/MAP9/NDC80/KIF4A/XRCC3/PRC1/NEK2/RACGAP1/NCAPH/SKA3/CDCA5/BUB1/CDT1/NCAPD2/TTK/NCAPG/SPAG5/CENPK/MYBL2/KNSTRN/FBXO5/CDC6/SMARCE1/AURKB/CENPI/BIRC5/DLGAP5/UBE2C/KIF15/NCAPG2/KIF23/ACTL6A/KIF14/MAP3K20/KIF11/TACC3/KNL1/KIF18A/KIF4B/TUBG1/CENPF/ZWILCH/BUB1B/SPC25/CDC20/INCENP/NCAPD3/SPDL1/SPC24/HECW2/KNTC1/GEN1/CEP97,74
BP,GO:0048285,organelle fission,123/2310,498/18805,0.2469879518072289,2.010653001616857,8.553878989331075,9.43307874106251e-15,7.090137808751109e-12,5.827408511748484e-12,TOP2A/AURKA/CDK1/UHRF1/KIF20B/MAD2L1/TPX2/KIFC1/PDGFRB/CCNB2/RCC1/KIF18B/ZWINT/KIF2C/CCNB1/HASPIN/NUF2/PLK1/RAD51/TRIP13/EME1/CENPE/SKA1/MTFR2/CDCA8/MZT1/ESPL1/STAT2/LIF/SMC4/MAP9/FANCD2/PSMC3IP/SGO1/NDC80/KIF4A/CDCA2/RAD54L/XRCC3/PRC1/GPR3/NEK2/RACGAP1/NCAPH/SKA3/CCNE2/CDCA5/BUB1/CDT1/HSPA2/NCAPD2/TTK/NCAPG/RAD51AP1/SPAG5/CENPK/MYBL2/MASTL/KNSTRN/FBXO5/FANCA/BORA/PEX11G/AURKB/PDGFB/BRCA2/MYBL1/CENPI/MKI67/BIRC5/DLGAP5/UBE2C/KIF15/MCU/NCAPG2/KIF23/TGFA/ANLN/CHEK1/CEP85/KIF14/CDC25C/KIF11/KNL1/PKMYT1/KIF18A/KIF4B/MTFR1/TUBG1/CORO1C/CENPF/C14orf39/ZWILCH/BUB1B/SPC25/CDC20/MAEL/FBXO43/INCENP/NCAPD3/PTTG1/ZCWPW1/SPDL1/NDE1/FANCM/PTTG2/SPC24/NDC1/RMI1/PTTG3P/FIGNL1/CCDC8/BRIP1/SPHK1/IL1B/KNTC1/ASPM/GEN1/MSH5/MEI1/EPGN/CEP97/FMN2,123
BP,GO:1905818,regulation of chromosome separation,37/2310,77/18805,0.4805194805194805,3.9117613987743853,9.58099024093875,1.346101824632809e-14,8.993455857241201e-12,7.391752124738056e-12,MAD2L1/ZWINT/CCNB1/HASPIN/NUF2/PLK1/TRIP13/SKA1/CDCA8/ESPL1/SMC4/NDC80/XRCC3/NCAPH/SKA3/BUB1/NCAPD2/TTK/NCAPG/FBXO5/AURKB/BIRC5/DLGAP5/UBE2C/NCAPG2/KNL1/CENPF/ZWILCH/BUB1B/SPC25/CDC20/INCENP/NCAPD3/SPDL1/SPC24/KNTC1/GEN1,37
BP,GO:0051304,chromosome separation,38/2310,84/18805,0.4523809523809524,3.682694289837147,9.221493352399493,6.835001955684388e-14,4.1098866759530225e-11,3.3779299138882314e-11,MAD2L1/ZWINT/CCNB1/HASPIN/NUF2/PLK1/TRIP13/SKA1/CDCA8/ESPL1/SMC4/NDC80/XRCC3/NCAPH/SKA3/BUB1/NCAPD2/TTK/NCAPG/FBXO5/AURKB/BIRC5/DLGAP5/UBE2C/NCAPG2/KNL1/CENPF/ZWILCH/BUB1B/SPC25/CDC20/INCENP/RECQL5/NCAPD3/SPDL1/SPC24/KNTC1/GEN1,38
BP,GO:0007093,mitotic cell cycle checkpoint signaling,50/2310,137/18805,0.36496350364963503,2.9710557082819857,8.664933573930764,2.5592592695827086e-13,1.1555674294256511e-10,9.49764822035315e-11,CDK1/ORC1/MAD2L1/CDK2/ZWINT/CCNB1/HASPIN/NUF2/PLK1/TRIP13/DTL/EME1/SKA1/CDCA8/FANCD2/NDC80/XRCC3/STK33/SKA3/TICRR/BUB1/TAOK3/TTK/CLSPN/CCND1/CDC6/BLM/RFWD3/AURKB/CDKN1A/BIRC5/RBBP8/RPS27L/CHEK1/MAP3K20/KNL1/BRCA1/NABP1/BARD1/CENPF/ZWILCH/BUB1B/SPC25/CDC20/INCENP/SPDL1/SPC24/MDC1/KNTC1/GEN1,50
BP,GO:0051983,regulation of chromosome segregation,50/2310,137/18805,0.36496350364963503,2.9710557082819857,8.664933573930764,2.5592592695827086e-13,1.1555674294256511e-10,9.49764822035315e-11,CDK1/MAD2L1/RMI2/ZWINT/KIF2C/CCNB1/HASPIN/NUF2/PLK1/TRIP13/CENPE/SKA1/CDCA8/ESPL1/SMC4/NDC80/CDCA2/XRCC3/NCAPH/SKA3/BUB1/NCAPD2/TTK/NCAPG/FBXO5/CDC6/SMARCE1/AURKB/MKI67/BIRC5/DLGAP5/UBE2C/NCAPG2/RAD18/ACTL6A/MAP3K20/TACC3/KNL1/CENPF/ZWILCH/BUB1B/SPC25/CDC20/INCENP/NCAPD3/SPDL1/SPC24/HECW2/KNTC1/GEN1,50
BP,GO:0033046,negative regulation of sister chromatid segregation,28/2310,51/18805,0.5490196078431373,4.469399881164588,9.284263177756337,3.0748509680376546e-13,1.1555674294256511e-10,9.49764822035315e-11,MAD2L1/ZWINT/CCNB1/HASPIN/NUF2/PLK1/TRIP13/SKA1/CDCA8/NDC80/XRCC3/SKA3/BUB1/TTK/FBXO5/AURKB/BIRC5/KNL1/CENPF/ZWILCH/BUB1B/SPC25/CDC20/INCENP/SPDL1/SPC24/KNTC1/GEN1,28
BP,GO:0033048,negative regulation of mitotic sister chromatid segregation,28/2310,51/18805,0.5490196078431373,4.469399881164588,9.284263177756337,3.0748509680376546e-13,1.1555674294256511e-10,9.49764822035315e-11,MAD2L1/ZWINT/CCNB1/HASPIN/NUF2/PLK1/TRIP13/SKA1/CDCA8/NDC80/XRCC3/SKA3/BUB1/TTK/FBXO5/AURKB/BIRC5/KNL1/CENPF/ZWILCH/BUB1B/SPC25/CDC20/INCENP/SPDL1/SPC24/KNTC1/GEN1,28
BP,GO:0045841,negative regulation of mitotic metaphase/anaphase transition,28/2310,51/18805,0.5490196078431373,4.469399881164588,9.284263177756337,3.0748509680376546e-13,1.1555674294256511e-10,9.49764822035315e-11,MAD2L1/ZWINT/CCNB1/HASPIN/NUF2/PLK1/TRIP13/SKA1/CDCA8/NDC80/XRCC3/SKA3/BUB1/TTK/FBXO5/AURKB/BIRC5/KNL1/CENPF/ZWILCH/BUB1B/SPC25/CDC20/INCENP/SPDL1/SPC24/KNTC1/GEN1,28
BP,GO:2000816,negative regulation of mitotic sister chromatid separation,28/2310,51/18805,0.5490196078431373,4.469399881164588,9.284263177756337,3.0748509680376546e-13,1.1555674294256511e-10,9.49764822035315e-11,MAD2L1/ZWINT/CCNB1/HASPIN/NUF2/PLK1/TRIP13/SKA1/CDCA8/NDC80/XRCC3/SKA3/BUB1/TTK/FBXO5/AURKB/BIRC5/KNL1/CENPF/ZWILCH/BUB1B/SPC25/CDC20/INCENP/SPDL1/SPC24/KNTC1/GEN1,28
BP,GO:0051783,regulation of nuclear division,52/2310,147/18805,0.35374149659863946,2.879700798068145,8.561893079414697,3.59747262138091e-13,1.272447227786083e-10,1.0458287280113543e-10,AURKA/KIF20B/MAD2L1/PDGFRB/RCC1/ZWINT/CCNB1/HASPIN/NUF2/PLK1/TRIP13/SKA1/CDCA8/ESPL1/LIF/NDC80/CDCA2/XRCC3/GPR3/NEK2/SKA3/BUB1/TTK/RAD51AP1/FBXO5/BORA/AURKB/PDGFB/MKI67/BIRC5/DLGAP5/UBE2C/TGFA/CHEK1/CDC25C/KNL1/PKMYT1/CENPF/ZWILCH/BUB1B/SPC25/CDC20/FBXO43/INCENP/SPDL1/SPC24/CCDC8/SPHK1/IL1B/KNTC1/GEN1/EPGN,52
BP,GO:0010965,regulation of mitotic sister chromatid separation,31/2310,62/18805,0.5,4.07034632034632,9.061886284066626,4.768240221584794e-13,1.5928571362438534e-10,1.3091747275052986e-10,MAD2L1/ZWINT/CCNB1/HASPIN/NUF2/PLK1/TRIP13/SKA1/CDCA8/ESPL1/NDC80/XRCC3/SKA3/BUB1/TTK/FBXO5/AURKB/BIRC5/DLGAP5/UBE2C/KNL1/CENPF/ZWILCH/BUB1B/SPC25/CDC20/INCENP/SPDL1/SPC24/KNTC1/GEN1,31
BP,GO:0000075,cell cycle checkpoint signaling,60/2310,186/18805,0.3225806451612903,2.6260298840944003,8.339917805494022,5.972736678078748e-13,1.8902139813309217e-10,1.553573335378378e-10,CDK1/ORC1/MAD2L1/CDK2/CDC45/ZWINT/CCNB1/HASPIN/NUF2/PLK1/RAD51/TRIP13/DTL/EME1/SKA1/CDCA8/FANCD2/TIMELESS/NDC80/XRCC3/STK33/SKA3/TICRR/BUB1/WDR76/E2F1/CDT1/TAOK3/TTK/CLSPN/CCND1/CDC6/BLM/RFWD3/AURKB/BRCA2/CDKN1A/BIRC5/RBBP8/RPS27L/CHEK1/MAP3K20/KNL1/BRCA1/NABP1/BARD1/CENPF/ZWILCH/FBXO6/BUB1B/SPC25/CDC20/INCENP/DNA2/SPDL1/SPC24/MDC1/BRIP1/KNTC1/GEN1,60
BP,GO:0007094,mitotic spindle assembly checkpoint signaling,27/2310,49/18805,0.5510204081632653,4.485687781606148,9.142634610453673,7.255385018683682e-13,1.983028641697499e-10,1.6298580221397073e-10,MAD2L1/ZWINT/CCNB1/HASPIN/NUF2/PLK1/TRIP13/SKA1/CDCA8/NDC80/XRCC3/SKA3/BUB1/TTK/AURKB/BIRC5/KNL1/CENPF/ZWILCH/BUB1B/SPC25/CDC20/INCENP/SPDL1/SPC24/KNTC1/GEN1,27
BP,GO:0071173,spindle assembly checkpoint signaling,27/2310,49/18805,0.5510204081632653,4.485687781606148,9.142634610453673,7.255385018683682e-13,1.983028641697499e-10,1.6298580221397073e-10,MAD2L1/ZWINT/CCNB1/HASPIN/NUF2/PLK1/TRIP13/SKA1/CDCA8/NDC80/XRCC3/SKA3/BUB1/TTK/AURKB/BIRC5/KNL1/CENPF/ZWILCH/BUB1B/SPC25/CDC20/INCENP/SPDL1/SPC24/KNTC1/GEN1,27
BP,GO:0071174,mitotic spindle checkpoint signaling,27/2310,49/18805,0.5510204081632653,4.485687781606148,9.142634610453673,7.255385018683682e-13,1.983028641697499e-10,1.6298580221397073e-10,MAD2L1/ZWINT/CCNB1/HASPIN/NUF2/PLK1/TRIP13/SKA1/CDCA8/NDC80/XRCC3/SKA3/BUB1/TTK/AURKB/BIRC5/KNL1/CENPF/ZWILCH/BUB1B/SPC25/CDC20/INCENP/SPDL1/SPC24/KNTC1/GEN1,27
BP,GO:1902100,negative regulation of metaphase/anaphase transition of cell cycle,28/2310,53/18805,0.5283018867924528,4.300743281875357,9.004940279044272,1.1012178985967941e-12,2.759009676776051e-10,2.2676394885578719e-10,MAD2L1/ZWINT/CCNB1/HASPIN/NUF2/PLK1/TRIP13/SKA1/CDCA8/NDC80/XRCC3/SKA3/BUB1/TTK/FBXO5/AURKB/BIRC5/KNL1/CENPF/ZWILCH/BUB1B/SPC25/CDC20/INCENP/SPDL1/SPC24/KNTC1/GEN1,28
BP,GO:1905819,negative regulation of chromosome separation,28/2310,53/18805,0.5283018867924528,4.300743281875357,9.004940279044272,1.1012178985967941e-12,2.759009676776051e-10,2.2676394885578719e-10,MAD2L1/ZWINT/CCNB1/HASPIN/NUF2/PLK1/TRIP13/SKA1/CDCA8/NDC80/XRCC3/SKA3/BUB1/TTK/FBXO5/AURKB/BIRC5/KNL1/CENPF/ZWILCH/BUB1B/SPC25/CDC20/INCENP/SPDL1/SPC24/KNTC1/GEN1,28
BP,GO:0031577,spindle checkpoint signaling,27/2310,50/18805,0.54,4.395974025974026,8.997995654308946,1.3928965193758436e-12,3.350194708402779e-10,2.7535364877766674e-10,MAD2L1/ZWINT/CCNB1/HASPIN/NUF2/PLK1/TRIP13/SKA1/CDCA8/NDC80/XRCC3/SKA3/BUB1/TTK/AURKB/BIRC5/KNL1/CENPF/ZWILCH/BUB1B/SPC25/CDC20/INCENP/SPDL1/SPC24/KNTC1/GEN1,27
BP,GO:0051985,negative regulation of chromosome segregation,28/2310,54/18805,0.5185185185185185,4.221099887766554,8.870412310131336,2.019606313966055e-12,4.67072798687611e-10,3.838887305291752e-10,MAD2L1/ZWINT/CCNB1/HASPIN/NUF2/PLK1/TRIP13/SKA1/CDCA8/NDC80/XRCC3/SKA3/BUB1/TTK/FBXO5/AURKB/BIRC5/KNL1/CENPF/ZWILCH/BUB1B/SPC25/CDC20/INCENP/SPDL1/SPC24/KNTC1/GEN1,28
BP,GO:0051306,mitotic sister chromatid separation,31/2310,65/18805,0.47692307692307695,3.882484182484183,8.711516611851494,2.3943375923716817e-12,5.141839979618186e-10,4.2260958632274603e-10,MAD2L1/ZWINT/CCNB1/HASPIN/NUF2/PLK1/TRIP13/SKA1/CDCA8/ESPL1/NDC80/XRCC3/SKA3/BUB1/TTK/FBXO5/AURKB/BIRC5/DLGAP5/UBE2C/KNL1/CENPF/ZWILCH/BUB1B/SPC25/CDC20/INCENP/SPDL1/SPC24/KNTC1/GEN1,31
BP,GO:0051784,negative regulation of nuclear division,31/2310,65/18805,0.47692307692307695,3.882484182484183,8.711516611851494,2.3943375923716817e-12,5.141839979618186e-10,4.2260958632274603e-10,MAD2L1/ZWINT/CCNB1/HASPIN/NUF2/PLK1/TRIP13/SKA1/CDCA8/LIF/NDC80/XRCC3/SKA3/BUB1/TTK/FBXO5/AURKB/BIRC5/CHEK1/KNL1/CENPF/ZWILCH/BUB1B/SPC25/CDC20/FBXO43/INCENP/SPDL1/SPC24/KNTC1/GEN1,31
BP,GO:0033047,regulation of mitotic sister chromatid segregation,29/2310,58/18805,0.5,4.07034632034632,8.76375893553571,2.6967828968672245e-12,5.591639847883662e-10,4.595787913173001e-10,CDK1/MAD2L1/ZWINT/CCNB1/HASPIN/NUF2/PLK1/TRIP13/SKA1/CDCA8/NDC80/XRCC3/SKA3/BUB1/TTK/FBXO5/AURKB/BIRC5/KNL1/CENPF/ZWILCH/BUB1B/SPC25/CDC20/INCENP/SPDL1/SPC24/KNTC1/GEN1,29
BP,GO:0045839,negative regulation of mitotic nuclear division,29/2310,59/18805,0.4915254237288136,4.001357399662484,8.640609231095976,4.682925504997855e-12,9.386143687184035e-10,7.714503595075412e-10,MAD2L1/ZWINT/CCNB1/HASPIN/NUF2/PLK1/TRIP13/SKA1/CDCA8/NDC80/XRCC3/SKA3/BUB1/TTK/FBXO5/AURKB/BIRC5/CHEK1/KNL1/CENPF/ZWILCH/BUB1B/SPC25/CDC20/INCENP/SPDL1/SPC24/KNTC1/GEN1,29
BP,GO:0006261,DNA-templated DNA replication,53/2310,162/18805,0.3271604938271605,2.6633130244241356,7.9566187154832875,7.167042001161904e-12,1.390174953322146e-9,1.142589548232772e-9,MCM3/ORC1/CDK2/MCM4/CDC45/ORC6/RAD51/EME1/GINS1/EXO1/MCM6/MCM2/TIMELESS/RRM1/FEN1/TICRR/CCNE2/PCNA/RFC3/CDT1/PRIM2/POLD3/DBF4/RFC4/MCM8/E2F7/FBXO5/CDC6/BLM/MCM5/RFWD3/BRCA2/RFC5/RBBP8/POLE2/WDHD1/MCM10/GMNN/PRIM1/ATAD5/NOC3L/BRCA1/POLD1/E2F8/MMS22L/BARD1/CDC7/TK1/RECQL5/DNA2/POLQ/FANCM/GEN1,53
BP,GO:0006260,DNA replication,76/2310,280/18805,0.2714285714285714,2.209616573902288,7.631371352666908,1.0362489995985636e-11,1.947176635808176e-9,1.6003911358931763e-9,MCM3/CDK1/ID3/ORC1/CDK2/MCM4/TSPYL2/CHAF1B/RMI2/CDC45/ORC6/RAD51/DTL/DSCC1/EME1/GINS1/EXO1/MCM6/MCM2/TIMELESS/POLH/RRM1/CHAF1A/FEN1/CDC25A/JADE2/TICRR/CCNE2/PCNA/RFC3/ESCO2/CDT1/PRIM2/FAM111B/POLD3/DBF4/CCNA2/WEE1/RFC4/MCM8/E2F7/FBXO5/CDC6/BLM/MCM5/RFWD3/BRCA2/CDKN1A/RFC5/RBBP8/POLE2/WDHD1/MCM10/GMNN/CHEK1/PRIM1/ACTL6A/ATAD5/NOC3L/BRCA1/POLL/POLD1/E2F8/MMS22L/BARD1/CDC7/TK1/ADRA2A/RECQL5/DNA2/POLQ/FANCM/RMI1/UCHL5/USP37/GEN1,76
BP,GO:0007091,metaphase/anaphase transition of mitotic cell cycle,38/2310,97/18805,0.3917525773195876,3.189137323157942,8.08909886151736,1.547056795701231e-11,2.8189250038034856e-9,2.316884100739164e-9,MAD2L1/ZWINT/CCNB1/HASPIN/NUF2/PLK1/TRIP13/CENPE/SKA1/CDCA8/ESPL1/NDC80/XRCC3/SKA3/BUB1/TTK/FBXO5/CDC6/SMARCE1/AURKB/BIRC5/DLGAP5/UBE2C/ACTL6A/MAP3K20/TACC3/KNL1/CENPF/ZWILCH/BUB1B/SPC25/CDC20/INCENP/SPDL1/SPC24/HECW2/KNTC1/GEN1,38
BP,GO:0030071,regulation of mitotic metaphase/anaphase transition,37/2310,93/18805,0.3978494623655914,3.2387701903830934,8.099269248644259,1.662836778241192e-11,2.9407757492836138e-9,2.4170336451524443e-9,MAD2L1/ZWINT/CCNB1/HASPIN/NUF2/PLK1/TRIP13/CENPE/SKA1/CDCA8/ESPL1/NDC80/XRCC3/SKA3/BUB1/TTK/FBXO5/CDC6/SMARCE1/AURKB/BIRC5/DLGAP5/UBE2C/ACTL6A/MAP3K20/KNL1/CENPF/ZWILCH/BUB1B/SPC25/CDC20/INCENP/SPDL1/SPC24/HECW2/KNTC1/GEN1,37
BP,GO:0030900,forebrain development,99/2310,413/18805,0.2397094430992736,1.9514008993427878,7.316090272886842,2.566504671204183e-11,4.409255025128787e-9,3.6239817838507183e-9,ASCL1/ATP1B2/CXCR4/FOS/ID2/AKNA/BTG2/ZIC1/NOG/SLC2A1/DCLK2/ATP1A2/ADGRG1/DRAXIN/BCAN/KCNC1/AXL/WDR62/OTX1/LHX6/OLIG2/RRM1/PRDM8/HPRT1/NUMBL/DRD2/COL3A1/ARX/BMP2/TCTN1/E2F1/FOXG1/GRIA1/NR2F2/DCLK1/CSF1R/FGF13/POU3F1/HAP1/RFX4/SHANK3/EPHB3/SHH/ELAVL4/LRP8/SEMA6B/PIANP/HES5/TMEM108/RTN4RL1/GSC/POU3F3/FGFR2/DCT/NRP1/SEMA7A/NOTCH2NLA/SEMA3A/SMO/AQP1/KIF14/TACC3/SCN5A/INHBB/GBX2/CORO1C/NOTCH2NLC/PTCHD1/ROBO2/SSTR2/FUT1/CDH1/FBXO45/ARHGAP11B/APLP1/MFSD2A/SLIT2/TACC1/NDE1/KCNA1/CHRNB2/NTRK2/PCDH9/VAX2/OTP/STIL/CCDC141/SLC7A11/NRP2/CRH/NKX2-1/OPHN1/UCHL5/GATA2/SCN2A/KIF26A/ASPM/TNR/HTR6,99
BP,GO:0051960,regulation of nervous system development,106/2310,454/18805,0.23348017621145375,1.9006903522322027,7.269901403894726,2.7577081932489185e-11,4.606138712779374e-9,3.785801160030314e-9,ASCL1/GFAP/CXCR4/SLC7A5/ID2/BTG2/LRRN3/PTN/NOG/DLL1/SOX8/L1CAM/ETV5/DRAXIN/LRRC4B/TTBK1/NLGN3/RGMA/EPHB1/EFNB3/TG/WDR62/LIF/CLSTN3/SPP1/OLIG2/LDLR/NUMBL/DRD2/PLXNB1/MAP6/NTN1/GPR37L1/BMP2/HMGB2/RND2/FOXG1/AGRN/FGF13/DLL3/HAP1/HEY2/SHANK3/EPHB3/SHH/MYB/RASSF10/EPHA4/LRP8/TNFRSF1B/MYCN/PLXNB3/HES5/CDH4/EFNA5/XRCC2/DCT/SERPINF1/NRP1/SEMA7A/CDK18/ARHGAP4/SEMA3A/BHLHE41/SLITRK1/SLITRK3/ABCC8/SMO/SEMA6C/KIF14/THBS2/ITPKA/GPER1/FSTL4/GBX2/ROBO2/S100A10/TPPP/CDH1/EPHA7/MT3/CRABP2/SLITRK4/LRRTM2/SLIT2/NTRK2/SEMA6D/TNFRSF21/LRRC24/HES6/LRRN1/ADGRB1/OTP/GJC2/ANKRD27/IL1B/MME/GATA2/SOX10/TMEM98/PRKCH/ASPM/TNR/KIT/IL1RAP/FLRT1,106
BP,GO:0033045,regulation of sister chromatid segregation,40/2310,108/18805,0.37037037037037035,3.015071348404682,7.859072460340437,3.603152796253665e-11,5.85561020645224e-9,4.812746053601979e-9,CDK1/MAD2L1/RMI2/ZWINT/CCNB1/HASPIN/NUF2/PLK1/TRIP13/CENPE/SKA1/CDCA8/ESPL1/NDC80/XRCC3/SKA3/BUB1/TTK/FBXO5/CDC6/SMARCE1/AURKB/BIRC5/DLGAP5/UBE2C/ACTL6A/MAP3K20/TACC3/KNL1/CENPF/ZWILCH/BUB1B/SPC25/CDC20/INCENP/SPDL1/SPC24/HECW2/KNTC1/GEN1,40
BP,GO:0044784,metaphase/anaphase transition of cell cycle,38/2310,100/18805,0.38,3.0934632034632035,7.854913859812622,4.545233001584298e-11,7.1922331680332585e-9,5.911321036686503e-9,MAD2L1/ZWINT/CCNB1/HASPIN/NUF2/PLK1/TRIP13/CENPE/SKA1/CDCA8/ESPL1/NDC80/XRCC3/SKA3/BUB1/TTK/FBXO5/CDC6/SMARCE1/AURKB/BIRC5/DLGAP5/UBE2C/ACTL6A/MAP3K20/TACC3/KNL1/CENPF/ZWILCH/BUB1B/SPC25/CDC20/INCENP/SPDL1/SPC24/HECW2/KNTC1/GEN1,38
BP,GO:1902099,regulation of metaphase/anaphase transition of cell cycle,37/2310,96/18805,0.3854166666666667,3.1375586219336222,7.857480542645672,5.022872381816166e-11,7.744238879964258e-9,6.36501641906259e-9,MAD2L1/ZWINT/CCNB1/HASPIN/NUF2/PLK1/TRIP13/CENPE/SKA1/CDCA8/ESPL1/NDC80/XRCC3/SKA3/BUB1/TTK/FBXO5/CDC6/SMARCE1/AURKB/BIRC5/DLGAP5/UBE2C/ACTL6A/MAP3K20/KNL1/CENPF/ZWILCH/BUB1B/SPC25/CDC20/INCENP/SPDL1/SPC24/HECW2/KNTC1/GEN1,37
BP,GO:0007051,spindle organization,60/2310,206/18805,0.2912621359223301,2.371075526415332,7.40466036182926,7.132799132671359e-11,1.072238029618822e-8,8.812761033655796e-9,AURKA/UHRF1/TPX2/KIFC1/CCNB2/RCC1/CCNB1/NUF2/PLK1/CENPE/SKA1/CDCA8/MZT1/CENPH/ESPL1/WDR62/MAP9/NDC80/KIF4A/PRC1/NEK2/RACGAP1/SKA3/MYH9/TUBB/TTK/SPAG5/MYBL2/KNSTRN/FBXO5/AUNIP/BORA/AURKB/KIZ/HAUS6/BIRC5/DLGAP5/CEP72/KIF15/KIF23/GPSM2/PDE4DIP/PLK5/KIF11/TACC3/HAUS8/KIF4B/MAPRE3/TUBG1/SPC25/TPPP/CDC20/INCENP/CPAP/TACC1/FAM110A/STIL/CKAP5/ASPM/CEP97,60
BP,GO:1901991,negative regulation of mitotic cell cycle phase transition,57/2310,192/18805,0.296875,2.4167681277056277,7.384075951648512,9.327088509286068e-11,1.3678971513740762e-8,1.1242793466263952e-8,CDK1/ORC1/MAD2L1/CDK2/CCL2/ZWINT/CCNB1/HASPIN/NUF2/PLK1/TRIP13/DTL/SKA1/CDCA8/NDC80/XRCC3/SKA3/TICRR/BUB1/TAOK3/TTK/CLSPN/CACNB4/CCND1/WEE1/E2F7/FBXO5/CDC6/BLM/GFI1B/RFWD3/AURKB/CDKN1A/BIRC5/RBBP8/FAM107A/RPS27L/CHEK1/KNL1/BRCA1/PKMYT1/NABP1/BARD1/ZFP36L2/CENPF/ZWILCH/BUB1B/SPC25/CDC20/INCENP/SPDL1/CRLF3/SPC24/RBL1/GJC2/KNTC1/GEN1,57
BP,GO:1901988,negative regulation of cell cycle phase transition,72/2310,273/18805,0.26373626373626374,2.1469958612815754,7.14392653570231,1.5122116846545104e-10,2.164983061863707e-8,1.7794069823190292e-8,CDK1/ORC1/MAD2L1/CDK2/CCL2/CDC45/ZWINT/CCNB1/HASPIN/NUF2/PLK1/RAD51/TRIP13/DTL/EME1/SKA1/CDCA8/FANCD2/TIMELESS/NDC80/XRCC3/STK33/SKA3/TICRR/BUB1/WDR76/E2F1/CDT1/TAOK3/TTK/CLSPN/CACNB4/CCND1/WEE1/E2F7/FBXO5/CDC6/BLM/GFI1B/RFWD3/AURKB/BRCA2/CDKN1A/BIRC5/RBBP8/FAM107A/RPS27L/CHEK1/MAP3K20/KNL1/BRCA1/PKMYT1/NABP1/BARD1/ZFP36L2/CENPF/ZWILCH/FBXO6/BUB1B/SPC25/CDC20/INCENP/DNA2/SPDL1/CRLF3/SPC24/RBL1/GJC2/MDC1/BRIP1/KNTC1/GEN1,72
BP,GO:0044772,mitotic cell cycle phase transition,104/2310,457/18805,0.2275711159737418,1.8525865090416513,6.904896002055861,2.0488485498375098e-10,2.865052634923941e-8,2.354796558503576e-8,RRM2/FOXM1/AURKA/ID2/CDK1/MELK/ORC1/MYC/MAD2L1/CDK2/CDKN3/CCNB2/CCL2/RCC1/ZWINT/CCNB1/HASPIN/NUF2/PLK1/TRIP13/DTL/CENPE/SKA1/CCNF/CDCA8/ESPL1/CALM1/NDC80/RRM1/XRCC3/CDC25A/SKA3/TICRR/CCNE2/CDCA5/BUB1/IQGAP3/E2F1/TAOK3/HSPA2/TTK/CLSPN/CACNB4/CCND1/DBF4/KDM8/CCNA2/MASTL/WEE1/E2F7/FBXO5/CDC6/SMARCE1/BLM/GFI1B/RFWD3/AURKB/CDKN1A/BIRC5/RBBP8/DLGAP5/UBE2C/TPD52L1/ANLN/FAM107A/RPS27L/CHEK1/ACTL6A/KIF14/CDC25C/MAP3K20/PLK5/CCDC57/TACC3/KNL1/ATAD5/BRCA1/PKMYT1/NABP1/BARD1/ZFP36L2/BCAT1/CENPF/ZWILCH/BUB1B/CDC7/SPC25/CCNP/CDC20/INCENP/CPAP/SPDL1/CKS1B/CRLF3/SPC24/MBLAC1/STIL/RBL1/GJC2/HECW2/KNTC1/USP37/GEN1/EIF4EBP1,104
BP,GO:0010948,negative regulation of cell cycle process,79/2310,315/18805,0.2507936507936508,2.041634027348313,6.976810566887226,2.740698748769113e-10,3.7454139946246995e-8,3.0783685706868385e-8,CDK1/ORC1/MAD2L1/CDK2/CCL2/CDC45/ZWINT/CCNB1/HASPIN/NUF2/PLK1/RAD51/TRIP13/DTL/EME1/SKA1/CCNF/CDCA8/ESPL1/LIF/FANCD2/TIMELESS/NDC80/XRCC3/NEK2/STK33/SKA3/TICRR/BUB1/WDR76/E2F1/CDT1/TAOK3/TTK/CLSPN/CACNB4/CCND1/WEE1/E2F7/FBXO5/CDC6/BLM/GFI1B/RFWD3/AURKB/BRCA2/CDKN1A/BIRC5/RBBP8/FAM107A/RPS27L/CHEK1/MAP3K20/KNL1/BRCA1/GPER1/PKMYT1/NABP1/E2F8/BARD1/ZFP36L2/CENPF/ZWILCH/FBXO6/BUB1B/SPC25/CDC20/FBXO43/INCENP/DNA2/SPDL1/CRLF3/SPC24/RBL1/GJC2/MDC1/BRIP1/KNTC1/GEN1,79
BP,GO:0090068,positive regulation of cell cycle process,71/2310,274/18805,0.2591240875912409,2.1094495528802097,6.922904874027175,4.722671881698285e-10,6.177283667257082e-8,5.0771305710910583e-8,RRM2/AURKA/CDK1/KIF20B/MAD2L1/PDGFRB/FAM83D/CCNB1/DTL/SKA1/CDCA8/ESPL1/ARF6/SMC4/NDC80/RRM1/XRCC3/DRD2/FEN1/CDC25A/RACGAP1/NCAPH/SKA3/CCNE2/CDCA5/BUB1/HSPA2/NCAPD2/PLK4/CIT/NCAPG/CCND1/RAD51AP1/SPAG5/DBF4/E2F7/FBXO5/CDC6/AURKB/PDGFB/BIRC5/DLGAP5/UBE2C/NCAPG2/KIF23/TGFA/RAD18/SOX15/GPSM2/KIF14/CDC25C/MAP3K20/KNL1/ATAD5/E2F8/CDC7/ECT2/CDC20/INCENP/NCAPD3/DYRK3/CPAP/PKP4/MBLAC1/STIL/SVIL/SPHK1/IL1B/NANOGP8/GEN1/EPGN,71
BP,GO:1902850,microtubule cytoskeleton organization involved in mitosis,51/2310,169/18805,0.30177514792899407,2.4566587258894947,7.118357040672686,4.725678508129483e-10,6.177283667257082e-8,5.0771305710910583e-8,AURKA/CDK1/UHRF1/MAD2L1/TPX2/KIFC1/RCC1/CENPA/CCNB1/NUF2/PLK1/CENPE/CDCA8/MZT1/CENPH/ESPL1/WDR62/MAP9/NDC80/KIF4A/PRC1/NEK2/RACGAP1/SPRY1/TTK/MYBL2/BORA/AURKB/BIRC5/DLGAP5/KIF15/KIF23/GPSM2/PLK5/KIF11/TACC3/SPRY2/KIF4B/TUBG1/SPC25/CDC20/INCENP/CPAP/PKHD1/SPDL1/TACC1/NDE1/FAM110A/STIL/CKAP5/CEP97,51
BP,GO:0008608,attachment of spindle microtubules to kinetochore,25/2310,54/18805,0.46296296296296297,3.768839185505852,7.624956086945523,7.026049020787935e-10,8.988858034467629e-8,7.387973158476898e-8,CDK1/KIF2C/CCNB1/NUF2/DSN1/CENPE/SKA1/CDCA8/SGO1/NDC80/NEK2/RACGAP1/SKA3/CDT1/SPAG5/KNSTRN/AURKB/BIRC5/KNL1/ZWILCH/SPC25/ECT2/INCENP/SPC24/KNTC1,25
BP,GO:0045787,positive regulation of cell cycle,83/2310,344/18805,0.24127906976744187,1.9641787476089803,6.754047582821914,7.445591578928585e-10,9.327154617520328e-8,7.66602027698897e-8,ASCL1/RRM2/AURKA/FOSL1/CDK1/KIF20B/MAD2L1/PDGFRB/FAM83D/CCNB1/DTL/SKA1/CDCA8/ESPL1/ARF6/SMC4/NDC80/RRM1/XRCC3/DRD2/FEN1/CDC25A/RACGAP1/NCAPH/SKA3/CCNE2/CDCA5/BUB1/FOXG1/HSPA2/NCAPD2/PLK4/CIT/NCAPG/CCND1/RAD51AP1/SPAG5/DBF4/E2F7/FBXO5/CDC6/AURKB/PDGFB/BRCA2/FGFR2/BIRC5/DLGAP5/UBE2C/NCAPG2/KIF23/TGFA/RAD18/SOX15/CHEK1/DYNLT3/GPSM2/KIF14/CDC25C/MAP3K20/CCDC57/KNL1/ATAD5/MAPRE3/E2F8/CDC7/ECT2/CDC20/INCENP/NCAPD3/DYRK3/CPAP/PKP4/MBLAC1/STIL/ASNS/SVIL/SPHK1/IL1B/NUPR1/NANOGP8/GEN1/EIF4EBP1/EPGN,83
BP,GO:1901987,regulation of cell cycle phase transition,104/2310,468/18805,0.2222222222222222,1.809042809042809,6.632621852268221,8.439355604753797e-10,1.0356294949262159e-7,8.511874235084655e-8,RRM2/AURKA/ID2/CDK1/ORC1/MAD2L1/CDK2/FAM83D/CCL2/CDC45/ZWINT/CCNB1/HASPIN/NUF2/PLK1/RAD51/TRIP13/DTL/EME1/CENPE/SKA1/CDCA8/ESPL1/FANCD2/TIMELESS/NDC80/RRM1/XRCC3/CDC25A/STK33/SKA3/TICRR/CCNE2/CDCA5/BUB1/WDR76/E2F1/CDT1/TAOK3/HSPA2/TTK/CLSPN/CACNB4/CCND1/DBF4/WEE1/ING4/E2F7/FBXO5/CDC6/SMARCE1/BLM/GFI1B/RFWD3/AURKB/BRCA2/CDKN1A/BIRC5/RBBP8/DLGAP5/UBE2C/CDK18/ANLN/FAM107A/RPS27L/CHEK1/ACTL6A/KIF14/CDC25C/MAP3K20/PLK5/KNL1/ATAD5/BRCA1/PKMYT1/MN1/NABP1/BARD1/ZFP36L2/CENPF/ZWILCH/FBXO6/BUB1B/CDC7/SPC25/PAXIP1/CDC20/INCENP/DNA2/DYRK3/CPAP/SPDL1/CRLF3/SPC24/MBLAC1/STIL/RBL1/GJC2/MDC1/HECW2/BRIP1/KNTC1/NANOGP8/GEN1,104
BP,GO:0044786,cell cycle DNA replication,22/2310,45/18805,0.4888888888888889,3.9798941798941794,7.489375973118429,2.030046039401726e-9,2.441333366984516e-7,2.0065402431560215e-7,MCM3/MCM4/CDC45/RAD51/GINS1/MCM6/MCM2/FEN1/PCNA/CDT1/DBF4/E2F7/FBXO5/BLM/BRCA2/GMNN/ATAD5/E2F8/CDC7/TK1/RECQL5/DNA2,22
BP,GO:0045786,negative regulation of cell cycle,92/2310,405/18805,0.2271604938271605,1.8492437603548715,6.465556572010093,2.5055544973404022e-9,2.95409788088389e-7,2.4279831506735167e-7,CDK1/ORC1/MAD2L1/CDK2/CCL2/TSPYL2/CDC45/ZWINT/CCNB1/HASPIN/NUF2/PLK1/RAD51/TRIP13/DTL/EME1/SKA1/CCNF/CDCA8/ESPL1/NPPC/LIF/FANCD2/TIMELESS/NDC80/BTG3/GATA3/XRCC3/NEK2/STK33/SKA3/TENT5B/BMP2/TICRR/BUB1/WDR76/E2F1/CDT1/TAOK3/NR2F2/TTK/CLSPN/CACNB4/CCND1/WEE1/E2F7/FBXO5/CDC6/BLM/GFI1B/RFWD3/AURKB/BRCA2/CDKN1A/BIRC5/RBBP8/FAM107A/GMNN/RPS27L/CHEK1/MAP3K20/KNL1/BRCA1/GPER1/PKMYT1/SUV39H1/NABP1/GAS1/E2F8/BARD1/ZFP36L2/CENPF/ZWILCH/FBXO6/BUB1B/SPC25/CDC20/IPO7/FBXO43/INCENP/DNA2/SPDL1/CRLF3/IPO5/SPC24/RBL1/GJC2/MDC1/BRIP1/NUPR1/KNTC1/GEN1,92
BP,GO:0045930,negative regulation of mitotic cell cycle,64/2310,246/18805,0.2601626016260163,2.117903776440362,6.604647478401641,2.828064225600311e-9,3.270221190102821e-7,2.6878059795938175e-7,CDK1/ORC1/MAD2L1/CDK2/CCL2/ZWINT/CCNB1/HASPIN/NUF2/PLK1/TRIP13/DTL/EME1/SKA1/CDCA8/FANCD2/NDC80/BTG3/XRCC3/STK33/SKA3/TICRR/BUB1/TAOK3/TTK/CLSPN/CACNB4/CCND1/WEE1/E2F7/FBXO5/CDC6/BLM/GFI1B/RFWD3/AURKB/CDKN1A/BIRC5/RBBP8/FAM107A/RPS27L/CHEK1/MAP3K20/KNL1/BRCA1/PKMYT1/NABP1/GAS1/BARD1/ZFP36L2/CENPF/ZWILCH/BUB1B/SPC25/CDC20/INCENP/SPDL1/CRLF3/SPC24/RBL1/GJC2/MDC1/KNTC1/GEN1,64
BP,GO:1903046,meiotic cell cycle process,59/2310,220/18805,0.2681818181818182,2.183185753640299,6.605990438803368,3.42137729191786e-9,3.8816493691136024e-7,3.190340890874747e-7,TOP2A/AURKA/CCNB2/ZWINT/NUF2/PLK1/RAD51/TRIP13/EME1/SKA1/ESPL1/NPPC/LIF/SMC4/FANCD2/PSMC3IP/SGO1/NDC80/RAD54L/CDC25A/GPR3/NCAPH/SKA3/CCNE2/MYH9/HSPA2/NCAPD2/TTK/RAD51AP1/MASTL/FBXO5/FANCA/BRCA2/MYBL1/CDC25C/KNL1/PKMYT1/KIF18A/TUBG1/C14orf39/CDC20/MAEL/FBXO43/INCENP/NCAPD3/PTTG1/ZCWPW1/FANCM/PTTG2/NDC1/RMI1/PTTG3P/FIGNL1/BRIP1/MSH6/ASPM/MSH5/MEI1/FMN2,59
BP,GO:0007409,axonogenesis,100/2310,459/18805,0.2178649237472767,1.7735713814145189,6.2790073859903694,5.370572005625094e-9,5.980231383300683e-7,4.915172625031154e-7,NOG/L1CAM/SEMA5B/NOVA2/DRAXIN/NLGN3/RGMA/MAP1A/ADCY1/EFNA1/EPHB1/EFNB3/PTPRH/NDP/ANOS1/SPP1/TNN/PRDM8/GATA3/NUMBL/DRD2/PLXNB1/S100B/ARX/VANGL2/MAP6/NTN1/TCTN1/NPTX1/EFNB1/RND2/SLIT3/FOXG1/DCLK1/CSF1R/FGF13/EPHB3/SHH/BOC/EPHA4/LGR6/SEMA6B/PLXNB3/CDH4/MATN2/FGFR2/ARHGEF28/EFNA5/NTNG2/NRP1/SEMA7A/ARHGAP4/SEMA3A/SLITRK1/SLITRK3/SMO/SEMA6C/PAK3/CYFIP2/APOE/ANK3/FSTL4/B4GALT6/SCN1B/GBX2/ROBO2/CDH1/PLEKHG4B/FBXO45/EPHA7/MT3/CCK/CRABP2/APLP1/PTPRJ/NEXN/SLITRK4/SLIT2/NCAM1/CHRNB2/NTRK2/MYPN/SEMA6A/SEMA6D/NTN4/B3GNT2/NTN3/VAX2/ADGRB1/RET/NRP2/NTNG1/NKX2-1/GDNF/EPHA10/OPHN1/NRCAM/PTCH1/TNR/HMCN2,100
BP,GO:1901990,regulation of mitotic cell cycle phase transition,83/2310,358/18805,0.23184357541899442,1.8873672882052772,6.343617749514688,5.56290327798813e-9,6.081770438280477e-7,4.998627921560626e-7,RRM2/AURKA/ID2/CDK1/ORC1/MAD2L1/CDK2/CCL2/ZWINT/CCNB1/HASPIN/NUF2/PLK1/TRIP13/DTL/CENPE/SKA1/CDCA8/ESPL1/NDC80/RRM1/XRCC3/CDC25A/SKA3/TICRR/CCNE2/CDCA5/BUB1/E2F1/TAOK3/HSPA2/TTK/CLSPN/CACNB4/CCND1/WEE1/E2F7/FBXO5/CDC6/SMARCE1/BLM/GFI1B/RFWD3/AURKB/CDKN1A/BIRC5/RBBP8/DLGAP5/UBE2C/ANLN/FAM107A/RPS27L/CHEK1/ACTL6A/KIF14/CDC25C/MAP3K20/PLK5/KNL1/ATAD5/BRCA1/PKMYT1/NABP1/BARD1/ZFP36L2/CENPF/ZWILCH/BUB1B/CDC7/SPC25/CDC20/INCENP/CPAP/SPDL1/CRLF3/SPC24/MBLAC1/STIL/RBL1/GJC2/HECW2/KNTC1/GEN1,83
BP,GO:0007052,mitotic spindle organization,42/2310,135/18805,0.3111111111111111,2.5326599326599326,6.687987929354273,5.793722167818365e-9,6.221009177694969e-7,5.113068717651734e-7,AURKA/UHRF1/TPX2/KIFC1/RCC1/CCNB1/NUF2/PLK1/CENPE/CDCA8/MZT1/CENPH/WDR62/MAP9/NDC80/KIF4A/PRC1/NEK2/RACGAP1/TTK/MYBL2/BORA/AURKB/BIRC5/DLGAP5/KIF15/KIF23/GPSM2/PLK5/KIF11/TACC3/KIF4B/TUBG1/SPC25/CDC20/INCENP/CPAP/TACC1/FAM110A/STIL/CKAP5/CEP97,42
BP,GO:0072073,kidney epithelium development,46/2310,155/18805,0.2967741935483871,2.415947493366848,6.624125184632741,5.964154648183527e-9,6.291659982373255e-7,5.171136855627267e-7,AGT/SDC1/NOG/PECAM1/DLL1/MYC/SOX8/CD34/KIF26B/LIF/WNT11/GATA3/BMP2/SPRY1/HS3ST3A1/NPNT/SMAD6/CALB1/SHH/EPHA4/HES5/POU3F3/SMAD1/FGFR2/LAMA5/TFAP2B/SMO/EDNRB/PAX8/AQP1/FGF1/CITED1/FOXJ1/ROBO2/TMEM59L/EPHA7/BMPER/TACSTD2/SLIT2/RET/HOXB7/MTSS1/GDNF/PODXL/WT1/PTCH1,46
BP,GO:0051962,positive regulation of nervous system development,70/2310,285/18805,0.24561403508771928,1.9994683678894203,6.3624728746789305,7.192052526777554e-9,7.456174455778178e-7,6.128255283706101e-7,ASCL1/GFAP/CXCR4/SLC7A5/ID2/LRRN3/PTN/SOX8/L1CAM/ETV5/LRRC4B/TTBK1/NLGN3/EPHB1/WDR62/LIF/CLSTN3/OLIG2/NUMBL/DRD2/PLXNB1/MAP6/NTN1/BMP2/RND2/FOXG1/AGRN/HAP1/SHANK3/EPHB3/SHH/MYB/RASSF10/EPHA4/LRP8/TNFRSF1B/PLXNB3/CDH4/EFNA5/XRCC2/DCT/SERPINF1/NRP1/SEMA7A/SLITRK1/SLITRK3/SMO/THBS2/ITPKA/GPER1/ROBO2/CRABP2/SLITRK4/LRRTM2/SLIT2/NTRK2/LRRC24/LRRN1/ADGRB1/OTP/GJC2/ANKRD27/IL1B/MME/SOX10/PRKCH/ASPM/KIT/IL1RAP/FLRT1,70
BP,GO:0051310,metaphase chromosome alignment,35/2310,103/18805,0.33980582524271846,2.7662547808178877,6.726403061386642,8.35392581283536e-9,8.513924730945596e-7,6.997623852143087e-7,CDK1/KIFC1/FAM83D/ZWINT/KIF2C/CCNB1/NUF2/DSN1/CENPE/SKA1/CDCA8/SGO1/NDC80/NEK2/RACGAP1/SKA3/CDCA5/CDT1/TTK/SPAG5/KNSTRN/AURKB/BIRC5/KIF14/KNL1/KIF18A/CENPF/ZWILCH/SPC25/ECT2/INCENP/SPDL1/SPC24/GEM/KNTC1,35
BP,GO:0050767,regulation of neurogenesis,84/2310,372/18805,0.22580645161290322,1.83822091886608,6.110642899255189,1.6445283900727236e-8,1.6480915349178813e-6,1.3545720686651644e-6,ASCL1/GFAP/CXCR4/SLC7A5/ID2/BTG2/PTN/NOG/DLL1/SOX8/L1CAM/ETV5/DRAXIN/TTBK1/RGMA/EFNB3/WDR62/LIF/SPP1/OLIG2/LDLR/NUMBL/DRD2/PLXNB1/MAP6/NTN1/GPR37L1/BMP2/HMGB2/RND2/FOXG1/FGF13/DLL3/HAP1/HEY2/SHANK3/SHH/MYB/RASSF10/EPHA4/LRP8/TNFRSF1B/MYCN/PLXNB3/HES5/CDH4/EFNA5/XRCC2/DCT/SERPINF1/NRP1/SEMA7A/ARHGAP4/SEMA3A/BHLHE41/SLITRK1/ABCC8/SMO/SEMA6C/ITPKA/GPER1/FSTL4/ROBO2/S100A10/CDH1/EPHA7/MT3/CRABP2/SLIT2/NTRK2/SEMA6D/HES6/OTP/GJC2/ANKRD27/IL1B/MME/GATA2/SOX10/TMEM98/PRKCH/ASPM/TNR/KIT,84
BP,GO:0021537,telencephalon development,68/2310,280/18805,0.24285714285714285,1.9770253555967843,6.163972510294647,1.9053365293752213e-8,1.8781620575628205e-6,1.5436678180184061e-6,ASCL1/ATP1B2/CXCR4/FOS/ID2/BTG2/ZIC1/SLC2A1/DCLK2/ATP1A2/ADGRG1/DRAXIN/BCAN/KCNC1/WDR62/LHX6/PRDM8/HPRT1/NUMBL/DRD2/COL3A1/ARX/BMP2/TCTN1/FOXG1/GRIA1/CSF1R/FGF13/RFX4/SHANK3/EPHB3/SHH/LRP8/SEMA6B/PIANP/HES5/TMEM108/RTN4RL1/POU3F3/SEMA7A/NOTCH2NLA/SEMA3A/SMO/AQP1/KIF14/TACC3/SCN5A/CORO1C/NOTCH2NLC/ROBO2/FUT1/FBXO45/ARHGAP11B/MFSD2A/SLIT2/TACC1/NDE1/KCNA1/NTRK2/CCDC141/SLC7A11/NKX2-1/UCHL5/SCN2A/KIF26A/ASPM/TNR/HTR6,68
BP,GO:0001755,neural crest cell migration,24/2310,58/18805,0.41379310344827586,3.368562472010748,6.760641426963651,2.3871690377016414e-8,2.3151689393064467e-6,1.9028452685923946e-6,SOX8/SEMA5B/EFNB1/SHH/SEMA6B/KITLG/NRP1/SEMA7A/LAMA5/SEMA3A/SMO/EDNRB/SEMA6C/GBX2/CORO1C/NRTN/RADIL/SEMA6A/SEMA6D/RET/NRP2/GDNF/FOLR1/SOX10,24
BP,GO:0048839,inner ear development,54/2310,205/18805,0.2634146341463415,2.1443775736458663,6.16516562185601,3.033176580128651e-8,2.89499853592279e-6,2.3794091969430267e-6,ZIC1/DLL1/CEBPD/ROR1/DIAPH3/OTX1/HMX3/MCM2/GATA3/NTN1/BMP2/GJB2/MYCL/FOXG1/HEY2/FRZB/CALB1/HMX2/SHH/CHRNA9/CCNA2/EPHA4/ADGRV1/MYCN/HES5/FGFR2/PLS1/INSIG1/PAX8/FZD2/TFAP2A/MAF/TMIE/KCNK3/SPRY2/JAG2/PJVK/ANKRD24/GBX2/TGFB3/C1QTNF5/SLC25A27/BMPER/SLC4A7/CYTL1/ATP8B1/KCNK2/TECTA/NAGLU/LGR5/ESRRB/STRC/GATA2/ESRP1,54
BP,GO:0001822,kidney development,75/2310,325/18805,0.23076923076923078,1.8786213786213788,5.979259670794009,3.6832391423592525e-8,3.4567061819960122e-6,2.841078632169121e-6,AGT/ITGA3/SDC1/ID3/NOG/PECAM1/SULF2/DLL1/MYC/SOX8/PDGFRB/SOX4/HAS2/CD34/PDGFA/KIF26B/LIF/WNT11/GATA3/VANGL2/BMP2/SPRY1/HS3ST3A1/NPNT/SMAD6/HELLS/CALB1/SHH/IL6R/EPHA4/TNS2/HES5/POU3F3/PDGFB/SMAD1/FGFR2/SERPINF1/MMP17/NRP1/LAMA5/ADAMTS6/MMP9/TFAP2B/SMO/EDNRB/PAX8/AQP1/TFAP2A/FGF1/CITED1/NUP160/FOXJ1/NID1/CENPF/IFT25/ROBO2/TMEM59L/ARID5B/EPHA7/BMPER/TACSTD2/PKHD1/SLIT2/BMP6/GCNT3/RET/HOXB7/MTSS1/MME/GDNF/PODXL/PCSK9/WT1/PTCH1/ACTA2,75
BP,GO:0050000,chromosome localization,38/2310,123/18805,0.3089430894308943,2.51501073452293,6.308288299834776,3.736668914514232e-8,3.4567061819960122e-6,2.841078632169121e-6,CDK1/KIFC1/FAM83D/ZWINT/KIF2C/CCNB1/NUF2/DSN1/CENPE/SKA1/CDCA8/SGO1/NDC80/NEK2/RACGAP1/SKA3/CDCA5/CDT1/TTK/SPAG5/KNSTRN/AURKB/BIRC5/DLGAP5/KIF14/KNL1/KIF18A/CENPF/ZWILCH/SPC25/ECT2/INCENP/SPDL1/NDE1/SPC24/GEM/KNTC1/FMN2,38
BP,GO:0001657,ureteric bud development,33/2310,100/18805,0.33,2.686428571428572,6.327673272395839,4.970003632424901e-8,4.527974521480444e-6,3.7215577438971153e-6,AGT/SDC1/NOG/MYC/SOX8/KIF26B/WNT11/GATA3/BMP2/SPRY1/HS3ST3A1/NPNT/SMAD6/CALB1/SHH/SMAD1/FGFR2/LAMA5/SMO/PAX8/FGF1/CITED1/FOXJ1/ROBO2/TMEM59L/BMPER/TACSTD2/SLIT2/RET/HOXB7/GDNF/WT1/PTCH1,33
BP,GO:0044839,cell cycle G2/M phase transition,45/2310,160/18805,0.28125,2.2895698051948052,6.130255906918449,5.234605068223555e-8,4.634073798510756e-6,3.80876110252488e-6,FOXM1/AURKA/CDK1/MELK/ORC1/CDK2/CCNB2/CCNB1/PLK1/DTL/CALM1/NDC80/RRM1/CDC25A/TICRR/TAOK3/HSPA2/CLSPN/CCND1/KDM8/CCNA2/MASTL/WEE1/ING4/FBXO5/CDC6/BLM/AURKB/CDKN1A/BIRC5/RBBP8/TPD52L1/CHEK1/KIF14/CDC25C/CCDC57/ATAD5/BRCA1/PKMYT1/NABP1/BARD1/CENPF/CDC7/PAXIP1/DYRK3,45
BP,GO:0090497,mesenchymal cell migration,24/2310,60/18805,0.4,3.256277056277056,6.5505879387073085,5.2405956810033495e-8,4.634073798510756e-6,3.80876110252488e-6,SOX8/SEMA5B/EFNB1/SHH/SEMA6B/KITLG/NRP1/SEMA7A/LAMA5/SEMA3A/SMO/EDNRB/SEMA6C/GBX2/CORO1C/NRTN/RADIL/SEMA6A/SEMA6D/RET/NRP2/GDNF/FOLR1/SOX10,24
BP,GO:0051303,establishment of chromosome localization,36/2310,115/18805,0.3130434782608696,2.548390739695088,6.232751129184629,5.8110193002259964e-8,5.064008558298394e-6,4.162125951878116e-6,CDK1/KIFC1/FAM83D/ZWINT/KIF2C/CCNB1/NUF2/DSN1/CENPE/SKA1/CDCA8/SGO1/NDC80/NEK2/RACGAP1/SKA3/CDCA5/CDT1/TTK/SPAG5/KNSTRN/AURKB/BIRC5/KIF14/KNL1/KIF18A/CENPF/ZWILCH/SPC25/ECT2/INCENP/SPDL1/NDE1/SPC24/GEM/KNTC1,36
BP,GO:0072163,mesonephric epithelium development,33/2310,101/18805,0.32673267326732675,2.65983026874116,6.259102610982458,6.518680840240254e-8,5.520679984840091e-6,4.537465759070125e-6,AGT/SDC1/NOG/MYC/SOX8/KIF26B/WNT11/GATA3/BMP2/SPRY1/HS3ST3A1/NPNT/SMAD6/CALB1/SHH/SMAD1/FGFR2/LAMA5/SMO/PAX8/FGF1/CITED1/FOXJ1/ROBO2/TMEM59L/BMPER/TACSTD2/SLIT2/RET/HOXB7/GDNF/WT1/PTCH1,33
BP,GO:0072164,mesonephric tubule development,33/2310,101/18805,0.32673267326732675,2.65983026874116,6.259102610982458,6.518680840240254e-8,5.520679984840091e-6,4.537465759070125e-6,AGT/SDC1/NOG/MYC/SOX8/KIF26B/WNT11/GATA3/BMP2/SPRY1/HS3ST3A1/NPNT/SMAD6/CALB1/SHH/SMAD1/FGFR2/LAMA5/SMO/PAX8/FGF1/CITED1/FOXJ1/ROBO2/TMEM59L/BMPER/TACSTD2/SLIT2/RET/HOXB7/GDNF/WT1/PTCH1,33
BP,GO:0051984,positive regulation of chromosome segregation,16/2310,30/18805,0.5333333333333333,4.341702741702742,6.854778419048017,6.795358576745689e-8,5.675068211384976e-6,4.664357970441668e-6,CDK1/CCNB1/SKA1/CDCA8/SMC4/NCAPH/SKA3/NCAPD2/NCAPG/CDC6/AURKB/BIRC5/NCAPG2/RAD18/INCENP/NCAPD3,16
BP,GO:0042391,regulation of membrane potential,97/2310,463/18805,0.20950323974082075,1.7055014819593652,5.7520153000659215,6.933990449612829e-8,5.711518434729033e-6,4.694316533660019e-6,ATP1B2/AGT/PMAIP1/P2RX7/ATP1A2/NLGN3/KCNC1/MET/KCNF1/CALM1/CACNA1G/KCNN4/NDP/RGS4/DRD2/KCNMA1/ATP1A1/KCNS3/GRIK3/GRIA1/GPR88/FGF13/TMEM25/ABAT/CXADR/KCNG1/ACTN2/CACNB4/SHANK3/SLC29A1/CHRNA9/KCNJ10/KCNIP2/TMEM108/MAPK8IP2/GLRA2/STX1B/KCND3/INSYN1/KCNC4/ABCC8/SCN4B/KCNJ11/CHRM1/GRIK4/CNR1/USP53/KCNK3/KCNH3/GPER1/GRIA3/ANK3/SCN5A/PTK2B/GNA14/FZD9/CHRNA5/ALB/SCN1B/KCNK13/GRIN2D/KCNJ2/KCNH8/DSG2/CLN3/SLC25A27/KCNMB2/CLIC1/GABRA3/SCN1A/KCNJ9/KCNK2/KCNMB4/KCNA1/CHRNB2/NTRK2/GABRE/P2RX6/GRIA2/NDUFC2/GRIN2B/GPR35/BEGAIN/SLC39A8/SLC8A1/TRPV1/CNR2/CHRNA4/NOS1AP/NRCAM/MYOC/GRIK2/SCN2A/CASQ2/GRIN2C/INSYN2A/KCNK6,97
BP,GO:0072001,renal system development,76/2310,336/18805,0.2261904761904762,1.8413471449185734,5.823420146756056,7.274735940370823e-8,5.911214487763481e-6,4.858447402566289e-6,AGT/ITGA3/SDC1/ID3/NOG/PECAM1/SULF2/DLL1/MYC/SOX8/PDGFRB/SOX4/HAS2/CD34/PDGFA/KIF26B/LIF/WNT11/GATA3/VANGL2/BMP2/SPRY1/HS3ST3A1/NPNT/SMAD6/HELLS/CALB1/SHH/IL6R/EPHA4/TNS2/HES5/POU3F3/PDGFB/SMAD1/FGFR2/SERPINF1/MMP17/NRP1/LAMA5/ADAMTS6/MMP9/TFAP2B/SMO/EDNRB/PAX8/AQP1/TFAP2A/FGF1/CITED1/NUP160/FOXJ1/NID1/CENPF/IFT25/ROBO2/TMEM59L/ARID5B/EPHA7/BMPER/TACSTD2/PKHD1/SLIT2/BMP6/GCNT3/RET/HOXB7/MTSS1/LGR5/MME/GDNF/PODXL/PCSK9/WT1/PTCH1/ACTA2,76
BP,GO:0007411,axon guidance,59/2310,238/18805,0.24789915966386555,2.0180708647095202,5.91494308380581,7.546387775236154e-8,6.0501906256659994e-6,4.972672365576665e-6,NOG/L1CAM/SEMA5B/NOVA2/DRAXIN/EFNA1/EPHB1/EFNB3/PTPRH/NDP/ANOS1/GATA3/ARX/VANGL2/NTN1/EFNB1/SLIT3/FOXG1/CSF1R/EPHB3/SHH/BOC/EPHA4/LGR6/SEMA6B/CDH4/MATN2/EFNA5/NRP1/SEMA7A/SEMA3A/SMO/SEMA6C/CYFIP2/SCN1B/GBX2/ROBO2/PLEKHG4B/EPHA7/PTPRJ/NEXN/SLIT2/NCAM1/MYPN/SEMA6A/SEMA6D/NTN4/B3GNT2/NTN3/RET/NRP2/NKX2-1/GDNF/EPHA10/OPHN1/NRCAM/PTCH1/TNR/HMCN2,59
BP,GO:0033260,nuclear DNA replication,19/2310,41/18805,0.4634146341463415,3.7725161017843947,6.650560438142143,7.677957039687666e-8,6.074678378900254e-6,4.992798933702713e-6,MCM3/MCM4/CDC45/RAD51/GINS1/MCM6/MCM2/FEN1/PCNA/CDT1/DBF4/BLM/BRCA2/GMNN/ATAD5/CDC7/TK1/RECQL5/DNA2,19
BP,GO:0031589,cell-substrate adhesion,80/2310,361/18805,0.22160664819944598,1.804031610125793,5.772369437663337,8.429210965790989e-8,6.5824474723767815e-6,5.410136088091414e-6,ATP1B2/SERPINE1/ITGA5/ITGA3/FBLN5/ITGB4/L1CAM/HAS2/CD34/EFNA1/EPHB1/AXL/EMILIN1/MYADM/SPRY4/GPM6B/PLAU/TNN/COL8A1/SNED1/COL3A1/NPNT/TTYH1/SMAD6/ACTN2/ITGA1/EPHB3/COL1A1/ACTN1/ITGA9/PDGFB/GCNT2/COL16A1/LIMCH1/EFNA5/ADAMTS13/ADAMTS9/NRP1/LAMA5/MADCAM1/CDH13/FAM107A/FBLN1/CSPG5/KIF14/SRCIN1/POSTN/PTK2B/SORBS1/NID1/CORO1C/CCL25/S100A10/BCAM/FUT1/HACD1/FBLN2/PTPRJ/TACSTD2/PHLDB2/SIGLEC1/PKHD1/RAC2/RADIL/COL26A1/EFEMP2/ITGA6/NTN4/RIN2/HOXD3/ONECUT1/TECTA/SVEP1/ADAMTS12/STRC/CARMIL1/APOD/MYOC/MSLN/SPOCK1,80
BP,GO:0097485,neuron projection guidance,59/2310,239/18805,0.24686192468619247,2.009627053560108,5.878353617884686,8.838523492159817e-8,6.813595097225254e-6,5.600117111429196e-6,NOG/L1CAM/SEMA5B/NOVA2/DRAXIN/EFNA1/EPHB1/EFNB3/PTPRH/NDP/ANOS1/GATA3/ARX/VANGL2/NTN1/EFNB1/SLIT3/FOXG1/CSF1R/EPHB3/SHH/BOC/EPHA4/LGR6/SEMA6B/CDH4/MATN2/EFNA5/NRP1/SEMA7A/SEMA3A/SMO/SEMA6C/CYFIP2/SCN1B/GBX2/ROBO2/PLEKHG4B/EPHA7/PTPRJ/NEXN/SLIT2/NCAM1/MYPN/SEMA6A/SEMA6D/NTN4/B3GNT2/NTN3/RET/NRP2/NKX2-1/GDNF/EPHA10/OPHN1/NRCAM/PTCH1/TNR/HMCN2,59
BP,GO:0007565,female pregnancy,50/2310,190/18805,0.2631578947368421,2.1422875370243792,5.9220990908229405,1.0045594247849656e-7,7.646095976243037e-6,6.284352430866639e-6,FOS/ITGA5/ITGA3/FOSL1/PTN/SLC2A1/ITGB4/ADM/CLDN4/NDP/HMX3/LIF/SPP1/SLC38A3/TRO/GJB2/TCF23/NR2F2/RGS2/TEAD4/ERRFI1/COL16A1/PTHLH/PZP/MMP9/ABCC8/FBLN1/STC2/STC1/JUNB/CNR1/VDR/ADCY7/TPPP3/EPOR/TGFB3/ADRA2A/DSG2/SLC38A1/FBN2/EPO/CSMD1/AGO2/TLE6/CRH/IL1B/PAPPA/ACVR1C/IHH/AGRP,50
BP,GO:0030198,extracellular matrix organization,76/2310,339/18805,0.22418879056047197,1.8250520374414179,5.736536032878906,1.0713144763613607e-7,8.052267432951076e-6,6.618186140153404e-6,CTSV/GFAP/AGT/PHLDB1/SFRP2/MFAP4/SULF2/FBLN5/THSD4/ADAMTS18/HAS2/PBXIP1/EMILIN1/CSGALNACT1/GPM6B/COL8A1/COLGALT1/COL3A1/ADAMTS15/DPP4/BMP2/NPNT/COL1A1/FMOD/TNFRSF1B/COL1A2/ERO1A/COL16A1/MATN2/SMOC1/LOXL2/ADAMTS13/MATN3/AEBP1/ADAMTS9/MMP17/ADAMTS10/ADAMTS6/MMP9/CHADL/MMP1/COL9A1/FBLN1/MYH11/POSTN/C6orf15/LOXL3/NID1/ELN/LUM/ADAMTS3/MMP23B/LCP1/SLC2A10/APLP1/PHLDB2/EFEMP2/SCX/NOXO1/NTN4/FOXF2/CREB3L1/COLQ/TLL1/SLC39A8/MATN4/ADAMTS5/ADAMTS12/COL28A1/COL23A1/ADAMTSL2/TGFBI/WT1/TNR/SERPINF2/IHH,76
BP,GO:0006270,DNA replication initiation,18/2310,38/18805,0.47368421052631576,3.8561175666438823,6.595161015383551,1.1109847402310452e-7,8.247347213591697e-6,6.778522878992537e-6,MCM3/ORC1/CDK2/MCM4/CDC45/ORC6/MCM6/MCM2/TICRR/CCNE2/CDT1/PRIM2/CDC6/MCM5/MCM10/GMNN/PRIM1/NOC3L,18
BP,GO:0043062,extracellular structure organization,76/2310,340/18805,0.2235294117647059,1.8196842373312965,5.707768329743002,1.2167776772886797e-7,8.922541675044917e-6,7.333467515879782e-6,CTSV/GFAP/AGT/PHLDB1/SFRP2/MFAP4/SULF2/FBLN5/THSD4/ADAMTS18/HAS2/PBXIP1/EMILIN1/CSGALNACT1/GPM6B/COL8A1/COLGALT1/COL3A1/ADAMTS15/DPP4/BMP2/NPNT/COL1A1/FMOD/TNFRSF1B/COL1A2/ERO1A/COL16A1/MATN2/SMOC1/LOXL2/ADAMTS13/MATN3/AEBP1/ADAMTS9/MMP17/ADAMTS10/ADAMTS6/MMP9/CHADL/MMP1/COL9A1/FBLN1/MYH11/POSTN/C6orf15/LOXL3/NID1/ELN/LUM/ADAMTS3/MMP23B/LCP1/SLC2A10/APLP1/PHLDB2/EFEMP2/SCX/NOXO1/NTN4/FOXF2/CREB3L1/COLQ/TLL1/SLC39A8/MATN4/ADAMTS5/ADAMTS12/COL28A1/COL23A1/ADAMTSL2/TGFBI/WT1/TNR/SERPINF2/IHH,76
BP,GO:0045229,external encapsulating structure organization,76/2310,341/18805,0.22287390029325513,1.8143479199197674,5.6790963441576015,1.380829911315438e-7,1.0003530429806902e-5,8.221935870166114e-6,CTSV/GFAP/AGT/PHLDB1/SFRP2/MFAP4/SULF2/FBLN5/THSD4/ADAMTS18/HAS2/PBXIP1/EMILIN1/CSGALNACT1/GPM6B/COL8A1/COLGALT1/COL3A1/ADAMTS15/DPP4/BMP2/NPNT/COL1A1/FMOD/TNFRSF1B/COL1A2/ERO1A/COL16A1/MATN2/SMOC1/LOXL2/ADAMTS13/MATN3/AEBP1/ADAMTS9/MMP17/ADAMTS10/ADAMTS6/MMP9/CHADL/MMP1/COL9A1/FBLN1/MYH11/POSTN/C6orf15/LOXL3/NID1/ELN/LUM/ADAMTS3/MMP23B/LCP1/SLC2A10/APLP1/PHLDB2/EFEMP2/SCX/NOXO1/NTN4/FOXF2/CREB3L1/COLQ/TLL1/SLC39A8/MATN4/ADAMTS5/ADAMTS12/COL28A1/COL23A1/ADAMTSL2/TGFBI/WT1/TNR/SERPINF2/IHH,76
BP,GO:0043583,ear development,57/2310,232/18805,0.24568965517241378,2.0000839677563813,5.735805017584896,1.7264473693643028e-7,1.2358485752366134e-5,1.0157481703214788e-5,ZIC1/NOG/DLL1/CEBPD/ROR1/DIAPH3/OTX1/HMX3/MCM2/GATA3/NTN1/BMP2/GJB2/MYCL/FOXG1/HEY2/FRZB/CALB1/HMX2/SHH/CHRNA9/CCNA2/EPHA4/ADGRV1/MYCN/HES5/GSC/SHROOM2/FGFR2/PLS1/INSIG1/PAX8/FZD2/TFAP2A/MAF/TMIE/KCNK3/SPRY2/JAG2/PJVK/ANKRD24/GBX2/TGFB3/C1QTNF5/SLC25A27/BMPER/SLC4A7/CYTL1/ATP8B1/KCNK2/TECTA/NAGLU/LGR5/ESRRB/STRC/GATA2/ESRP1,57
BP,GO:0072006,nephron development,44/2310,161/18805,0.2732919254658385,2.2247855664004734,5.840612611582574,1.811364703392052e-7,1.2813807013525185e-5,1.0531711804861528e-5,AGT/ITGA3/NOG/PECAM1/SULF2/DLL1/MYC/SOX8/PDGFRB/CD34/KIF26B/LIF/WNT11/GATA3/BMP2/HS3ST3A1/NPNT/CALB1/SHH/IL6R/HES5/POU3F3/PDGFB/LAMA5/TFAP2B/SMO/EDNRB/PAX8/AQP1/FGF1/CITED1/NUP160/FOXJ1/NID1/TMEM59L/TACSTD2/RET/HOXB7/MTSS1/GDNF/PODXL/WT1/PTCH1/ACTA2,44
BP,GO:0001823,mesonephros development,33/2310,105/18805,0.3142857142857143,2.5585034013605443,5.9928933906362865,1.84217453716732e-7,1.2880227316264065e-5,1.0586302878825663e-5,AGT/SDC1/NOG/MYC/SOX8/KIF26B/WNT11/GATA3/BMP2/SPRY1/HS3ST3A1/NPNT/SMAD6/CALB1/SHH/SMAD1/FGFR2/LAMA5/SMO/PAX8/FGF1/CITED1/FOXJ1/ROBO2/TMEM59L/BMPER/TACSTD2/SLIT2/RET/HOXB7/GDNF/WT1/PTCH1,33
BP,GO:0061448,connective tissue development,67/2310,291/18805,0.23024054982817868,1.8743175495752813,5.624973902305841,2.1208409304084105e-7,1.4658179901776748e-5,1.2047608189071369e-5,SFRP2/NOG/SULF2/ECM1/SOX8/PDGFRB/TYMS/EFEMP1/CCN3/CD34/WNT9A/PBXIP1/NPPC/CHI3L1/HMGA2/CSGALNACT1/WNT11/XBP1/GATA3/COL3A1/BMP2/FRZB/IL6R/COL1A1/PKDCC/DYRK1B/LTBP3/MYCN/HES5/ERRFI1/ARRDC3/PDGFB/LPL/SMAD1/LOXL2/SOX6/MATN3/PTHLH/MGP/CHADL/CHSY1/STC1/MAF/PLAAT3/FOSL2/ZNF219/GHR/SNAI1/BMP8A/ARID5B/BGN/PAXIP1/CCN4/CYTL1/RORC/SCX/BMP6/HOXD3/IFT80/FGFR3/ADAMTS12/HSD17B1/TGFBI/WT1/FGF18/ACTA2/IHH,67
BP,GO:1905820,positive regulation of chromosome separation,16/2310,32/18805,0.5,4.07034632034632,6.505047391953136,2.204000502402635e-7,1.5059835251076187e-5,1.2377730094234894e-5,SKA1/CDCA8/ESPL1/SMC4/NCAPH/SKA3/NCAPD2/NCAPG/AURKB/BIRC5/DLGAP5/UBE2C/NCAPG2/CDC20/INCENP/NCAPD3,16
BP,GO:0051256,mitotic spindle midzone assembly,9/2310,11/18805,0.8181818181818182,6.660566706021252,7.027511989412942,2.7361299338936737e-7,1.84857857219131e-5,1.519353050222448e-5,CDCA8/KIF4A/PRC1/RACGAP1/AURKB/BIRC5/KIF23/KIF4B/INCENP,9
BP,GO:0140694,membraneless organelle assembly,89/2310,427/18805,0.20843091334894615,1.6967720023926114,5.450175118905538,3.0283734624850886e-7,2.0232899588803154e-5,1.6629489364172502e-5,AURKA/UHRF1/PGM5/TPX2/KIFC1/CDK2/PDGFRB/CCNB2/RCC1/CENPA/PLK1/CENPE/SKA1/CDCA8/MZT1/CENPH/DBNL/DIAPH3/WDR62/MAP9/NDC80/KIF4A/PRC1/NEK2/RACGAP1/SKA3/KRT8/BRIX1/TUBB/PLK4/ACTN2/SPAG5/CENPK/MYBL2/MSN/MYBPC2/FBXO5/PATL2/AURKB/HAUS6/BIRC5/DLGAP5/TMOD4/CEP72/KIF15/KIF23/PLS1/FHOD3/ANLN/TMOD1/RPS27L/LDAF1/CEP85/GPSM2/CCDC57/KIF11/MYH11/BRCA1/HAUS8/CENPW/CFL2/KIF4B/CEP152/MAPRE3/KLHL41/CENPF/CSRP3/LCP1/MYOZ2/POC1B/CDC20/NOCT/INCENP/RTTN/CCP110/MYH3/CPAP/SYNPO2L/MYPN/LMOD1/CASQ1/AGO2/STIL/TNNT3/CEP44/PRKAA2/KNTC1/ASPM/CEP97,89
BP,GO:0042063,gliogenesis,76/2310,348/18805,0.21839080459770116,1.7778524157834503,5.481017919793086,3.2705365656899013e-7,2.161069930713558e-5,1.77619076644466e-5,ASCL1/GFAP/ATP1B2/CSPG4/CXCR4/SLC7A5/ID2/CDK1/PTN/NOG/NDRG1/DLL1/SOX8/ITGB4/ADGRG1/ETV5/CCL2/TTBK1/SOX4/APCDD1/PLP1/ROR1/NDP/LIF/GPM6B/OLIG2/LDLR/PRDM8/COL3A1/NTN1/GPR37L1/BMP2/FOXG1/CSF1R/POU3F1/SHH/MYB/EPHA4/LRP8/TNFRSF1B/KCNJ10/MYCN/HES5/CRB1/MATN2/SOX6/ARSG/ABCC8/SMO/CHRM1/CSPG5/DNER/PTK2B/B4GALT6/TPPP/P2RY1/GPR157/PTPRJ/DTX1/S100A8/NTRK2/TNFRSF21/HDAC11/DUSP15/GJC2/MXRA8/NAGLU/PTPRB/IL1B/NKX2-1/SOX10/MYOC/TMEM98/PRKCH/PICK1/C5AR1,76
BP,GO:0007098,centrosome cycle,40/2310,143/18805,0.27972027972027974,2.2771168225713683,5.736863320603182,3.311472591136153e-7,2.1643352924458354e-5,1.778874578419249e-5,AURKA/CDK1/CDK2/PLK1/GADD45A/CCNF/WDR62/MAP9/SGO1/NDC80/XRCC3/NEK2/PLK4/ODF2/BRCA2/HAUS6/XRCC2/CEP72/KIF15/CHEK1/CEP85/PDE4DIP/CCDC57/KIF11/BRCA1/HAUS8/CEP152/POC1B/RTTN/CCP110/CPAP/PKHD1/NDE1/STIL/HEPACAM2/CROCC/CEP44/SSX2IP/CKAP5/GEN1,40
BP,GO:0140013,meiotic nuclear division,50/2310,197/18805,0.25380710659898476,2.066165644845848,5.629410252752391,3.369869616144423e-7,2.1788200002017652e-5,1.7907796092584117e-5,TOP2A/AURKA/CCNB2/ZWINT/NUF2/PLK1/RAD51/TRIP13/EME1/SKA1/ESPL1/LIF/SMC4/FANCD2/PSMC3IP/SGO1/NDC80/RAD54L/GPR3/NCAPH/SKA3/CCNE2/HSPA2/TTK/RAD51AP1/MASTL/FBXO5/FANCA/BRCA2/MYBL1/KNL1/KIF18A/C14orf39/CDC20/MAEL/FBXO43/INCENP/PTTG1/ZCWPW1/FANCM/PTTG2/NDC1/RMI1/PTTG3P/FIGNL1/BRIP1/ASPM/MSH5/MEI1/FMN2,50
BP,GO:0021954,central nervous system neuron development,30/2310,94/18805,0.3191489361702128,2.5980933959657366,5.812628078655365,4.5277044844177e-7,2.8862401945040978e-5,2.3722106861793724e-5,ASCL1/BTG2/DCLK2/NOVA2/DRAXIN/EPHB1/LHX6/PRDM8/HPRT1/DRD2/ARX/TCTN1/FOXG1/DCLK1/EPHB3/EPHA4/FGFR2/ARHGEF28/NRP1/NANOS1/B4GALT6/SCN1B/GBX2/ROBO2/FBXO45/SLIT2/CHRNB2/NTRK2/NRP2/GATA2,30
BP,GO:1901976,regulation of cell cycle checkpoint,20/2310,49/18805,0.40816326530612246,3.322731690078629,6.092309027954669,4.560000307299007e-7,2.8862401945040978e-5,2.3722106861793724e-5,MAD2L1/ZWINT/CCNB1/RAD51/SKA1/CDCA8/NDC80/XRCC3/SKA3/WDR76/RFWD3/AURKB/BRCA2/BIRC5/MAP3K20/KNL1/BRCA1/BARD1/INCENP/GEN1,20
BP,GO:0001508,action potential,46/2310,177/18805,0.2598870056497175,2.115660234304302,5.58072244415422,4.742538417577552e-7,2.9705086984264397e-5,2.4414712577331804e-5,ATP1A2/KCNC1/KCNF1/CALM1/CACNA1G/NDP/ATP1A1/KCNS3/GRIA1/GPR88/FGF13/CXADR/KCNG1/CACNB4/KCNIP2/KCND3/KCNC4/ABCC8/SCN4B/KCNJ11/CNR1/USP53/KCNK3/GPER1/ANK3/SCN5A/GNA14/SCN1B/KCNJ2/DSG2/CLN3/KCNMB2/SCN1A/KCNK2/KCNMB4/KCNA1/CHRNB2/NTRK2/GPR35/SLC8A1/CNR2/CHRNA4/NOS1AP/NRCAM/GRIK2/SCN2A,46
BP,GO:0051231,spindle elongation,10/2310,14/18805,0.7142857142857143,5.8147804576376005,6.74404581495623,4.806605962751658e-7,2.9729941779049673e-5,2.4435140818163844e-5,CDCA8/KIF4A/PRC1/RACGAP1/AURKB/BIRC5/KIF23/KIF11/KIF4B/INCENP,10
BP,GO:0051988,regulation of attachment of spindle microtubules to kinetochore,13/2310,23/18805,0.5652173913043478,4.601261057782796,6.466995458670411,4.845392140939412e-7,2.9729941779049673e-5,2.4435140818163844e-5,CDK1/CCNB1/CDCA8/NEK2/RACGAP1/SPAG5/KNSTRN/AURKB/BIRC5/ZWILCH/ECT2/INCENP/KNTC1,13
BP,GO:0031023,microtubule organizing center organization,42/2310,156/18805,0.2692307692307692,2.191724941724942,5.593266401198168,5.30870204777063e-7,3.224366203358061e-5,2.6501176091741743e-5,AURKA/CDK1/CDK2/PLK1/GADD45A/CCNF/WDR62/MAP9/SGO1/NDC80/XRCC3/NEK2/PLK4/ODF2/BRCA2/HAUS6/XRCC2/CEP72/KIF15/CHEK1/CEP85/PDE4DIP/CCDC57/KIF11/BRCA1/HAUS8/CEP152/FOXJ1/POC1B/RTTN/CCP110/CPAP/PKHD1/NDE1/STIL/HEPACAM2/CROCC/CEP44/SSX2IP/BCL2L10/CKAP5/GEN1,42
BP,GO:0051321,meiotic cell cycle,66/2310,293/18805,0.22525597269624573,1.83373963920039,5.382605374009702,6.03573827878469e-7,3.6292894270332344e-5,2.982925391462539e-5,TOP2A/AURKA/CDK2/CCNB2/SGO2/ZWINT/NUF2/PLK1/RAD51/TRIP13/EME1/SKA1/ESPL1/NPPC/EXO1/LIF/SMC4/FANCD2/PSMC3IP/SGO1/NDC80/RAD54L/CDC25A/GPR3/NEK2/NCAPH/SKA3/CCNE2/MYH9/HSPA2/NCAPD2/TTK/RAD51AP1/MASTL/FBXO5/FANCA/BRCA2/MYBL1/RBBP8/XRCC2/CDC25C/KNL1/PKMYT1/KIF18A/TUBG1/C14orf39/CDC20/MAEL/FBXO43/INCENP/NCAPD3/PTTG1/ZCWPW1/FANCM/PTTG2/NDC1/RMI1/PTTG3P/FIGNL1/BRIP1/PIWIL3/MSH6/ASPM/MSH5/MEI1/FMN2,66
BP,GO:0051302,regulation of cell division,48/2310,190/18805,0.25263157894736843,2.056596035543404,5.4778383013428344,6.646241073867808e-7,3.956816591798726e-5,3.252121088255274e-5,AURKA/SFRP2/PTN/TXNIP/KIF20B/DLL1/MYC/LBH/KIF18B/PLK1/PDGFA/CDCA8/CALM1/ARF6/MAP9/DRD2/PRC1/RACGAP1/KIF20A/CIT/SHH/E2F7/CDC6/BLM/AURKB/PDGFB/BRCA2/FGFR2/BIRC5/KIF23/TGFA/THBS4/KIF14/FGF1/E2F8/TGFB3/ECT2/INCENP/PROK1/CCP110/PKP4/SVIL/TLE6/IL1B/ESRRB/AHCTF1/ASPM/PTCH1,48
BP,GO:0045132,meiotic chromosome segregation,30/2310,96/18805,0.3125,2.54396645021645,5.675487079787884,7.513061476427694e-7,4.429023397819581e-5,3.640229476968836e-5,AURKA/CCNB2/ZWINT/NUF2/PLK1/TRIP13/SKA1/ESPL1/SMC4/FANCD2/PSMC3IP/SGO1/NDC80/NCAPH/SKA3/CCNE2/TTK/FBXO5/KNL1/C14orf39/MAEL/PTTG1/ZCWPW1/PTTG2/NDC1/PTTG3P/BRIP1/ASPM/MSH5/FMN2,30
BP,GO:0060135,maternal process involved in female pregnancy,22/2310,59/18805,0.3728813559322034,3.0355125100887816,5.860037923728217,7.906372333357277e-7,4.6156327029589616e-5,3.793604303026307e-5,ITGA3/PTN/NDP/HMX3/LIF/SPP1/GJB2/TCF23/NR2F2/RGS2/STC2/STC1/JUNB/CNR1/VDR/ADCY7/TPPP3/EPOR/DSG2/CSMD1/IHH/AGRP,22
BP,GO:0000086,G2/M transition of mitotic cell cycle,39/2310,143/18805,0.2727272727272727,2.2201889020070835,5.481140669682417,9.36016880509154e-7,5.411797598559176e-5,4.447974953431658e-5,FOXM1/AURKA/CDK1/MELK/ORC1/CDK2/CCNB1/PLK1/DTL/CALM1/RRM1/CDC25A/TICRR/TAOK3/HSPA2/CLSPN/CCND1/KDM8/CCNA2/MASTL/WEE1/FBXO5/CDC6/BLM/AURKB/CDKN1A/BIRC5/RBBP8/TPD52L1/CHEK1/KIF14/CDC25C/CCDC57/BRCA1/PKMYT1/NABP1/BARD1/CENPF/CDC7,39
BP,GO:0000022,mitotic spindle elongation,9/2310,12/18805,0.75,6.10551948051948,6.620449162485517,9.74160663403146e-7,5.487787844817873e-5,4.510431596701868e-5,CDCA8/KIF4A/PRC1/RACGAP1/AURKB/BIRC5/KIF23/KIF4B/INCENP,9
BP,GO:0000727,double-strand break repair via break-induced replication,9/2310,12/18805,0.75,6.10551948051948,6.620449162485517,9.74160663403146e-7,5.487787844817873e-5,4.510431596701868e-5,MCM3/MCM4/CDC45/MCM6/MCM2/GINS4/MCM5/GINS2/CDC7,9
BP,GO:0007416,synapse assembly,62/2310,273/18805,0.2271062271062271,1.8488019916591347,5.286661684197714,9.765396630558996e-7,5.487787844817873e-5,4.510431596701868e-5,ELMO1/LRRN3/GPM6A/LRRC4B/NLGN3/EPHB1/EFNB3/DBNL/NRXN2/ARF6/LRRC4/CLSTN3/DRD2/PLXNB1/PLXNA2/NTN1/NPTX1/GRIA1/AGRN/DCLK1/FGF13/SHANK3/EPHB3/PLXNB3/PCDH17/PCDHB14/CARMIL3/EFNA5/NTNG2/SLITRK1/SLITRK3/CYFIP2/THBS2/SLC12A5/ELFN1/DNER/PTK2B/PCDHB10/ROBO2/CDH1/FBXO45/CBLN4/EPHA7/GABRA3/LHFPL4/ADD2/SLITRK4/LRRTM2/CHRNB2/NTRK2/GABRE/LGI2/LRRC24/PCDHB16/LRRN1/ADGRB1/COLQ/ADGRF1/NRCAM/CSMD2/IL1RAP/FLRT1,62
BP,GO:0001503,ossification,92/2310,458/18805,0.20087336244541484,1.635248303370574,5.150491485887594,1.0599993938512364e-6,5.9016447733587814e-5,4.850582021570716e-5,TPM4/ID3/SFRP2/PTN/NOG/P2RX7/ECM1/SOX8/GDPD2/CEBPD/CCN3/DDX21/NPPC/CSGALNACT1/BAMBI/GPM6B/IGFBP3/SPP1/TNN/WNT11/PLXNB1/BMP2/TMT1A/ERFE/FHL2/NPNT/SMAD6/SHH/IL6R/COL1A1/EPHA2/PKDCC/ADGRV1/LTBP3/ENPP1/COL1A2/FBXO5/TENT5A/MAP2K6/SMAD1/SMOC1/FGFR2/IFITM1/PTHLH/SEMA7A/MGP/CHSY1/SMO/DHRS3/STC1/TFAP2A/JUNB/ROGDI/VDR/PTGER4/CITED1/FOSL2/PTK2B/MN1/FZD9/CBFB/SCUBE3/SNAI1/BMP8A/NOCT/IPO7/ATP2B1/CCN4/CLIC1/XYLT1/RANBP3L/TNC/FBN2/SCX/BMP6/RASSF2/CREB3L1/ALPL/IFT80/FGFR3/PPARGC1B/SLC8A1/FIGNL1/PTPRB/IARS1/ADAMTS12/CHRDL1/MYOC/SMAD9/PTCH1/FGF18/IHH,92
BP,GO:0051216,cartilage development,51/2310,210/18805,0.24285714285714285,1.9770253555967843,5.328099688707275,1.0942221552782305e-6,6.036291577695412e-5,4.961248690517906e-5,SFRP2/NOG/SULF2/ECM1/TYMS/EFEMP1/CCN3/WNT9A/PBXIP1/NPPC/CHI3L1/HMGA2/CSGALNACT1/WNT11/GATA3/COL3A1/BMP2/FRZB/COL1A1/PKDCC/LTBP3/MYCN/HES5/ERRFI1/SMAD1/LOXL2/SOX6/MATN3/PTHLH/MGP/CHADL/CHSY1/STC1/MAF/FOSL2/ZNF219/GHR/SNAI1/BMP8A/BGN/CCN4/CYTL1/SCX/BMP6/HOXD3/IFT80/FGFR3/ADAMTS12/TGFBI/FGF18/IHH,51
BP,GO:0050890,cognition,71/2310,329/18805,0.21580547112462006,1.7568060106054029,5.182430612666969,1.2538065015010534e-6,6.853762266841668e-5,5.633130645499948e-5,FOS/ITGA5/ITGA3/FOSL1/BTG2/PTN/NOG/ATP1A2/SGK1/SLC1A1/TTBK1/NLGN3/C1QL1/MAP1A/ADCY1/NRXN2/LDLR/ADCY3/DRD2/FEN1/S100B/KCNK10/GRIA1/GPR88/FGF13/SHANK3/CALB1/PPP1R1B/ITPR3/ELAVL4/PIANP/NDRG4/MAPK8IP2/B3GAT1/SERPINF1/EN1/FAM107A/ABCC8/TUSC3/CHRM1/UBE3A/CNR1/ABCA7/ROGDI/HLA-DRA/SLC12A5/APOE/FZD9/JPH3/PTCHD1/CLN3/DOP1B/MFSD2A/KCNK2/CHRNB2/NTRK2/CSMD1/GRIN2B/ADGRF1/SLC7A11/SHROOM4/CRH/MME/PRKAR2B/PRKCG/CHRNA4/SCN2A/TNR/C5AR1/CLDN5/KIT,71
BP,GO:0044703,multi-organism reproductive process,51/2310,211/18805,0.24170616113744076,1.9676555671816336,5.289694190274203,1.273315273135854e-6,6.897697961590892e-5,5.6692415432648967e-5,FOS/ITGA5/ITGA3/FOSL1/PTN/SLC2A1/ITGB4/ADM/CLDN4/NDP/HMX3/LIF/SPP1/SLC38A3/TRO/GJB2/TCF23/NR2F2/RGS2/TEAD4/ERRFI1/COL16A1/PTHLH/PZP/MMP9/ABCC8/FBLN1/STC2/STC1/JUNB/CNR1/VDR/ADCY7/TPPP3/EPOR/TGFB3/ADRA2A/DSG2/SLC38A1/FBN2/EPO/CSMD1/AGO2/MAFF/TLE6/CRH/IL1B/PAPPA/ACVR1C/IHH/AGRP,51
BP,GO:0072009,nephron epithelium development,35/2310,124/18805,0.28225806451612906,2.2977761485826003,5.425821745177151,1.3987430605489275e-6,7.509501806322054e-5,6.172085215486105e-5,AGT/NOG/PECAM1/DLL1/MYC/SOX8/CD34/KIF26B/LIF/WNT11/GATA3/BMP2/HS3ST3A1/NPNT/CALB1/SHH/HES5/POU3F3/LAMA5/TFAP2B/SMO/EDNRB/PAX8/AQP1/FGF1/CITED1/FOXJ1/TMEM59L/TACSTD2/HOXB7/MTSS1/GDNF/PODXL/WT1/PTCH1,35
BP,GO:0061982,meiosis I cell cycle process,38/2310,140/18805,0.2714285714285714,2.209616573902288,5.375918805416406,1.4589610783833027e-6,7.763480499397168e-5,6.38083117187667e-5,TOP2A/AURKA/CCNB2/ZWINT/PLK1/RAD51/TRIP13/EME1/ESPL1/FANCD2/PSMC3IP/NDC80/RAD54L/CDC25A/CCNE2/HSPA2/RAD51AP1/FBXO5/BRCA2/MYBL1/CDC25C/KNL1/PKMYT1/C14orf39/CDC20/MAEL/PTTG1/ZCWPW1/FANCM/PTTG2/NDC1/RMI1/PTTG3P/BRIP1/MSH6/MSH5/MEI1/FMN2,38
BP,GO:0090231,regulation of spindle checkpoint,13/2310,25/18805,0.52,4.233160173160173,6.053469827011604,1.7339162368488452e-6,9.145647659800093e-5,7.516839087724218e-5,MAD2L1/ZWINT/CCNB1/SKA1/CDCA8/NDC80/XRCC3/SKA3/AURKB/BIRC5/KNL1/INCENP/GEN1,13
BP,GO:0051225,spindle assembly,37/2310,136/18805,0.27205882352941174,2.2147472625413798,5.320467646848633,1.8778702652061135e-6,9.818812091029878e-5,8.070115235828561e-5,AURKA/UHRF1/TPX2/KIFC1/CCNB2/RCC1/PLK1/SKA1/CDCA8/MZT1/MAP9/NDC80/KIF4A/PRC1/NEK2/RACGAP1/SKA3/TUBB/SPAG5/MYBL2/FBXO5/AURKB/HAUS6/BIRC5/KIF15/KIF23/GPSM2/KIF11/HAUS8/KIF4B/MAPRE3/CDC20/INCENP/CPAP/STIL/ASPM/CEP97,37
BP,GO:0033044,regulation of chromosome organization,56/2310,244/18805,0.22950819672131148,1.8683556880278194,5.109128578659517,2.272900647745093e-6,1.1781854823182108e-4,9.683546770565528e-5,CDK1/MYC/MAD2L1/CDK2/PKIB/RMI2/ZWINT/CCNB1/HASPIN/NUF2/PLK1/TRIP13/GNL3/CENPE/SKA1/CDCA8/ESPL1/SMC4/DKC1/NDC80/XRCC3/FEN1/NEK2/NCAPH/CCT5/SKA3/BUB1/NCAPD2/TTK/NCAPG/FBXO5/CDC6/SMARCE1/AURKB/BIRC5/DLGAP5/UBE2C/NCAPG2/ACTL6A/MAP3K20/TACC3/KNL1/CENPF/ZWILCH/BUB1B/SPC25/GCH1/CDC20/INCENP/NCAPD3/SPDL1/SPC24/HECW2/UCHL5/KNTC1/GEN1,56
BP,GO:0001649,osteoblast differentiation,59/2310,262/18805,0.22519083969465647,1.8332094114536863,5.082410793188505,2.360904402442211e-6,1.2133434334944458e-4,9.9725111736088e-5,TPM4/ID3/SFRP2/NOG/SOX8/GDPD2/CEBPD/DDX21/NPPC/BAMBI/IGFBP3/SPP1/TNN/WNT11/BMP2/TMT1A/ERFE/FHL2/NPNT/SMAD6/SHH/IL6R/COL1A1/EPHA2/FBXO5/TENT5A/MAP2K6/SMAD1/SMOC1/FGFR2/IFITM1/PTHLH/SEMA7A/SMO/JUNB/CITED1/FOSL2/CBFB/SCUBE3/SNAI1/NOCT/IPO7/CCN4/CLIC1/RANBP3L/TNC/FBN2/BMP6/RASSF2/CREB3L1/ALPL/IFT80/FIGNL1/PTPRB/IARS1/MYOC/SMAD9/PTCH1/IHH,59
BP,GO:0061326,renal tubule development,31/2310,106/18805,0.29245283018867924,2.3807686024667154,5.334817855523616,2.424834600378411e-6,1.2356381739046937e-4,1.015575240747247e-4,AGT/NOG/DLL1/MYC/SOX8/KIF26B/LIF/WNT11/GATA3/BMP2/HS3ST3A1/NPNT/CALB1/SHH/HES5/POU3F3/LAMA5/TFAP2B/SMO/PAX8/AQP1/FGF1/CITED1/TMEM59L/TACSTD2/HOXB7/MTSS1/LGR5/GDNF/WT1/PTCH1,31
BP,GO:0072080,nephron tubule development,30/2310,101/18805,0.297029702970297,2.418027517037418,5.3472815272041325,2.4614168704140554e-6,1.2437394656974552e-4,1.0222337201763813e-4,AGT/NOG/DLL1/MYC/SOX8/KIF26B/LIF/WNT11/GATA3/BMP2/HS3ST3A1/NPNT/CALB1/SHH/HES5/POU3F3/LAMA5/TFAP2B/SMO/PAX8/AQP1/FGF1/CITED1/TMEM59L/TACSTD2/HOXB7/MTSS1/GDNF/WT1/PTCH1,30
BP,GO:1902749,regulation of cell cycle G2/M phase transition,34/2310,122/18805,0.2786885245901639,2.2687176211766373,5.261099694864234,2.6927225679241395e-6,1.345228626529345e-4,1.1056480085350646e-4,AURKA/CDK1/ORC1/CDK2/CCNB1/PLK1/DTL/RRM1/CDC25A/TICRR/TAOK3/HSPA2/CLSPN/CCND1/WEE1/ING4/FBXO5/CDC6/BLM/AURKB/CDKN1A/RBBP8/CHEK1/KIF14/CDC25C/ATAD5/BRCA1/PKMYT1/NABP1/BARD1/CENPF/CDC7/PAXIP1/DYRK3,34
BP,GO:0048762,mesenchymal cell differentiation,61/2310,275/18805,0.22181818181818183,1.805753640299095,5.037161378158913,2.7070125363387787e-6,1.345228626529345e-4,1.1056480085350646e-4,AGT/PHLDB1/AKNA/SFRP2/NOG/SOX8/SEMA5B/FAM83D/HAS2/EFNA1/HMGA2/BAMBI/TRIM62/WNT11/GATA3/CRB2/BMP2/TMEM100/SPRY1/EFNB1/HEY2/FRZB/SHH/COL1A1/EPHA4/SEMA6B/KITLG/GSC/GCNT2/LOXL2/FGFR2/NRP1/SEMA7A/LAMA5/SEMA3A/SMO/EDNRB/SEMA6C/SPRY2/LOXL3/SNAI1/GBX2/CORO1C/TGFB3/LDLRAD4/NOLC1/RANBP3L/PHLDB2/NRTN/RADIL/NCAM1/SEMA6A/SEMA6D/FOXF2/RET/NRP2/IL1B/NKX2-1/GDNF/FOLR1/SOX10,61
BP,GO:0090232,positive regulation of spindle checkpoint,9/2310,13/18805,0.6923076923076923,5.635864135864136,6.2570672835345045,2.8184801718159375e-6,1.3891410879614125e-4,1.1417398107571895e-4,MAD2L1/CDCA8/NDC80/XRCC3/AURKB/BIRC5/KNL1/INCENP/GEN1,9
BP,GO:0050769,positive regulation of neurogenesis,54/2310,234/18805,0.23076923076923078,1.8786213786213788,5.061124272919955,2.8723830285078065e-6,1.404198304911987e-4,1.154115388861288e-4,ASCL1/GFAP/CXCR4/SLC7A5/ID2/PTN/SOX8/L1CAM/ETV5/TTBK1/WDR62/LIF/OLIG2/NUMBL/DRD2/PLXNB1/MAP6/NTN1/BMP2/RND2/FOXG1/HAP1/SHANK3/SHH/MYB/RASSF10/EPHA4/LRP8/TNFRSF1B/PLXNB3/CDH4/EFNA5/XRCC2/DCT/SERPINF1/NRP1/SEMA7A/SLITRK1/SMO/ITPKA/GPER1/ROBO2/CRABP2/SLIT2/NTRK2/OTP/GJC2/ANKRD27/IL1B/MME/SOX10/PRKCH/ASPM/KIT,54
BP,GO:0007611,learning or memory,62/2310,282/18805,0.2198581560283688,1.789797672776396,5.000802370571054,3.062457433214414e-6,1.4850448827353444e-4,1.2205634676520944e-4,FOS/ITGA5/ITGA3/FOSL1/BTG2/PTN/NOG/ATP1A2/SGK1/SLC1A1/TTBK1/NLGN3/C1QL1/MAP1A/ADCY1/NRXN2/LDLR/ADCY3/DRD2/FEN1/S100B/KCNK10/GRIA1/GPR88/FGF13/SHANK3/CALB1/PPP1R1B/ITPR3/ELAVL4/PIANP/NDRG4/MAPK8IP2/B3GAT1/SERPINF1/EN1/ABCC8/UBE3A/CNR1/ABCA7/ROGDI/SLC12A5/APOE/FZD9/JPH3/PTCHD1/CLN3/KCNK2/CHRNB2/NTRK2/CSMD1/GRIN2B/ADGRF1/SLC7A11/CRH/MME/PRKAR2B/PRKCG/SCN2A/TNR/CLDN5/KIT,62
BP,GO:0034508,centromere complex assembly,14/2310,30/18805,0.4666666666666667,3.7989898989898987,5.741520726931272,3.6370460360078666e-6,1.7495646251612242e-4,1.4379731485521626e-4,HJURP/CENPA/CENPE/CENPH/CENPN/CENPK/CENPO/MIS18A/CENPI/DLGAP5/OIP5/CENPW/CENPF/KNTC1,14
BP,GO:2001251,negative regulation of chromosome organization,29/2310,98/18805,0.29591836734693877,2.408980475307006,5.233242876817462,3.910612675904597e-6,1.8662312714455827e-4,1.5338618641079434e-4,MAD2L1/ZWINT/CCNB1/HASPIN/NUF2/PLK1/TRIP13/SKA1/CDCA8/ESPL1/NDC80/XRCC3/SKA3/BUB1/TTK/FBXO5/AURKB/BIRC5/KNL1/CENPF/ZWILCH/BUB1B/SPC25/CDC20/INCENP/SPDL1/SPC24/KNTC1/GEN1,29
BP,GO:0044706,multi-multicellular organism process,51/2310,219/18805,0.2328767123287671,1.8957777382434917,4.989813428932298,4.062949532523438e-6,1.9236626408711364e-4,1.5810649030416528e-4,FOS/ITGA5/ITGA3/FOSL1/PTN/SLC2A1/ITGB4/ADM/CLDN4/NDP/HMX3/LIF/SPP1/SLC38A3/TRO/GJB2/TCF23/NR2F2/RGS2/TEAD4/ERRFI1/COL16A1/PTHLH/PZP/MMP9/ABCC8/FBLN1/STC2/STC1/JUNB/CNR1/VDR/ADCY7/TPPP3/EPOR/TGFB3/ADRA2A/DSG2/SLC38A1/FBN2/EPO/CSMD1/AGO2/MAFF/TLE6/CRH/IL1B/PAPPA/ACVR1C/IHH/AGRP,51
BP,GO:0099173,postsynapse organization,55/2310,243/18805,0.22633744855967078,1.8425436018028611,4.946956469721005,4.355862137146494e-6,2.0462342992704584e-4,1.6818069682485845e-4,ELMO1/ITGA3/LRRC4B/NLGN3/KIF2C/EFNA1/EPHB1/DBNL/NRXN2/ARF6/LRRC4/NPTX1/ARHGAP22/DCLK1/ACTN2/SHANK3/CTNND2/EPHB3/NGEF/ACTN1/EPHA4/LRP8/TMEM108/CARMIL3/NTNG2/NRP1/LAMA5/INSYN1/SLITRK3/PAK3/SRCIN1/CYFIP2/UBE3A/SLC12A5/APOE/ITPKA/HIP1R/PTK2B/FZD9/EPHA7/LHFPL4/LRRTM2/FCGR2B/COLQ/GRIN2B/SLC7A11/NRP2/CHRDL1/GDNF/OPHN1/NOS1AP/NRCAM/CSMD2/PICK1/IL1RAP,55
BP,GO:0060485,mesenchyme development,71/2310,342/18805,0.20760233918128654,1.6900268347636767,4.819287661869005,5.370595100160166e-6,2.503363436997138e-4,2.0575229698288028e-4,AGT/PHLDB1/AKNA/SFRP2/NOG/MYC/SOX8/SEMA5B/FAM83D/SOX4/HAS2/EFNA1/HMGA2/BAMBI/TRIM62/WNT11/GATA3/CRB2/BMP2/TMEM100/SPRY1/EFNB1/DLL3/HEY2/FRZB/SHH/COL1A1/EPHA4/SEMA6B/KITLG/GSC/GCNT2/LOXL2/FGFR2/NRP1/SEMA7A/LAMA5/SEMA3A/SMO/EDNRB/SEMA6C/SPRY2/ACTG2/LOXL3/SNAI1/GBX2/CORO1C/TGFB3/ROBO2/RBM24/LDLRAD4/NOLC1/RANBP3L/PHLDB2/NRTN/RADIL/NCAM1/SCX/SEMA6A/SEMA6D/FOXF2/RET/ADAMTS5/NRP2/IL1B/NKX2-1/GDNF/FOLR1/SOX10/WT1/ACTA2,71
BP,GO:0060707,trophoblast giant cell differentiation,8/2310,11/18805,0.7272727272727273,5.920503738685556,6.108734480733481,5.993027811043113e-6,2.7720058636770956e-4,2.2783210990159853e-4,LIF/NR2F2/PLK4/MDFI/E2F7/SOX15/E2F8/SNAI1,8
BP,GO:0010639,negative regulation of organelle organization,74/2310,362/18805,0.20441988950276244,1.664119490086341,4.774629523989917,6.134561953051501e-6,2.815810765167838e-4,2.3143244973545035e-4,APC2/CLIP3/MAD2L1/TPX2/ZWINT/CCNB1/HASPIN/NUF2/PLK1/MET/TRIP13/SKA1/CCNF/CDCA8/ESPL1/DIAPH3/MYADM/LIF/NDC80/CLSTN3/PRKCD/XRCC3/SKA3/BUB1/FGF13/TTK/IQCJ-SCHIP1/SHANK3/SPTB/FBXO5/PATL2/AURKB/BIRC5/TMOD4/INPP5J/TMOD1/CHEK1/KNL1/BRCA1/HIP1R/FZD9/TBC1D4/AVIL/CENPF/ZWILCH/KANK4/BUB1B/SPC25/SSH3/CDC20/FBXO43/INCENP/CCP110/TACSTD2/PHLDB2/RHPN1/ADD2/SPDL1/SLIT2/LMOD1/F11R/SPC24/BBOF1/SVIL/ANKRD27/KANK3/NUPR1/CKAP2/CARMIL1/MYOC/KNTC1/PICK1/GEN1/CEP97,74
BP,GO:0006275,regulation of DNA replication,33/2310,121/18805,0.2727272727272727,2.2201889020070835,5.038946852724153,6.250672032752747e-6,2.847370525222899e-4,2.3402635720713033e-4,MCM3/CDK1/ID3/CDK2/MCM4/TSPYL2/DSCC1/MCM6/MCM2/TIMELESS/CDC25A/JADE2/TICRR/PCNA/ESCO2/CDT1/DBF4/CCNA2/WEE1/E2F7/FBXO5/CDC6/BLM/MCM5/CDKN1A/GMNN/ACTL6A/ATAD5/E2F8/CDC7/DNA2/UCHL5/USP37,33
BP,GO:0097305,response to alcohol,60/2310,276/18805,0.21739130434782608,1.769715791454922,4.820742100351746,6.3821781047748164e-6,2.8854163115797724e-4,2.3715335339863678e-4,MLC1/FOS/FOSL1/CDK1/BTG2/SGK1/A2M/TYMS/MAOB/RAD51/ADCY1/NPPC/RGS4/AKR1C3/GATA3/AKR1C2/ADCY3/DRD2/SLIT3/GRIA1/ABAT/ADCY5/RGS2/LRP8/CDO1/BLM/GLRA2/CDKN1A/FGFR2/ABCA1/EFNA5/SMO/CNR1/BRCA1/PTGER4/PTK2B/FKBP5/ADCY7/INHBB/GHR/BORCS7/ADRA2A/CDH1/RECQL5/OSBPL7/LANCL2/TNC/SLIT2/S100A8/CHRNB2/CLDN1/GRIN2B/TP53INP1/PRKAA2/CRH/IL13/PTCH1/ADCY2/CLDN5/MSTN,60
BP,GO:0070371,ERK1 and ERK2 cascade,67/2310,319/18805,0.21003134796238246,1.709800648672122,4.784815655127649,6.515792581460078e-6,2.92384035763578e-4,2.4031143888417179e-4,DUSP5/CDK1/MYC/MAP3K12/DUSP6/NOD2/PDGFRB/FAM83D/DUSP4/ACKR3/EPHB1/NDRG2/PDGFA/CHI3L1/CD74/EMILIN1/SPRY4/LIF/XBP1/DRD2/DUSP9/BMP2/SPRY1/IQGAP3/NPNT/CSF1R/TF/EPHA4/EPHA2/NDRG4/PDGFB/GCNT2/FGF21/FGFR2/RAMP3/NRP1/SEMA7A/FBLN1/HLA-DRB1/ABCA7/APOE/FGF1/GPER1/PTGER4/SPRY2/PTK2B/AKAP12/ZFP36L2/CEACAM1/MTURN/TNFAIP8L3/GRB10/P2RY1/EPHA7/MT3/BMPER/PKHD1/EPO/SEMA6A/F2RL1/DUSP15/FGFR3/IL1B/FGF18/C5AR1/ACTA2/SERPINF2,67
BP,GO:1902969,mitotic DNA replication,10/2310,17/18805,0.5882352941176471,4.788642729819201,5.848207713999898,6.568453942702616e-6,2.925638041294135e-4,2.4045919111882093e-4,MCM3/MCM4/CDC45/RAD51/GINS1/MCM6/MCM2/BRCA2/TK1/RECQL5,10
BP,GO:0051255,spindle midzone assembly,9/2310,14/18805,0.6428571428571429,5.233302411873841,5.929571590113562,7.026555407789343e-6,3.10666747551745e-4,2.553380622257814e-4,CDCA8/KIF4A/PRC1/RACGAP1/AURKB/BIRC5/KIF23/KIF4B/INCENP,9
BP,GO:0090266,regulation of mitotic cell cycle spindle assembly checkpoint,12/2310,24/18805,0.5,4.07034632034632,5.632336329109473,7.443052234695248e-6,3.243121238204531e-4,2.665532436452646e-4,MAD2L1/CCNB1/SKA1/CDCA8/NDC80/XRCC3/SKA3/AURKB/BIRC5/KNL1/INCENP/GEN1,12
BP,GO:1903504,regulation of mitotic spindle checkpoint,12/2310,24/18805,0.5,4.07034632034632,5.632336329109473,7.443052234695248e-6,3.243121238204531e-4,2.665532436452646e-4,MAD2L1/CCNB1/SKA1/CDCA8/NDC80/XRCC3/SKA3/AURKB/BIRC5/KNL1/INCENP/GEN1,12
BP,GO:0014032,neural crest cell development,25/2310,81/18805,0.30864197530864196,2.5125594570039014,5.105174599469657,7.849996396635341e-6,3.39582937647254e-4,2.791043777523887e-4,SOX8/SEMA5B/EFNB1/SHH/SEMA6B/KITLG/NRP1/SEMA7A/LAMA5/SEMA3A/SMO/EDNRB/SEMA6C/GBX2/CORO1C/NOLC1/NRTN/RADIL/SEMA6A/SEMA6D/RET/NRP2/GDNF/FOLR1/SOX10,25
BP,GO:0007189,adenylate cyclase-activating G protein-coupled receptor signaling pathway,44/2310,184/18805,0.2391304347826087,1.9466873706004142,4.82913054889846,8.887524969954987e-6,3.817191974595667e-4,3.1373631378901247e-4,ADRA1B/ADGRG1/ADM/ADCY1/ADCY3/GPR3/ADCY5/ADGRF3/ADGRE5/PDE4D/MC5R/ARRDC3/ABCA1/ADGRE2/RAMP3/PTHLH/ADRA1D/CNR1/GPER1/S1PR3/PTGER4/ADCY7/ADRA2A/GPR12/GPR157/APLP1/GIPR/RAMP1/ADGRB1/ADGRG2/ADGRF1/CXCL10/GPR78/ADM2/CNR2/PRKAR2B/GALR1/ADGRE1/PTGIR/ADCY2/HTR6/PDE4B/POMC/LPAR2,44
BP,GO:0051383,kinetochore organization,11/2310,21/18805,0.5238095238095238,4.264172335600907,5.600717128213056,1.01555850724241e-5,4.3308888681195827e-4,3.5595723714095667e-4,CENPA/NUF2/CENPE/CENPH/SMC4/NDC80/CENPK/DLGAP5/CENPW/CENPF/KNTC1,11
BP,GO:0097306,cellular response to alcohol,30/2310,108/18805,0.2777777777777778,2.2613035113035114,4.919267845113235,1.0934613610732479e-5,4.6302698338967883e-4,3.805634610999925e-4,MLC1/FOS/BTG2/SGK1/RAD51/ADCY1/AKR1C3/AKR1C2/ADCY3/DRD2/ADCY5/LRP8/BLM/GLRA2/ABCA1/EFNA5/SMO/BRCA1/PTGER4/ADCY7/INHBB/CDH1/RECQL5/OSBPL7/LANCL2/TNC/TP53INP1/PRKAA2/PTCH1/ADCY2,30
BP,GO:0060675,ureteric bud morphogenesis,22/2310,68/18805,0.3235294117647059,2.6337535014005606,5.05063414620384,1.174612525870512e-5,4.93912246018139e-4,4.059481640752339e-4,AGT/NOG/MYC/SOX8/KIF26B/WNT11/GATA3/BMP2/HS3ST3A1/NPNT/SHH/LAMA5/SMO/PAX8/FGF1/CITED1/TMEM59L/TACSTD2/HOXB7/GDNF/WT1/PTCH1,22
BP,GO:0061333,renal tubule morphogenesis,25/2310,83/18805,0.30120481927710846,2.4520158556303135,4.961228567518114,1.2640254692559971e-5,5.245302524728896e-4,4.311132082873453e-4,AGT/NOG/MYC/SOX8/KIF26B/WNT11/GATA3/BMP2/HS3ST3A1/NPNT/SHH/HES5/LAMA5/SMO/PAX8/FGF1/CITED1/TMEM59L/TACSTD2/HOXB7/MTSS1/LGR5/GDNF/WT1/PTCH1,25
BP,GO:0046697,decidualization,12/2310,25/18805,0.48,3.907532467532467,5.443794653099743,1.271302392501496e-5,5.245302524728896e-4,4.311132082873453e-4,PTN/NDP/LIF/SPP1/GJB2/TCF23/STC2/STC1/JUNB/VDR/TPPP3/EPOR,12
BP,GO:0090329,regulation of DNA-templated DNA replication,16/2310,41/18805,0.3902439024390244,3.176855664660543,5.221722663258623,1.2735974864633608e-5,5.245302524728896e-4,4.311132082873453e-4,MCM3/CDK2/MCM4/MCM6/MCM2/TIMELESS/TICRR/CDT1/DBF4/E2F7/FBXO5/BLM/MCM5/GMNN/E2F8/CDC7,16
BP,GO:0010389,regulation of G2/M transition of mitotic cell cycle,30/2310,109/18805,0.27522935779816515,2.2405576075300844,4.860833965523135,1.3334201344281855e-5,5.454323311780054e-4,4.4829269825566285e-4,AURKA/CDK1/ORC1/CDK2/CCNB1/PLK1/DTL/RRM1/CDC25A/TICRR/TAOK3/HSPA2/CLSPN/CCND1/WEE1/FBXO5/CDC6/BLM/AURKB/CDKN1A/RBBP8/CHEK1/KIF14/CDC25C/BRCA1/PKMYT1/NABP1/BARD1/CENPF/CDC7,30
BP,GO:0060993,kidney morphogenesis,28/2310,99/18805,0.2828282828282828,2.3024181205999388,4.862196579890293,1.469752460589367e-5,5.971365909137746e-4,4.907886061498633e-4,AGT/NOG/MYC/SOX8/SOX4/KIF26B/LIF/WNT11/GATA3/BMP2/HS3ST3A1/NPNT/CALB1/SHH/HES5/LAMA5/SMO/PAX8/FGF1/CITED1/FOXJ1/TMEM59L/TACSTD2/GCNT3/HOXB7/GDNF/WT1/PTCH1,28
BP,GO:0014033,neural crest cell differentiation,27/2310,94/18805,0.2872340425531915,2.338284056369163,4.867642593921949,1.5247365774578457e-5,6.076763090540577e-4,4.994512365329156e-4,SOX8/SEMA5B/EFNB1/FRZB/SHH/SEMA6B/KITLG/GSC/NRP1/SEMA7A/LAMA5/SEMA3A/SMO/EDNRB/SEMA6C/GBX2/CORO1C/NOLC1/NRTN/RADIL/SEMA6A/SEMA6D/RET/NRP2/GDNF/FOLR1/SOX10,27
BP,GO:0009612,response to mechanical stimulus,50/2310,223/18805,0.2242152466367713,1.8252674082270495,4.639336234732266,1.5256597210513289e-5,6.076763090540577e-4,4.994512365329156e-4,CXCR4/FOS/FOSL1/BTG2/PTN/TXNIP/P2RX7/SLC2A1/ATP1A2/KCNC1/GADD45A/CHI3L1/NRXN2/WNT11/DRD2/BAG3/SHANK3/CALB1/COL1A1/CHRNA9/KRT5/ADGRV1/TMEM150C/FAS/AQP1/CHEK1/CASP1/POSTN/USP53/PTGER4/PJVK/PTK2B/CSRP3/KCNJ2/P2RY1/TNC/SCN1A/KCNK2/SCX/BMP6/KCNA1/F11R/CXCL10/SLC8A1/IL1B/IL13/STRC/PTCH1/IHH/KIT,50
BP,GO:0072171,mesonephric tubule morphogenesis,22/2310,69/18805,0.3188405797101449,2.595583160800552,4.968902808452758,1.52601235102549e-5,6.076763090540577e-4,4.994512365329156e-4,AGT/NOG/MYC/SOX8/KIF26B/WNT11/GATA3/BMP2/HS3ST3A1/NPNT/SHH/LAMA5/SMO/PAX8/FGF1/CITED1/TMEM59L/TACSTD2/HOXB7/GDNF/WT1/PTCH1,22
BP,GO:0007405,neuroblast proliferation,23/2310,74/18805,0.3108108108108108,2.5302152802152804,4.935633048590754,1.57533653964643e-5,6.231906982167094e-4,5.122025660415505e-4,ASCL1/AKNA/BTG2/PTN/WDR62/NUMBL/DRD2/RACGAP1/FOXG1/FGF13/SHH/FGFR2/DCT/SMO/FZD9/ACSL6/SKOR2/NDE1/KCNA1/OTP/GATA2/SOX10/ASPM,23
BP,GO:0090267,positive regulation of mitotic cell cycle spindle assembly checkpoint,8/2310,12/18805,0.6666666666666666,5.427128427128427,5.740763265996981,1.6030762106323054e-5,6.300194284007877e-4,5.178151227326228e-4,MAD2L1/CDCA8/NDC80/XRCC3/AURKB/BIRC5/INCENP/GEN1,8
BP,GO:0007188,adenylate cyclase-modulating G protein-coupled receptor signaling pathway,58/2310,272/18805,0.21323529411764705,1.73588298955946,4.574833624235722,1.658504896244072e-5,6.452190042221647e-4,5.303077060794704e-4,ADRA1B/ADGRG1/MCHR1/ADM/ADCY1/PTGDR2/ADCY3/DRD2/GPR3/GPR37L1/GRIK3/GPR88/ADCY5/ADGRF3/ADGRE5/PDE4D/RGS2/MC5R/ARRDC3/GABBR2/ABCA1/ADGRE2/RAMP3/PTHLH/ADRA1D/CHRM1/GPR146/CNR1/GPER1/S1PR3/PTGER4/GNA14/ADCY7/AKAP12/SSTR2/ADRA2A/P2RY1/GPR12/GPR157/APLP1/GIPR/RAMP1/ADGRB1/ADGRG2/ADGRF1/CXCL10/GPR78/ADM2/CNR2/PRKAR2B/GALR1/ADGRE1/PTGIR/ADCY2/HTR6/PDE4B/POMC/LPAR2,58
BP,GO:0032535,regulation of cellular component size,71/2310,353/18805,0.20113314447592068,1.6373631090344971,4.523842784406419,1.6632121346155915e-5,6.452190042221647e-4,5.303077060794704e-4,P2RX7/L1CAM/DRAXIN/CDC42EP3/RGMA/KCNN4/ARF6/MYADM/SPP1/PRKCD/KCNMA1/RIN3/NTN1/IQGAP3/RND2/FGF13/ACTN2/SHANK3/CDHR2/MSN/RAB3B/SPTB/PEX11G/CDH4/EFNA5/TMOD4/NRP1/SEMA7A/PLS1/ARHGAP18/ARHGAP4/SEMA3A/TMOD1/SEMA6C/AQP1/PAK3/CYFIP2/SLC12A5/APOE/HIP1R/GPRC5B/CFL2/FSTL4/PTK2B/CYRIA/ELN/AVIL/BORCS7/KANK4/SSH3/CDH1/CLN3/EPHA7/MT3/CRABP2/ADD2/SLIT2/LMOD1/SEMA6D/F2RL1/AQP4/AKT3/VAV3/RET/SVIL/KANK3/CARMIL1/NRCAM/KIRREL1/TNR/KCNK6,71
BP,GO:0010038,response to metal ion,70/2310,347/18805,0.2017291066282421,1.6422146537420312,4.518638295992747,1.7169753033740207e-5,6.618059294351273e-4,5.439405566356968e-4,FOS/CDK1/SDC1/TXNIP/NDRG1/HSP90B1/P2RX7/ATP1A2/SLC1A1/KCNC1/MAOB/ADCY1/CALM1/CACNA1G/AKR1C3/DRD2/KCNMA1/NPTX1/PCNA/GRIA1/ABAT/CNGA3/TF/SHH/ITPR3/ADGRV1/KCNJ10/KCNIP2/ANXA11/GLRA2/LOXL2/MT1X/ADAMTS13/SERPINF1/ABCC8/CPNE5/AQP1/ITPKC/TFAP2A/JUNB/ITPKA/KCNK3/ANK3/SCN5A/PTK2B/ADCY7/INHBB/ECT2/CDH1/MTTP/NPC1/MT3/MAP1LC3A/KCNMB2/HVCN1/GIPR/S100A8/KCNMB4/BMP6/KCNA1/CLDN1/KHK/SLC25A24/SLC39A8/ABCC6/PRKAA2/HSD17B1/CASQ2/CPNE7/KIT,70
BP,GO:0007612,learning,39/2310,160/18805,0.24375,1.9842938311688312,4.679058898835347,1.7573497648994397e-5,6.687939326797678e-4,5.496840203999247e-4,FOS/FOSL1/BTG2/PTN/NOG/ATP1A2/SLC1A1/NLGN3/C1QL1/MAP1A/NRXN2/ADCY3/DRD2/GRIA1/GPR88/FGF13/SHANK3/PPP1R1B/ELAVL4/PIANP/NDRG4/MAPK8IP2/B3GAT1/EN1/ABCC8/UBE3A/ABCA7/SLC12A5/JPH3/CLN3/CHRNB2/NTRK2/CSMD1/SLC7A11/CRH/PRKAR2B/TNR/CLDN5/KIT,39
BP,GO:0061351,neural precursor cell proliferation,39/2310,160/18805,0.24375,1.9842938311688312,4.679058898835347,1.7573497648994397e-5,6.687939326797678e-4,5.496840203999247e-4,ASCL1/ID2/AKNA/BTG2/MELK/PTN/ADGRG1/SHCBP1/EPHB1/WDR62/RRM1/NUMBL/DRD2/ARX/RACGAP1/GPR37L1/FOXG1/FGF13/SHH/RASSF10/POU3F3/FGFR2/DCT/SMO/KIF14/FZD9/ACSL6/SKOR2/CEND1/SLC16A2/GBX2/TRNP1/NDE1/KCNA1/OTP/GJC2/GATA2/SOX10/ASPM,39
BP,GO:0072088,nephron epithelium morphogenesis,24/2310,80/18805,0.3,2.442207792207792,4.837454233952881,2.0169147917307468e-5,7.581192532355325e-4,6.231008068379607e-4,AGT/NOG/MYC/SOX8/KIF26B/LIF/WNT11/GATA3/BMP2/HS3ST3A1/NPNT/SHH/HES5/LAMA5/SMO/PAX8/FGF1/CITED1/TMEM59L/TACSTD2/HOXB7/GDNF/WT1/PTCH1,24
BP,GO:0035640,exploration behavior,15/2310,38/18805,0.39473684210526316,3.213431305536569,5.111111680762423,2.0172805673987228e-5,7.581192532355325e-4,6.231008068379607e-4,ITGA3/NOG/ATP1A2/ABTB3/NDP/DPP4/ABAT/GAD1/UBE3A/APOE/JPH3/LSAMP/NAGLU/CRH/TNR,15
BP,GO:0048008,platelet-derived growth factor receptor signaling pathway,29/2310,106/18805,0.27358490566037735,2.2271706281140244,4.74136779105581,2.0880936852387697e-5,7.784295864600613e-4,6.397939391721423e-4,CSPG4/TXNIP/PDGFRB/MET/EPHB1/PDGFA/AXL/CSF1R/PDGFRL/EPHB3/EPHA4/EPHA2/NDRG4/PDGFB/FGFR2/F3/NRP1/PLAT/HIP1R/ARID5B/EPHA7/PTPRJ/NTRK2/FGFR3/RET/EPHA10/APOD/PTGIR/KIT,29
BP,GO:0051315,attachment of mitotic spindle microtubules to kinetochore,12/2310,26/18805,0.46153846153846156,3.7572427572427576,5.264782071498726,2.097215915624978e-5,7.784295864600613e-4,6.397939391721423e-4,CDK1/KIF2C/NUF2/CENPE/SKA1/CDCA8/NDC80/SKA3/CDT1/AURKB/BIRC5/INCENP,12
BP,GO:0060560,developmental growth involved in morphogenesis,52/2310,238/18805,0.2184873949579832,1.77863872821856,4.523853810091906,2.2207044681905785e-5,8.192083415478497e-4,6.733101374333073e-4,CXCR4/AURKA/SFRP2/L1CAM/SEMA5B/DRAXIN/NLGN3/RGMA/KIF26B/CLSTN3/SPP1/TNN/WNT11/S100B/NTN1/SPRY1/RND2/SLIT3/DCLK1/FGF13/SHH/CACNG7/TMEM108/CDH4/FGFR2/EFNA5/NRP1/SEMA7A/ARHGAP4/SEMA3A/SLITRK1/SEMA6C/CPNE5/CYFIP2/APOE/POSTN/FGF1/SPRY2/FSTL4/TSC22D4/CDH1/EPHA7/MT3/CRABP2/TNC/SLIT2/SEMA6D/PPP2R3A/NRP2/NRCAM/TNR/FLRT1,52
BP,GO:0031570,DNA integrity checkpoint signaling,32/2310,123/18805,0.2601626016260163,2.117903776440362,4.6547916477176035,2.442589462854414e-5,8.95566490252658e-4,7.360691609821228e-4,CDK1/ORC1/CDK2/CDC45/PLK1/RAD51/DTL/EME1/FANCD2/TIMELESS/STK33/TICRR/WDR76/E2F1/CDT1/TAOK3/CLSPN/CCND1/CDC6/BLM/RFWD3/BRCA2/CDKN1A/RPS27L/CHEK1/MAP3K20/BRCA1/BARD1/FBXO6/DNA2/MDC1/BRIP1,32
BP,GO:1901978,positive regulation of cell cycle checkpoint,10/2310,19/18805,0.5263157894736842,4.2845750740487585,5.360357874392878,2.4693278488157054e-5,8.998829306017477e-4,7.396168580663308e-4,MAD2L1/CDCA8/NDC80/XRCC3/AURKB/BIRC5/MAP3K20/KNL1/INCENP/GEN1,10
BP,GO:0030856,regulation of epithelial cell differentiation,41/2310,174/18805,0.23563218390804597,1.9182091854505647,4.55358162044703,2.564884932879706e-5,0.00092907548803648635,7.636103208541674e-4,ASCL1/SERPINE1/SFRP4/ETV4/DLL1/ATOH8/PLAAT4/LIF/GATA3/BMP2/TMEM100/SPRY1/MYCL/HEY2/CCND1/FRZB/MYCN/HES5/ERRFI1/XDH/MMP9/SMO/PAX8/VDR/S1PR3/SPRY2/FOXJ1/PTCH2/CEACAM1/IPO7/BMP6/F11R/CD109/MAFF/IL1B/GDNF/IL13/PRKCH/PTCH1/CLDN5/ESRP1,41
BP,GO:0048640,negative regulation of developmental growth,28/2310,102/18805,0.27450980392156865,2.234699940582294,4.679083845312728,2.6902948439764108e-5,9.686672393311473e-4,7.96150916638465e-4,NOG/DRAXIN/RGMA/RGS4/SPP1/NTN1/GDF15/FGF13/RGS2/WWC1/CDKN1A/NRP1/ARHGAP4/SEMA3A/SEMA6C/STC2/FSTL4/CDH1/WWC3/EPHA7/MT3/KCNK2/MIR17HG/SEMA6D/FGFR3/PTCH1/TNR/MSTN,28
BP,GO:0007160,cell-matrix adhesion,52/2310,240/18805,0.21666666666666667,1.763816738816739,4.4565857462355085,2.8225253063006363e-5,0.001010228849213436,8.30310545932424e-4,SERPINE1/ITGA5/ITGA3/FBLN5/ITGB4/L1CAM/CD34/EMILIN1/GPM6B/PLAU/TNN/SNED1/COL3A1/NPNT/ACTN2/ITGA1/ACTN1/ITGA9/COL16A1/LIMCH1/EFNA5/ADAMTS13/ADAMTS9/NRP1/MADCAM1/CDH13/FAM107A/POSTN/PTK2B/SORBS1/NID1/CORO1C/CCL25/S100A10/BCAM/FUT1/PTPRJ/PHLDB2/SIGLEC1/PKHD1/EFEMP2/ITGA6/RIN2/HOXD3/ONECUT1/TECTA/SVEP1/ADAMTS12/STRC/APOD/MYOC/MSLN,52
BP,GO:0001890,placenta development,37/2310,152/18805,0.24342105263157895,1.9816159717475508,4.547199581191324,2.943199220625912e-5,0.0010471867996226989,8.606864117619841e-4,FOSL1/PTN/PLCD3/ADM/CCNF/NDP/LIF/SPP1/HS6ST1/GJB2/ADAM19/KRT8/TCF23/NR2F2/PLK4/HEY2/ADA/MDFI/E2F7/PDGFB/FGFR2/SOCS3/SOX15/STC2/STC1/JUNB/VDR/CITED1/TPPP3/EPOR/E2F8/SNAI1/FBN2/RBM15/MME/GATA2/DLX3,37
BP,GO:0010001,glial cell differentiation,55/2310,259/18805,0.21235521235521235,1.7287185144328001,4.4191577959121116,3.0597515327208876e-5,0.0010822521156618056,8.895067149303138e-4,ASCL1/GFAP/CXCR4/ID2/CDK1/PTN/NOG/NDRG1/DLL1/SOX8/ITGB4/TTBK1/SOX4/PLP1/ROR1/NDP/LIF/GPM6B/OLIG2/LDLR/PRDM8/GPR37L1/BMP2/POU3F1/SHH/EPHA4/TNFRSF1B/KCNJ10/MYCN/HES5/CRB1/SOX6/ARSG/SMO/CSPG5/DNER/B4GALT6/TPPP/GPR157/PTPRJ/DTX1/S100A8/NTRK2/TNFRSF21/HDAC11/DUSP15/MXRA8/NAGLU/IL1B/NKX2-1/SOX10/MYOC/TMEM98/PICK1/C5AR1,55
BP,GO:0048864,stem cell development,25/2310,87/18805,0.28735632183908044,2.339279494451908,4.68550143860494,3.087093970980165e-5,0.0010855377805557738,8.922072141429287e-4,SOX8/SEMA5B/EFNB1/SHH/SEMA6B/KITLG/NRP1/SEMA7A/LAMA5/SEMA3A/SMO/EDNRB/SEMA6C/GBX2/CORO1C/NOLC1/NRTN/RADIL/SEMA6A/SEMA6D/RET/NRP2/GDNF/FOLR1/SOX10,25
BP,GO:0007127,meiosis I,33/2310,130/18805,0.25384615384615383,2.0664835164835162,4.566153106101154,3.1605259304316795e-5,0.0011005145677865406,9.04516686785265e-4,TOP2A/AURKA/CCNB2/ZWINT/PLK1/RAD51/TRIP13/EME1/ESPL1/FANCD2/PSMC3IP/NDC80/RAD54L/CCNE2/HSPA2/RAD51AP1/FBXO5/BRCA2/MYBL1/KNL1/C14orf39/MAEL/PTTG1/ZCWPW1/FANCM/PTTG2/NDC1/RMI1/PTTG3P/BRIP1/MSH5/MEI1/FMN2,33
BP,GO:0072028,nephron morphogenesis,24/2310,82/18805,0.2926829268292683,2.382641748495407,4.69552140816128,3.171568222411397e-5,0.0011005145677865406,9.04516686785265e-4,AGT/NOG/MYC/SOX8/KIF26B/LIF/WNT11/GATA3/BMP2/HS3ST3A1/NPNT/SHH/HES5/LAMA5/SMO/PAX8/FGF1/CITED1/TMEM59L/TACSTD2/HOXB7/GDNF/WT1/PTCH1,24
BP,GO:0030174,regulation of DNA-templated DNA replication initiation,9/2310,16/18805,0.5625,4.5791396103896105,5.35971563635488,3.1845922966049905e-5,0.0011005145677865406,9.04516686785265e-4,MCM3/CDK2/MCM4/MCM6/MCM2/TICRR/CDT1/MCM5/GMNN,9
BP,GO:0003018,vascular process in circulatory system,58/2310,278/18805,0.20863309352517986,1.6984178890653712,4.39025911445408,3.234347664237538e-5,0.0011113218574320181,9.133992351034732e-4,ATP1B2/AGT/SLC7A5/ADRA1B/SLC2A1/ATP1A2/SLC1A1/SCPEP1/ADM/NPPC/SLC1A5/KCNMA1/ABCC3/SLC38A3/SLC6A9/HRH2/ITGA1/RGS2/SLC29A1/ITGA9/ADRA1D/PTP4A3/ABCC8/EDNRB/SLC15A2/APOE/GPER1/TJP3/AKAP12/SLC16A2/CEACAM1/FLVCR2/SLC44A1/ADRA2A/GCH1/SLC38A1/P2RY1/ATP2B1/GRIP2/SLC2A10/KCNMB2/PLVAP/SLC7A1/PTPRJ/MFSD2A/SLIT2/SLC7A2/KCNMB4/BMP6/F2RL1/SLC8A1/SLC16A7/SVEP1/SLC5A3/SLC13A3/CLDN5/ACTA2/SERPINF2,58
BP,GO:0035235,ionotropic glutamate receptor signaling pathway,12/2310,27/18805,0.4444444444444444,3.618085618085618,5.094434830225298,3.353615440411711e-5,0.0011425431397137499,9.390601137808528e-4,PLP1/GRIK3/GRIA1/GRIK4/GRIA3/PTK2B/GRIN2D/CLN3/GRIA2/GRIN2B/GRIK2/GRIN2C,12
BP,GO:0099505,regulation of presynaptic membrane potential,13/2310,31/18805,0.41935483870967744,3.4138388493227203,5.033448901933738,3.363215295681585e-5,0.0011425431397137499,9.390601137808528e-4,KCNC1/GRIK3/GRIA1/KCNJ11/GRIK4/GRIA3/GRIN2D/SCN1A/KCNJ9/KCNMB4/KCNA1/GRIN2B/GRIK2,13
BP,GO:0031055,chromatin remodeling at centromere,7/2310,10/18805,0.7,5.698484848484848,5.5614958429277035,3.578013211696677e-5,0.0012019325945213475,9.87872509786292e-4,HJURP/CENPA/CENPN/MIS18A/CENPI/OIP5/CENPW,7
BP,GO:0034080,CENP-A containing chromatin assembly,7/2310,10/18805,0.7,5.698484848484848,5.5614958429277035,3.578013211696677e-5,0.0012019325945213475,9.87872509786292e-4,HJURP/CENPA/CENPN/MIS18A/CENPI/OIP5/CENPW,7
BP,GO:0003333,amino acid transmembrane transport,29/2310,109/18805,0.26605504587155965,2.1658723539457485,4.568197319596439,3.686383699476557e-5,0.0012314569547195856,0.0010121386824001426,GFAP/SLC7A5/TTYH2/SLC25A18/ATP1A2/SLC1A1/RGS4/SLC43A2/SLC38A11/SLC1A5/SLC38A3/SLC6A9/TTYH1/RGS2/KCNJ10/SLC25A15/SLC16A10/SLC38A7/SLC16A2/SLC38A1/CLN3/SLC7A1/SLC7A7/SLC7A2/SLC7A11/LRRC8B/PRAF2/SLC6A15/LRRC8C,29
BP,GO:0010977,negative regulation of neuron projection development,33/2310,131/18805,0.25190839694656486,2.050708833151581,4.516003867448826,3.733389395586572e-5,0.0012402690848432076,0.0010193814022843243,GFAP/DRAXIN/RGMA/EFNA1/EFNB3/PRAG1/ARF6/SPP1/NTN1/FGF13/NGEF/EPHA4/RTN4RL1/STX1B/NRP1/CRMP1/ARHGAP4/SEMA3A/INPP5J/SEMA6C/UBE3A/APOE/FSTL4/PAQR3/CDH1/EPHA7/MT3/INPP5F/SLIT2/SEMA6D/NEU4/TNR/SPOCK1,33
BP,GO:0006935,chemotaxis,87/2310,466/18805,0.18669527896995708,1.5198288835627891,4.252266658082829,3.894208519639769e-5,0.0012865865839886774,0.001057449913227803,CXCR4/SERPINE1/FOSL1/PTN/PLAUR/L1CAM/NOD2/SEMA5B/PDGFRB/NOVA2/CCL2/ACKR3/MET/CCN3/EPHB1/PDGFA/CD74/PTGDR2/PLAU/ANOS1/PRKCD/PERP/ENPP2/DPP4/RIN3/NTN1/HMGB2/PLP2/SCG2/SLIT3/CSF1R/CXADR/ITGA1/IL6R/CH25H/EPHA2/LGR6/STX3/PLXNB3/ITGA9/PDGFB/EFNA5/ADGRE2/F3/NRP1/MCU/SEMA7A/THBS4/SEMA3A/CDH13/EDNRB/CMTM5/HSD3B7/FGF1/PLA2G6/PTK2B/CMTM7/CCL25/HOXB9/ROBO2/EPHA7/ACKR2/PTPRJ/RAC2/SLIT2/S100A8/F2RL1/MSMP/CXCL10/CMKLR1/VAV3/TNFSF18/LSP1/IL17RC/KLRK1/KLRC4-KLRK1/NRP2/IL1B/CCR4/GDNF/CNR2/CXCL5/FGF18/C5AR1/PDE4B/MSTN/KIT,87
BP,GO:0072078,nephron tubule morphogenesis,23/2310,78/18805,0.2948717948717949,2.4004606504606505,4.63808878689009,4.039311948139969e-5,0.0013272340297358271,0.0010908581878928477,AGT/NOG/MYC/SOX8/KIF26B/WNT11/GATA3/BMP2/HS3ST3A1/NPNT/SHH/HES5/LAMA5/SMO/PAX8/FGF1/CITED1/TMEM59L/TACSTD2/HOXB7/GDNF/WT1/PTCH1,23
BP,GO:0060562,epithelial tube morphogenesis,67/2310,337/18805,0.19881305637982197,1.6184759849448278,4.287289493494496,4.148836277289635e-5,0.0013558126377903573,0.0011143470435855168,CXCR4/AGT/SFRP2/NOG/KIF20B/DLL1/MYC/SOX8/RGMA/MET/ADM/KIF26B/TIMELESS/WNT11/PERP/GATA3/VANGL2/NTN1/BMP2/TCTN1/SPRY1/HS3ST3A1/NPNT/CSF1R/DNAAF19/SHH/CCDC40/EPHA4/EPHA2/MYCN/HES5/NDRG4/FGFR2/NRP1/LAMA5/CDK20/SMO/PAX8/FGF1/VDR/CITED1/SPRY2/GBX2/TMEM59L/EPHA7/TACSTD2/TNC/PKHD1/SLIT2/CSMD1/CXCL10/STIL/RET/RBM15/ADAMTS12/HOXB7/MTSS1/LGR5/NKX2-1/GDNF/PODXL/FOLR1/MICAL2/WT1/NUP50/PTCH1/IHH,67
BP,GO:0051781,positive regulation of cell division,27/2310,99/18805,0.2727272727272727,2.2201889020070835,4.555217876902759,4.2141384342306904e-5,0.0013697088867583322,0.0011257684181344575,PTN/KIF20B/LBH/PDGFA/CDCA8/ARF6/DRD2/RACGAP1/CIT/SHH/CDC6/AURKB/PDGFB/FGFR2/BIRC5/KIF23/TGFA/THBS4/KIF14/FGF1/TGFB3/ECT2/INCENP/PROK1/PKP4/SVIL/IL1B,27
BP,GO:0042330,taxis,87/2310,468/18805,0.1858974358974359,1.5133338883338885,4.208367625566531,4.572988553054432e-5,0.0014783537725546398,0.0012150640213124254,CXCR4/SERPINE1/FOSL1/PTN/PLAUR/L1CAM/NOD2/SEMA5B/PDGFRB/NOVA2/CCL2/ACKR3/MET/CCN3/EPHB1/PDGFA/CD74/PTGDR2/PLAU/ANOS1/PRKCD/PERP/ENPP2/DPP4/RIN3/NTN1/HMGB2/PLP2/SCG2/SLIT3/CSF1R/CXADR/ITGA1/IL6R/CH25H/EPHA2/LGR6/STX3/PLXNB3/ITGA9/PDGFB/EFNA5/ADGRE2/F3/NRP1/MCU/SEMA7A/THBS4/SEMA3A/CDH13/EDNRB/CMTM5/HSD3B7/FGF1/PLA2G6/PTK2B/CMTM7/CCL25/HOXB9/ROBO2/EPHA7/ACKR2/PTPRJ/RAC2/SLIT2/S100A8/F2RL1/MSMP/CXCL10/CMKLR1/VAV3/TNFSF18/LSP1/IL17RC/KLRK1/KLRC4-KLRK1/NRP2/IL1B/CCR4/GDNF/CNR2/CXCL5/FGF18/C5AR1/PDE4B/MSTN/KIT,87
BP,GO:0002062,chondrocyte differentiation,30/2310,116/18805,0.25862068965517243,2.1053515450067173,4.4688043023805895,4.8787110246919035e-5,0.0015687534433942469,0.0012893638199227967,SFRP2/SULF2/ECM1/EFEMP1/CCN3/WNT9A/NPPC/HMGA2/COL3A1/BMP2/PKDCC/LTBP3/LOXL2/SOX6/PTHLH/CHADL/CHSY1/MAF/FOSL2/ZNF219/CCN4/CYTL1/SCX/BMP6/IFT80/FGFR3/ADAMTS12/TGFBI/FGF18/IHH,30
BP,GO:0060078,regulation of postsynaptic membrane potential,36/2310,150/18805,0.24,1.9537662337662336,4.388790974338669,5.1595640692708024e-5,0.0016502371674747519,0.001356335571401255,P2RX7/NLGN3/MET/RGS4/DRD2/GRIK3/GRIA1/TMEM25/ABAT/SHANK3/SLC29A1/CHRNA9/TMEM108/MAPK8IP2/GLRA2/STX1B/INSYN1/CHRM1/GRIK4/GRIA3/PTK2B/CHRNA5/GRIN2D/GABRA3/KCNA1/CHRNB2/GABRE/P2RX6/GRIA2/GRIN2B/BEGAIN/TRPV1/CHRNA4/GRIK2/GRIN2C/INSYN2A,36
BP,GO:0051338,regulation of transferase activity,86/2310,463/18805,0.1857451403887689,1.5120940974072723,4.175147974430102,5.199216241405087e-5,0.0016541210190248036,0.0013595277222721738,AGT/GPRC5A/MAD2L1/TPX2/MAP3K12/PDGFRB/CDKN3/TSPYL2/PLK1/AGAP2/DSCC1/GADD45A/CENPE/EFNA1/PDGFA/PLAAT4/CHI3L1/CALM1/HMGA2/CD74/PRKCD/CDC25A/CCNE2/PCNA/RFC3/CIMAP3/TAOK3/NR2F2/CSF1R/MAPK8IP1/CLSPN/CCND1/PUM3/RGS2/EPHA4/RFC4/TRIB3/MST1/FBXO5/CDC6/HERC5/ERRFI1/BLM/ARRDC3/PDGFB/CDKN1A/RFC5/MAGEC2/UBE2C/TPD52L1/TRIB1/CEP85/KIF14/SRCIN1/CDC25C/HLA-DRB1/APOE/FGF1/PKMYT1/GPRC5B/PTK2B/MAPRE3/GHR/CARD14/CEACAM1/CORO1C/ECT2/PAQR3/ADRA2A/CDC20/IPO7/MT3/PTPRJ/PPP1R3F/RASSF2/FIRRM/IPO5/RBL1/CEMIP/SLC8A1/EEF1A2/IL1B/TLR6/PIH1D1/PRKCH/FGF18,86
BP,GO:0042327,positive regulation of phosphorylation,82/2310,437/18805,0.18764302059496568,1.5275441568347747,4.175644829226457,5.3559121929613534e-5,0.001695005264014559,0.0013931306230445181,CSPG4/ITGA5/SFRP2/CLIP3/PLAUR/PECAM1/TPX2/MAP3K12/EHD4/NOD2/PDGFRB/PLK1/AGAP2/CENPE/EFNA1/PDGFA/CHI3L1/CALM1/HMGA2/CD74/LIF/PIK3R3/PRKCD/XBP1/ENPP2/BMP2/CIMAP3/FAXDC2/TAOK3/CSF1R/CLSPN/CCND1/TF/IL11/IL6R/EPHA4/HES5/KITLG/PDGFB/LIMCH1/CDKN1A/EFNA5/FAS/NRP1/TGFA/THBS4/MMP9/TPD52L1/KIF14/SRCIN1/HLA-DRB1/FGF1/NIBAN1/GPER1/SPRY2/GPRC5B/PTK2B/MAPRE3/GHR/CARD14/ECT2/GRB10/ADRA2A/P2RY1/MT3/TNIK/PTPRJ/ITGA6/BMP6/RASSF2/NTRK2/FGFR3/PPARGC1B/CEMIP/TNFSF18/EEF1A2/SPHK1/IL1B/TLR6/PIH1D1/FGF18/KIT,82
BP,GO:0032465,regulation of cytokinesis,26/2310,95/18805,0.2736842105263158,2.2279790385053544,4.490253020284942,5.436019524747923e-5,0.0017024367397036073,0.0013992385783273846,AURKA/KIF20B/PLK1/CDCA8/CALM1/ARF6/MAP9/DRD2/PRC1/RACGAP1/KIF20A/CIT/E2F7/CDC6/AURKB/BRCA2/BIRC5/KIF23/KIF14/E2F8/ECT2/INCENP/CCP110/PKP4/SVIL/AHCTF1,26
BP,GO:0038084,vascular endothelial growth factor signaling pathway,26/2310,95/18805,0.2736842105263158,2.2279790385053544,4.490253020284942,5.436019524747923e-5,0.0017024367397036073,0.0013992385783273846,DLL1/PDGFRB/ADGRG1/MET/EPHB1/AXL/EMILIN1/CADM4/CSF1R/EPHB3/EPHA4/EPHA2/FGFR2/XDH/NRP1/PTP4A3/SPRY2/ADAMTS3/EPHA7/NTRK2/SEMA6A/FGFR3/RET/NRP2/EPHA10/KIT,26
BP,GO:0050803,regulation of synapse structure or activity,64/2310,321/18805,0.19937694704049844,1.6230664454963522,4.213508273399348,5.5842523891477277e-5,0.001739798425696647,0.0014299462758139395,ELMO1/LRRN3/GPM6A/LRRC4B/NLGN3/C1QL1/EFNA1/EPHB1/EFNB3/NRXN2/ARF6/CLSTN3/DRD2/NTN1/TUBB/ARHGAP22/AGRN/DCLK1/SHANK3/EPHB3/NGEF/EPHA4/LRP8/CARMIL3/SYBU/EFNA5/NTNG2/SEMA7A/SLITRK1/SLITRK3/PAK3/SRCIN1/CYFIP2/UBE3A/THBS2/SLC12A5/APOE/ITPKA/PTK2B/SEPTIN11/KCNK13/ROBO2/CDC20/CLN3/EPHA7/LHFPL4/CAMKV/SLITRK4/LRRTM2/CHRNB2/NTRK2/LRRC24/LRRN1/FCGR2B/ADGRB1/AGO2/COLQ/GRIN2B/SLC7A11/NRP2/FRMPD4/NRCAM/IL1RAP/FLRT1,64
BP,GO:0071459,"protein localization to chromosome, centromeric region",15/2310,41/18805,0.36585365853658536,2.978302185619259,4.745443404964116,5.771927103015115e-5,0.0017815023808684374,0.0014642228991881298,CDK1/CENPA/HASPIN/TTK/AURKB/MIS18A/H4C8/KNL1/ZWILCH/BUB1B/SPDL1/H4C9/H2AC8/H4C4/KNTC1,15
BP,GO:0050807,regulation of synapse organization,63/2310,315/18805,0.2,1.628138528138528,4.207239208325551,5.777365113410033e-5,0.0017815023808684374,0.0014642228991881298,ELMO1/LRRN3/GPM6A/LRRC4B/NLGN3/C1QL1/EFNA1/EPHB1/EFNB3/NRXN2/ARF6/CLSTN3/DRD2/NTN1/TUBB/ARHGAP22/AGRN/DCLK1/SHANK3/EPHB3/NGEF/EPHA4/LRP8/CARMIL3/EFNA5/NTNG2/SEMA7A/SLITRK1/SLITRK3/PAK3/SRCIN1/CYFIP2/UBE3A/THBS2/SLC12A5/APOE/ITPKA/PTK2B/SEPTIN11/KCNK13/ROBO2/CDC20/CLN3/EPHA7/LHFPL4/CAMKV/SLITRK4/LRRTM2/CHRNB2/NTRK2/LRRC24/LRRN1/FCGR2B/ADGRB1/AGO2/COLQ/GRIN2B/SLC7A11/NRP2/FRMPD4/NRCAM/IL1RAP/FLRT1,63
BP,GO:0044771,meiotic cell cycle phase transition,9/2310,17/18805,0.5294117647058824,4.309778456837281,5.109025390691873,6.02830756173156e-5,0.0018493986412597893,0.0015200270677942897,CCNB2/ZWINT/NDC80/CDC25A/TTK/CDC25C/KNL1/PKMYT1/CDC20,9
BP,GO:1901890,positive regulation of cell junction assembly,29/2310,112/18805,0.25892857142857145,2.1078579158936304,4.400565856428625,6.320030161355013e-5,0.0019290528609252635,0.0015854951433375251,AGT/LRRN3/LRRC4B/NLGN3/EPHB1/CLSTN3/AGRN/EPHB3/EPHA2/COL16A1/EFNA5/NRP1/SLITRK1/SLITRK3/THBS2/S100A10/PTPRJ/SLITRK4/LRRTM2/HOPX/NTRK2/CLDN1/LRRC24/LRRN1/ADGRB1/MYOC/CLDN5/IL1RAP/FLRT1,29
BP,GO:0090307,mitotic spindle assembly,22/2310,75/18805,0.29333333333333333,2.387936507936508,4.506986879312434,6.434685320704478e-5,0.0019541294360301024,0.0016061056661726488,UHRF1/TPX2/KIFC1/RCC1/PLK1/CDCA8/MZT1/MAP9/KIF4A/PRC1/NEK2/RACGAP1/MYBL2/AURKB/BIRC5/KIF15/KIF23/KIF11/KIF4B/CDC20/INCENP/CEP97,22
BP,GO:0048483,autonomic nervous system development,16/2310,46/18805,0.34782608695652173,2.831545266327875,4.654217577800426,6.71143014355559e-5,0.0020279311283014955,0.001666763529436313,ASCL1/SOX8/SOX4/ACKR3/GATA3/NRP1/SEMA3A/TFAP2B/EDNRB/TFAP2A/GBX2/RET/NRP2/GDNF/SOX10/KIF26A,16
BP,GO:0007173,epidermal growth factor receptor signaling pathway,37/2310,158/18805,0.23417721518987342,1.9063647323140993,4.281362567184351,7.145079946357534e-5,0.002148168285872393,0.0017655868604288746,AGT/PLAUR/GPRC5A/PDGFRB/EFEMP1/MET/EPHB1/MVB12B/AXL/BCAR3/CSF1R/HAP1/ITGA1/EPHB3/EPHA4/EPHA2/ERRFI1/FGFR2/TGFA/MMP9/CDH13/GPER1/HIP1R/SPRY2/PTK2B/CEACAM1/ADRA2A/EPHA7/REPS2/PTPRJ/NTRK2/FGFR3/RET/EPHA10/RHBDF2/EPGN/KIT,37
BP,GO:0099560,synaptic membrane adhesion,13/2310,33/18805,0.3939393939393939,3.2069395251213435,4.748397647556121,7.369441948683332e-5,0.002204599723255367,0.001811968051797237,ITGA3/LRRC4B/ELFN2/LRRC4/CADM4/PCDH17/EFNA5/NTNG2/SLITRK1/SLITRK3/ELFN1/NTNG1/IL1RAP,13
BP,GO:1901970,positive regulation of mitotic sister chromatid separation,10/2310,21/18805,0.47619047619047616,3.8765203050917334,4.935577808398432,7.466330955892443e-5,0.002222527130583231,0.0018267026491878592,SKA1/CDCA8/ESPL1/SKA3/AURKB/BIRC5/DLGAP5/UBE2C/CDC20/INCENP,10
BP,GO:0010975,regulation of neuron projection development,83/2310,448/18805,0.18526785714285715,1.5082086811997528,4.07413282411775,7.63806032010936e-5,0.002262446143094462,0.0018595122220852187,GFAP/ATP1B2/ITGA3/SFRP2/PTN/L1CAM/NOVA2/DRAXIN/RGMA/EFNA1/EFNB3/PRAG1/ARF6/SPP1/TNN/GATA3/PLXNB1/MAP6/NTN1/RND2/FGF13/SHANK3/EPHB3/RGS2/NGEF/ELAVL4/EPHA4/LRP8/PLXNB3/RTN4RL1/CDH4/NDRG4/SMAD1/EFNA5/NTNG2/STX1B/SERPINF1/NRP1/SEMA7A/CRMP1/ARHGAP4/SEMA3A/INPP5J/SLITRK1/SEMA6C/PAK3/SRCIN1/UBE3A/CNR1/PLK5/APOE/ITPKA/FSTL4/PTK2B/SCN1B/SKOR2/AVIL/ROBO2/PAQR3/CDH1/EPHA7/MT3/CRABP2/TNIK/INPP5F/MFSD2A/SLIT2/ITGA6/EPO/CHRNB2/NTRK2/SEMA6D/RET/ANKRD27/HECW2/NEU4/DGKG/SCARF1/NTNG1/NRCAM/KIF26A/TNR/SPOCK1,83
BP,GO:0036297,interstrand cross-link repair,15/2310,42/18805,0.35714285714285715,2.9073902288188003,4.630927806849881,7.96534092306626e-5,0.002347823282862619,0.0019296839852319962,NEIL3/RAD51/FANCD2/XRCC3/FANCI/RAD51AP1/MCM8/FANCA/RFWD3/HROB/DCLRE1B/FANCB/FAAP100/FANCM/FIRRM,15
BP,GO:0051298,centrosome duplication,22/2310,76/18805,0.2894736842105263,2.356516290726817,4.434344870020367,8.016992130062407e-5,0.0023515206672226952,0.0019327228780817972,CDK2/CCNF/WDR62/NDC80/XRCC3/PLK4/BRCA2/CEP72/CEP85/CCDC57/BRCA1/CEP152/POC1B/RTTN/CCP110/CPAP/PKHD1/NDE1/STIL/CEP44/CKAP5/GEN1,22
BP,GO:0001658,branching involved in ureteric bud morphogenesis,19/2310,61/18805,0.3114754098360656,2.535625576609183,4.495459276934588,8.172767579009706e-5,0.002385575313232299,0.0019607125080966055,AGT/NOG/MYC/SOX8/BMP2/HS3ST3A1/NPNT/SHH/LAMA5/SMO/PAX8/FGF1/CITED1/TMEM59L/TACSTD2/HOXB7/GDNF/WT1/PTCH1,19
BP,GO:0048754,branching morphogenesis of an epithelial tube,37/2310,159/18805,0.23270440251572327,1.8943750170165263,4.238189125770928,8.227140326027508e-5,0.0023898451584735943,0.001964221908502372,AGT/SFRP2/NOG/MYC/SOX8/MET/TIMELESS/BMP2/SPRY1/HS3ST3A1/NPNT/SHH/EPHA2/MYCN/FGFR2/NRP1/LAMA5/SMO/PAX8/FGF1/VDR/CITED1/SPRY2/GBX2/TMEM59L/TACSTD2/TNC/PKHD1/SLIT2/CSMD1/RBM15/HOXB7/NKX2-1/GDNF/WT1/PTCH1/IHH,37
BP,GO:0048251,elastic fiber assembly,7/2310,11/18805,0.6363636363636364,5.180440771349862,5.189956972054019,8.790756465233316e-5,0.002541289356992689,0.00208869441317158,MFAP4/FBLN5/THSD4/EMILIN1/COL3A1/MYH11/EFEMP2,7
BP,GO:0051347,positive regulation of transferase activity,54/2310,263/18805,0.20532319391634982,1.671473013678337,4.103770831612444,9.279852710449088e-5,0.002669844705642601,0.0021943544938583964,AGT/TPX2/MAP3K12/PDGFRB/PLK1/AGAP2/DSCC1/CENPE/EFNA1/PDGFA/PLAAT4/CHI3L1/CALM1/HMGA2/CD74/PRKCD/PCNA/RFC3/CIMAP3/TAOK3/CSF1R/CLSPN/CCND1/EPHA4/RFC4/TRIB3/ARRDC3/PDGFB/CDKN1A/RFC5/MAGEC2/UBE2C/TPD52L1/KIF14/SRCIN1/HLA-DRB1/APOE/FGF1/GPRC5B/PTK2B/MAPRE3/GHR/CARD14/ECT2/ADRA2A/CDC20/MT3/RASSF2/CEMIP/EEF1A2/IL1B/TLR6/PIH1D1/FGF18,54
BP,GO:0043410,positive regulation of MAPK cascade,85/2310,464/18805,0.18318965517241378,1.4912906777130914,4.009968485918688,9.441367131355159e-5,0.0027033781219446937,0.0022219157233941086,CSPG4/ADRA1B/P2RX7/MAP3K12/NOD2/PDGFRB/ACKR3/GADD45A/EFNA1/PDGFA/CHI3L1/CD74/LIF/IGFBP3/BCAR3/DRD2/GPR37L1/BMP2/GDF15/IQGAP3/NPNT/TAOK3/CSF1R/MAPK8IP1/IL11/ITGA1/IL6R/WWC1/ANKRD6/NDRG4/MAPK8IP2/MAP2K6/PDGFB/GCNT2/FGF21/FGFR2/RAMP3/XDH/NRP1/SEMA7A/ADRA1D/TGFA/SEMA3A/TPD52L1/HLA-DRB1/ABCA7/APOE/FGF1/GPER1/SPRY2/PTK2B/GHR/AKAP12/TGFB3/MTURN/TNFAIP8L3/TMEM106A/ADRA2A/P2RY1/MT3/PROK1/BMPER/TNIK/PTPRJ/EPO/RASSF2/NTRK2/F2RL1/DUSP15/FCGR2B/FGFR3/RET/SPHK1/IL1B/TLR6/MYOC/INAVA/FGF18/EDA2R/C5AR1/EPGN/LPAR2/ACTA2/SERPINF2/KIT,85
BP,GO:0001763,morphogenesis of a branching structure,45/2310,208/18805,0.21634615384615385,1.7612075424575426,4.131124238724611,9.79986133358377e-5,0.002792728255869157,0.0022953529040247345,AGT/SFRP2/NOG/MYC/SOX8/MET/ADM/PDGFA/TIMELESS/DRD2/BMP2/SPRY1/HS3ST3A1/NPNT/FGF13/SHH/EPHA2/MYCN/FGFR2/SOCS3/NRP1/LAMA5/SMO/PAX8/FGF1/VDR/CITED1/SPRY2/GBX2/TMEM59L/EPHA7/TACSTD2/TNC/PKHD1/SLIT2/CSMD1/NTN4/RBM15/HOXB7/NKX2-1/GDNF/SOX10/WT1/PTCH1/IHH,45
BP,GO:1901888,regulation of cell junction assembly,55/2310,270/18805,0.2037037037037037,1.6582892416225747,4.077155689576877,1.0012892761364188e-4,0.00282936578766767,0.002325465416702357,ELMO1/AGT/LRRN3/LRRC4B/NLGN3/EPHB1/EFNB3/NRXN2/ARF6/GPM6B/CLSTN3/NTN1/AGRN/DCLK1/EPHB3/EPHA2/CARMIL3/COL16A1/LIMCH1/EFNA5/NTNG2/NRP1/FAM107A/SLITRK1/SLITRK3/CYFIP2/THBS2/SLC12A5/PTK2B/SNAI1/CORO1C/ROBO2/S100A10/EPHA7/LHFPL4/PTPRJ/PHLDB2/SLITRK4/LRRTM2/HOPX/CHRNB2/NTRK2/CLDN1/LRRC24/F11R/LRRN1/ADGRB1/COLQ/IL1B/APOD/MYOC/PRKCH/CLDN5/IL1RAP/FLRT1,55
BP,GO:0050770,regulation of axonogenesis,34/2310,143/18805,0.23776223776223776,1.9355492991856629,4.202527415078595,1.0022533057928051e-4,0.00282936578766767,0.002325465416702357,L1CAM/DRAXIN/RGMA/EFNA1/EFNB3/SPP1/PLXNB1/MAP6/NTN1/RND2/FGF13/EPHB3/EPHA4/PLXNB3/CDH4/EFNA5/NRP1/SEMA7A/ARHGAP4/SEMA3A/SLITRK1/SEMA6C/PAK3/FSTL4/ROBO2/CDH1/EPHA7/MT3/CRABP2/SLIT2/NTRK2/SEMA6D/RET/TNR,34
BP,GO:0001656,metanephros development,25/2310,93/18805,0.26881720430107525,2.1883582367453336,4.299160925310343,1.0307867817654631e-4,0.0028963181863344532,0.0023804938221292913,ID3/MYC/SOX8/PDGFRB/CD34/PDGFA/KIF26B/LIF/SPRY1/CALB1/SHH/HES5/POU3F3/PDGFB/TFAP2B/SMO/PAX8/AQP1/CITED1/FOXJ1/ROBO2/RET/GDNF/WT1/PTCH1,25
BP,GO:0070372,regulation of ERK1 and ERK2 cascade,59/2310,296/18805,0.19932432432432431,1.6226380601380601,4.040591942468586,1.0766299847459229e-4,0.0030110586503615043,0.002474799401900665,MAP3K12/DUSP6/NOD2/PDGFRB/FAM83D/DUSP4/ACKR3/EPHB1/NDRG2/PDGFA/CHI3L1/CD74/EMILIN1/SPRY4/LIF/XBP1/DRD2/DUSP9/BMP2/SPRY1/NPNT/CSF1R/EPHA4/EPHA2/NDRG4/PDGFB/GCNT2/FGF21/FGFR2/RAMP3/NRP1/SEMA7A/FBLN1/HLA-DRB1/ABCA7/APOE/FGF1/GPER1/SPRY2/PTK2B/AKAP12/CEACAM1/MTURN/TNFAIP8L3/P2RY1/EPHA7/MT3/BMPER/PKHD1/EPO/SEMA6A/F2RL1/DUSP15/FGFR3/IL1B/FGF18/C5AR1/ACTA2/SERPINF2,59
BP,GO:0021953,central nervous system neuron differentiation,46/2310,215/18805,0.21395348837209302,1.7417295882412163,4.09336140175754,1.0902049260343883e-4,0.0030349084352985075,0.002494401621701488,ASCL1/BTG2/SFRP2/DCLK2/NOVA2/DRAXIN/EPHB1/LHX6/OLIG2/PRDM8/HPRT1/DRD2/ARX/TCTN1/FOXG1/DCLK1/CSF1R/SHANK3/EPHB3/SHH/ELAVL4/EPHA4/FAIM2/HES5/FGFR2/ARHGEF28/NRP1/SMO/NANOS1/B4GALT6/SCN1B/SKOR2/CEND1/GBX2/ROBO2/FBXO45/SLIT2/CHRNB2/NTRK2/OTP/NRP2/NKX2-1/OPHN1/GATA2/PTCH1/SPOCK1,46
BP,GO:0001764,neuron migration,42/2310,191/18805,0.2198952879581152,1.7900999524036174,4.1070861788254085,1.1241223514617344e-4,0.0031006182107061507,0.002548408710822232,ASCL1/CXCR4/ITGA3/KIF20B/ADGRG1/GPM6A/DCX/AXL/WDR62/GPR173/LHX6/TNN/GATA3/DRD2/COL3A1/ARX/VRK1/NTN1/FOXG1/NR2F2/DCLK1/FGF13/MATN2/DCDC2/NTNG2/NRP1/SEMA3A/DNER/FBXO45/CCK/NDE1/NTRK2/SEMA6A/NRP2/CCR4/NTNG1/NKX2-1/GATA2/NRCAM/KIF26A/ASPM/SPOCK1,42
BP,GO:0061138,morphogenesis of a branching epithelium,42/2310,191/18805,0.2198952879581152,1.7900999524036174,4.1070861788254085,1.1241223514617344e-4,0.0031006182107061507,0.002548408710822232,AGT/SFRP2/NOG/MYC/SOX8/MET/ADM/PDGFA/TIMELESS/BMP2/SPRY1/HS3ST3A1/NPNT/SHH/EPHA2/MYCN/FGFR2/SOCS3/NRP1/LAMA5/SMO/PAX8/FGF1/VDR/CITED1/SPRY2/GBX2/TMEM59L/TACSTD2/TNC/PKHD1/SLIT2/CSMD1/NTN4/RBM15/HOXB7/NKX2-1/GDNF/SOX10/WT1/PTCH1/IHH,42
BP,GO:0000212,meiotic spindle organization,10/2310,22/18805,0.45454545454545453,3.700314836678473,4.742400361280716,1.2183755938304167e-4,0.0033379722047398395,0.002743490770217782,AURKA/CCNB2/SKA1/ESPL1/NDC80/SKA3/MYH9/FBXO5/TUBG1/ASPM,10
BP,GO:0001894,tissue homeostasis,55/2310,272/18805,0.20220588235294118,1.6460959383753502,4.016645941403232,1.226828300760859e-4,0.0033379722047398395,0.002743490770217782,ATP1B2/PECAM1/P2RX7/SLC2A1/NOD2/SLC1A1/CD34/NDP/RPE65/SPP1/PERP/COL3A1/NT5E/CRB2/CSF1R/CXADR/TF/ADGRV1/LTBP3/ERRFI1/CRB1/GCNT2/ABCC8/SMO/SIGLEC15/NANOS1/FOSL2/PTK2B/TJP3/BARD1/ILDR2/POC1B/CYTL1/MFSD2A/RAC2/SCX/CLDN1/F11R/AKT3/ALPL/IFT80/PPARGC1B/SLC39A8/BBLN/NAGLU/CROCC/ABCC6/ESRRB/GATA2/INAVA/IL20RA/NXNL2/UBASH3B/CLDN5/IHH,55
BP,GO:0060249,anatomical structure homeostasis,55/2310,272/18805,0.20220588235294118,1.6460959383753502,4.016645941403232,1.226828300760859e-4,0.0033379722047398395,0.002743490770217782,ATP1B2/PECAM1/P2RX7/SLC2A1/NOD2/SLC1A1/CD34/NDP/RPE65/SPP1/PERP/COL3A1/NT5E/CRB2/CSF1R/CXADR/TF/ADGRV1/LTBP3/ERRFI1/CRB1/GCNT2/ABCC8/SMO/SIGLEC15/NANOS1/FOSL2/PTK2B/TJP3/BARD1/ILDR2/POC1B/CYTL1/MFSD2A/RAC2/SCX/CLDN1/F11R/AKT3/ALPL/IFT80/PPARGC1B/SLC39A8/BBLN/NAGLU/CROCC/ABCC6/ESRRB/GATA2/INAVA/IL20RA/NXNL2/UBASH3B/CLDN5/IHH,55
BP,GO:0061035,regulation of cartilage development,21/2310,73/18805,0.2876712328767123,2.3418430884184307,4.298590161208671,1.2743052981515512e-4,0.0034515305215249,0.002836824739128275,NOG/EFEMP1/WNT9A/WNT11/BMP2/FRZB/PKDCC/LTBP3/SMAD1/LOXL2/SOX6/PTHLH/CHADL/MAF/ZNF219/CCN4/SCX/BMP6/ADAMTS12/FGF18/IHH,21
BP,GO:0035924,cellular response to vascular endothelial growth factor stimulus,30/2310,122/18805,0.2459016393442623,2.001809665744092,4.154289684942021,1.3208508454851806e-4,0.0035395746300940036,0.0029091884930530073,DLL1/PDGFRB/ADGRG1/MET/EPHB1/AXL/EMILIN1/XBP1/CADM4/CSF1R/EPHB3/EPHA4/EPHA2/FGFR2/XDH/NRP1/PTP4A3/SPRY2/GAS1/ADAMTS3/EPHA7/NTRK2/SEMA6A/FGFR3/RET/ADAMTS12/NRP2/SPHK1/EPHA10/KIT,30
BP,GO:0007080,mitotic metaphase chromosome alignment,19/2310,63/18805,0.30158730158730157,2.455129526558098,4.329312271743552,1.3244707995528867e-4,0.0035395746300940036,0.0029091884930530073,CDK1/KIFC1/KIF2C/CCNB1/NUF2/CENPE/SKA1/CDCA8/NDC80/SKA3/CDCA5/CDT1/TTK/AURKB/BIRC5/KIF14/KIF18A/INCENP/SPDL1,19
BP,GO:0035791,platelet-derived growth factor receptor-beta signaling pathway,19/2310,63/18805,0.30158730158730157,2.455129526558098,4.329312271743552,1.3244707995528867e-4,0.0035395746300940036,0.0029091884930530073,PDGFRB/MET/EPHB1/PDGFA/AXL/CSF1R/PDGFRL/EPHB3/EPHA4/EPHA2/PDGFB/FGFR2/HIP1R/EPHA7/NTRK2/FGFR3/RET/EPHA10/KIT,19
BP,GO:0035249,"synaptic transmission, glutamatergic",28/2310,111/18805,0.25225225225225223,2.0535080535080534,4.1658457138118825,1.367641849777846e-4,0.0036387745321744196,0.0029907212318150845,ATP1A2/ABTB3/CCL2/NLGN3/CLSTN3/DRD2/CNIH3/GRIK3/GRIA1/CACNB4/SHANK3/CACNG7/MAPK8IP2/CNIH2/ABCC8/CACNG8/GRIK4/CNR1/GRIA3/PTK2B/GRIN2D/CLN3/GRIA2/GRIN2B/OPHN1/GRIK2/GRIN2C/TNR,28
BP,GO:0090596,sensory organ morphogenesis,57/2310,286/18805,0.1993006993006993,1.6224457360820996,3.969453312203036,1.400343778647477e-4,0.0037093687845847043,0.003048742889288154,ZIC1/NOG/DLL1/SOX8/SLC1A1/SOX4/EFEMP1/SAMD11/EPHB1/WNT9A/NDP/OTX1/HMX3/COL8A1/GATA3/BCAR3/CRB2/NTN1/FOXG1/FRZB/CALB1/HMX2/CHRNA9/EPHA2/CRB1/ZHX2/GSC/SHROOM2/FGFR2/ADAMTS9/PLS1/INSIG1/TFAP2B/PAX8/AQP1/FZD2/TFAP2A/TMIE/SPRY2/ROM1/ANKRD24/GBX2/DZANK1/CABP4/MFSD2A/FBN2/NTRK2/FOXF2/VAX2/TECTA/RING1/NAGLU/PPP2R3A/STRC/GATA2/FSCN2/IHH,57
BP,GO:0021872,forebrain generation of neurons,23/2310,84/18805,0.27380952380952384,2.228999175427747,4.224561765850484,1.4215030810995602e-4,0.00374890264326827,0.0030812359029374122,ASCL1/DCLK2/LHX6/HPRT1/DRD2/ARX/FOXG1/CSF1R/SHANK3/ELAVL4/HES5/FGFR2/DCT/NRP1/GBX2/ROBO2/SLIT2/OTP/NRP2/NKX2-1/OPHN1/GATA2/ASPM,23
BP,GO:1903034,regulation of response to wounding,40/2310,181/18805,0.22099447513812154,1.7990480973906386,4.042319893875833,1.4440855260923819e-4,0.0037918280648006515,0.003116516453690523,CXCR4/SERPINE1/PTN/PLAUR/ADAMTS18/EMILIN2/RGMA/PDGFA/CLDN4/EMILIN1/PROS1/MYLK/PLAU/SPP1/PRKCD/XBP1/CADM4/TAFA5/TNFRSF12A/EPHA4/RTN4RL1/PDGFB/F3/PLAT/TSPAN8/APOE/CEACAM1/SH2B3/ADRA2A/CCN4/INPP5F/PHLDB2/DUOX2/CLDN1/F2RL1/CD109/SCARF1/TNR/UBASH3B/SERPINF2,40
BP,GO:0006271,DNA strand elongation involved in DNA replication,8/2310,15/18805,0.5333333333333333,4.341702741702742,4.84512522060187,1.4789841235888864e-4,0.0038665789283217275,0.0031779544440502616,MCM3/MCM4/GINS1/PCNA/RFC3/POLD3/RFC4/DNA2,8
BP,GO:0001893,maternal placenta development,13/2310,35/18805,0.37142857142857144,3.0236858379715525,4.484354419174828,1.4973488556633275e-4,0.003897644445499389,0.0032034872988559227,PTN/NDP/LIF/SPP1/GJB2/TCF23/NR2F2/STC2/STC1/JUNB/VDR/TPPP3/EPOR,13
BP,GO:0048568,embryonic organ development,83/2310,457/18805,0.18161925601750548,1.4785065408697793,3.875311028230107,1.526530291674167e-4,0.003956477001653779,0.0032518419779538174,ID2/ID3/ZIC1/NOG/DLL1/IFT140/A2M/EFEMP1/PLCD3/ADM/EFNA1/PDGFA/OTX1/HMX3/LIF/WNT11/GATA3/HOXB8/VANGL2/CRB2/NTN1/HS6ST1/KRT8/CIMAP3/FOXG1/NR2F2/PLK4/DNAAF19/HEY2/ADA/FRZB/MDFI/HMX2/SHH/TEAD4/CCDC40/CHRNA9/EPHA2/PKDCC/E2F7/MYCN/KITLG/NDRG4/GSC/PDGFB/FGFR2/SOCS3/CDK20/PLS1/EN1/INSIG1/SOX15/SMO/PAX8/FZD2/TFAP2A/JUNB/TMIE/CITED1/SPRY2/E2F8/ANKRD24/SNAI1/GBX2/TGFB3/HOXB9/SH2B3/FBN2/FOXF2/VAX2/HOXD3/STIL/TECTA/NAGLU/HOXB7/GDNF/STRC/FOLR1/GATA2/MICAL2/PTCH1/IHH/KIT,83
BP,GO:0001667,ameboidal-type cell migration,50/2310,243/18805,0.205761316872428,1.6750396380026011,3.9634645582608616,1.5666885488640258e-4,0.0040431322936993076,0.0033230642588283716,ITGA3/SOX8/ITGB4/SEMA5B/HAS2/CCN3/AMOTL2/ARF6/ENPP2/CRB2/EFNB1/SHH/SEMA6B/TNS1/KITLG/NRP1/SEMA7A/LAMA5/ARHGAP4/SEMA3A/MMP9/ANLN/SMO/EDNRB/SEMA6C/AQP1/NANOS1/AKAP12/SNAI1/GBX2/CORO1C/ARID5B/MARVELD3/CLN3/TACSTD2/NRTN/RADIL/FBN2/SEMA6A/SEMA6D/AGO2/RET/NRP2/GDNF/FOLR1/SOX10/ACVR1C/ACTA2/PDLIM1/KIT,50
BP,GO:0044774,mitotic DNA integrity checkpoint signaling,21/2310,74/18805,0.28378378378378377,2.31019656019656,4.225973643229009,1.5756815817985793e-4,0.004048962970664469,0.00332785651216569,CDK1/ORC1/CDK2/PLK1/DTL/EME1/FANCD2/STK33/TICRR/TAOK3/CLSPN/CCND1/CDC6/BLM/RFWD3/CDKN1A/RPS27L/CHEK1/MAP3K20/BRCA1/MDC1,21
BP,GO:0048732,gland development,82/2310,451/18805,0.18181818181818182,1.480125934671389,3.862184567309555,1.6071674420531658e-4,0.004097605627960549,0.0033678360785446937,ASCL1/SLC7A5/AURKA/ID2/PTN/NOG/SULF2/LBH/CCNB2/TYMS/MET/PDGFA/TG/ARF6/RPS6KA1/CEBPG/WNT11/PERP/XBP1/GATA3/DRD2/NTN1/BMP2/PCNA/IQGAP3/CSF1R/ADA/CACNB4/CCND1/FRZB/HK2/EPHB3/SHH/SLC29A1/CCDC40/MSN/EPHA2/CDO1/E2F7/ERRFI1/BRCA2/FGFR2/XDH/SERPINF1/NRP1/LAMA5/TGFA/SMO/PAX8/UBE3A/FGF1/VDR/TFCP2L1/INHBB/E2F8/PCK2/CEACAM1/TGFB3/HOXB9/GATA6/ARID5B/CDH1/NPC1/TNC/STAT6/CLDN1/CSMD1/NTN4/HOXD3/OTP/ONECUT1/NAGLU/CRH/NKX2-1/GATA2/PCSK9/SOX10/WT1/IRF6/PTCH1/CADM1/IHH,82
BP,GO:0007613,memory,31/2310,129/18805,0.24031007751937986,1.9562904795462934,4.078474073832193,1.6174194508265398e-4,0.004097605627960549,0.0033678360785446937,FOS/ITGA5/ITGA3/PTN/SGK1/SLC1A1/MAP1A/ADCY1/LDLR/DRD2/FEN1/S100B/KCNK10/GRIA1/FGF13/SHANK3/CALB1/ITPR3/SERPINF1/ABCC8/CNR1/ABCA7/ROGDI/APOE/JPH3/PTCHD1/KCNK2/CHRNB2/CSMD1/ADGRF1/SCN2A,31
BP,GO:0000725,recombinational repair,42/2310,194/18805,0.21649484536082475,1.7624179943767573,3.9945153971321123,1.61747214863962e-4,0.004097605627960549,0.0033678360785446937,MCM3/UHRF1/MCM4/RMI2/CDC45/PLK1/RAD51/MCM6/MCM2/GINS4/TIMELESS/RAD54L/XRCC3/FEN1/RAD51AP1/MCM8/AUNIP/BLM/MCM5/RFWD3/BRCA2/RBBP8/XRCC2/HROB/GINS2/AP5S1/CHEK1/ACTL6A/BRCA1/FANCB/NABP1/POLL/MMS22L/AP5Z1/CDC7/RECQL5/POLQ/FANCM/PARPBP/RMI1/FIGNL1/GEN1,42
BP,GO:0000724,double-strand break repair via homologous recombination,41/2310,188/18805,0.21808510638297873,1.7753638205765865,3.998384534419797,1.628684092936257e-4,0.004097605627960549,0.0033678360785446937,MCM3/UHRF1/MCM4/RMI2/CDC45/PLK1/RAD51/MCM6/MCM2/GINS4/TIMELESS/RAD54L/XRCC3/FEN1/RAD51AP1/MCM8/AUNIP/BLM/MCM5/RFWD3/BRCA2/RBBP8/XRCC2/GINS2/AP5S1/CHEK1/ACTL6A/BRCA1/FANCB/NABP1/POLL/MMS22L/AP5Z1/CDC7/RECQL5/POLQ/FANCM/PARPBP/RMI1/FIGNL1/GEN1,41
BP,GO:0031345,negative regulation of cell projection organization,41/2310,188/18805,0.21808510638297873,1.7753638205765865,3.998384534419797,1.628684092936257e-4,0.004097605627960549,0.0033678360785446937,GFAP/ITGA3/DRAXIN/RGMA/EFNA1/EFNB3/PRAG1/ARF6/SPP1/PRKCD/NTN1/FGF13/NGEF/EPHA4/PLXNB3/RTN4RL1/STX1B/NRP1/CRMP1/ARHGAP4/SEMA3A/INPP5J/SEMA6C/UBE3A/APOE/SPRY2/FSTL4/PAQR3/CDH1/EPHA7/MT3/INPP5F/CCP110/TACSTD2/SLIT2/SEMA6D/GRIN2B/NEU4/TNR/SPOCK1/CEP97,41
BP,GO:0048863,stem cell differentiation,52/2310,256/18805,0.203125,1.6535781926406927,3.9401452895065856,1.6442325122244833e-4,0.004118956969533386,0.003385384819200372,SFRP2/PTN/NOG/LBH/SOX8/SEMA5B/A2M/GPM6A/HMGA2/LIF/EFNB1/FRZB/SOX21/SHH/LTBP3/SEMA6B/HES5/KITLG/GSC/SMAD1/SOX6/FGFR2/NRP1/SEMA7A/LAMA5/SEMA3A/SMO/EDNRB/SEMA6C/PUS7/ZFP36L2/GBX2/CORO1C/SHC4/GATA6/SH2B3/RBM24/NOLC1/TACSTD2/NRTN/RADIL/SEMA6A/SEMA6D/IFT80/RET/NRP2/ESRRB/GDNF/FOLR1/SOX10/SMAD9/KIT,52
BP,GO:0048146,positive regulation of fibroblast proliferation,17/2310,54/18805,0.3148148148148148,2.5628106461439795,4.303739491783358,1.6508708292990954e-4,0.004118956969533386,0.003385384819200372,AGT/MYC/CCNB1/PDGFA/CD74/LIF/E2F1/MYB/CCNA2/CDC6/PDGFB/CDKN1A/FBLN1/AQP1/FOSL2/SPHK1/IL13,17
BP,GO:0045005,DNA-templated DNA replication maintenance of fidelity,18/2310,59/18805,0.3050847457627119,2.4836011446180937,4.271140033803783,1.6776482281131625e-4,0.004168470576712581,0.0034260802222667672,RAD51/EME1/EXO1/TIMELESS/PCNA/MCM8/BLM/RFWD3/BRCA2/RBBP8/BRCA1/POLD1/MMS22L/BARD1/DNA2/POLQ/FANCM/GEN1,18
BP,GO:1902751,positive regulation of cell cycle G2/M phase transition,12/2310,31/18805,0.3870967741935484,3.15123586091328,4.485856951450016,1.6976608457285606e-4,0.0041919617618411086,0.0034453877076586702,CDK1/CCNB1/DTL/RRM1/CDC25A/HSPA2/CCND1/FBXO5/CDC25C/ATAD5/CDC7/DYRK3,12
BP,GO:0032970,regulation of actin filament-based process,73/2310,392/18805,0.18622448979591838,1.5159963335983746,3.8635125201300946,1.7081873243824e-4,0.0041919617618411086,0.0034453877076586702,ATP1A2/PDGFRB/CDC42EP3/MET/PDGFA/ARF6/RGS4/MYADM/GPM6B/PRKCD/MYH9/ARHGEF10L/RND2/CSF1R/FGF13/CIT/ACTN2/SHANK3/PDE4D/NGEF/SPTB/CARMIL3/LIMCH1/EFNA5/TMOD4/NRP1/ARHGAP18/FAM107A/TMOD1/STC1/PAK3/SIGLEC15/CYFIP2/HIP1R/PTGER4/SCN5A/CFL2/PTK2B/CYRIA/RND3/ELN/AVIL/CSRP3/TGFB3/KCNJ2/KANK4/MYH7B/S100A10/ECT2/SSH3/DSG2/TACSTD2/PHLDB2/RHPN1/ADD2/SYNPO2L/RAC2/SLIT2/LMOD1/ARAP3/F2RL1/F11R/SVIL/MTSS1/KANK3/CARMIL1/MYOC/KIRREL1/PICK1/PDE4B/ACTA2/SERPINF2/IQGAP2,73
BP,GO:0099565,"chemical synaptic transmission, postsynaptic",29/2310,118/18805,0.2457627118644068,2.000678699831242,4.080569862682693,1.7134957752960254e-4,0.0041919617618411086,0.0034453877076586702,P2RX7/NLGN3/MET/RGS4/DRD2/GRIA1/TMEM25/ABAT/SHANK3/SLC29A1/CHRNA9/TMEM108/MAPK8IP2/GLRA2/STX1B/INSYN1/PTK2B/CHRNA5/GRIN2D/KCNK2/CHRNB2/P2RX6/GRIN2B/BEGAIN/TRPV1/CHRNA4/GRIK2/GRIN2C/INSYN2A,29
BP,GO:0060348,bone development,46/2310,219/18805,0.2100456621004566,1.7099171756706004,3.9545013292437536,1.7149885139080537e-4,0.0041919617618411086,0.0034453877076586702,SFRP4/SULF2/ECM1/HAS2/PDGFA/NPPC/CSGALNACT1/TNN/PLXNB1/COL3A1/BMP2/SPNS2/COL1A1/LTBP3/MAP2K6/SMAD1/FGFR2/INSIG1/CHSY1/CHAD/DHRS3/STC1/TFAP2A/SIGLEC15/PTGER4/FOSL2/GHR/TGFB3/BGN/CCN4/XYLT1/RANBP3L/RAB23/TTC9/SCX/BMP6/NSD2/ALPL/IFT80/FGFR3/BBLN/ADAMTS12/HSD17B1/MYOC/FGF18/IHH,46
BP,GO:0048013,ephrin receptor signaling pathway,23/2310,85/18805,0.27058823529411763,2.202775655716832,4.159068959777304,1.7251770915201488e-4,0.004199793462069092,0.003451824608858768,PDGFRB/MET/EFNA1/EPHB1/EFNB3/AXL/EFNB1/CSF1R/EPHB3/NGEF/EPHA4/EPHA2/FGFR2/ARHGEF28/EFNA5/MMP9/PAK3/EPHA7/NTRK2/FGFR3/RET/EPHA10/KIT,23
BP,GO:0003158,endothelium development,34/2310,147/18805,0.23129251700680273,1.8828812910445565,4.021456618791656,1.7735239945960003e-4,0.004300080556252319,0.003534250914528107,CXCR4/PECAM1/DLL1/ATOH8/MET/CD34/AMOTL2/NDP/MYADM/SLC40A1/TMEM100/NR2F2/HEY2/PDE4D/MSN/XDH/NRP1/EDNRB/STC1/FZD2/FGF1/S1PR3/TJP3/CEACAM1/BMP6/CLDN1/F2RL1/F11R/MAGI1/CXCL10/NAGLU/ADAMTS12/IL1B/CLDN5,34
BP,GO:0006865,amino acid transport,37/2310,165/18805,0.22424242424242424,1.82548865276138,3.985520773791507,1.845306712930584e-4,0.004456156331265703,0.003662530127756961,GFAP/SLC7A5/TTYH2/P2RX7/SLC25A18/ATP1A2/SLC1A1/RGS4/SLC43A2/SLC38A11/SLC1A5/SLC38A3/SLC6A9/TTYH1/ABAT/CACNB4/RGS2/KCNJ10/SLC25A15/PIANP/SLC16A10/ABCC8/SLC38A7/SLC16A2/SLC38A1/CLN3/SLC7A1/SLC7A7/SLC7A2/KCNK2/NTRK2/SLC7A11/LRRC8B/TRPV1/PRAF2/SLC6A15/LRRC8C,37
BP,GO:0042770,signal transduction in response to DNA damage,38/2310,171/18805,0.2222222222222222,1.809042809042809,3.9771453488582735,1.8531546032462287e-4,0.004457207451727829,0.0036633940472593873,CDK1/PMAIP1/NDRG1/CDK2/SOX4/PLK1/RAD51/DTL/GADD45A/EME1/HIC1/CD74/FANCD2/STK33/TICRR/WDR76/E2F1/TAOK3/CLSPN/CCND1/BLM/RFWD3/MAP2K6/BRCA2/CDKN1A/RPS27L/CHEK1/MAP3K20/ATAD5/BRCA1/BARD1/SNAI1/FBXO6/PAXIP1/DYRK3/MUC1/MDC1/BRIP1,38
BP,GO:0046058,cAMP metabolic process,10/2310,23/18805,0.43478260869565216,3.539431582909844,4.560206064148284,1.9189522002019925e-4,0.004597075529806606,0.003778352098950872,ADCY1/ADCY3/CACNB4/ADCY5/PDE4D/EPHA2/PTHLH/ADCY7/ADCY2/PDE4B,10
BP,GO:0021879,forebrain neuron differentiation,21/2310,75/18805,0.28,2.2793939393939397,4.1545212373533955,1.938208878915082e-4,0.004624781741633488,0.003801123929200631,ASCL1/DCLK2/LHX6/HPRT1/DRD2/ARX/FOXG1/CSF1R/SHANK3/ELAVL4/HES5/FGFR2/NRP1/GBX2/ROBO2/SLIT2/OTP/NRP2/NKX2-1/OPHN1/GATA2,21
BP,GO:0001934,positive regulation of protein phosphorylation,76/2310,414/18805,0.18357487922705315,1.4944266683397118,3.8067498322982414,2.0204045572152162e-4,0.00480185478361071,0.003946660867953168,CSPG4/ITGA5/SFRP2/CLIP3/PLAUR/PECAM1/TPX2/MAP3K12/EHD4/NOD2/PDGFRB/PLK1/AGAP2/CENPE/EFNA1/PDGFA/CHI3L1/CALM1/HMGA2/CD74/LIF/PIK3R3/PRKCD/XBP1/ENPP2/BMP2/FAXDC2/TAOK3/CSF1R/CLSPN/CCND1/IL11/IL6R/EPHA4/HES5/KITLG/PDGFB/LIMCH1/CDKN1A/EFNA5/FAS/NRP1/TGFA/THBS4/MMP9/TPD52L1/KIF14/SRCIN1/HLA-DRB1/FGF1/NIBAN1/GPER1/SPRY2/GPRC5B/PTK2B/MAPRE3/GHR/CARD14/ECT2/ADRA2A/P2RY1/MT3/TNIK/PTPRJ/BMP6/RASSF2/NTRK2/FGFR3/CEMIP/TNFSF18/SPHK1/IL1B/TLR6/PIH1D1/FGF18/KIT,76
BP,GO:0070507,regulation of microtubule cytoskeleton organization,37/2310,166/18805,0.22289156626506024,1.8144917331664319,3.9444310771135043,2.0983205585437009e-4,0.004967402172646958,0.004082724833138282,APC2/PHLDB1/CLIP3/TPX2/RCC1/PLK1/MET/MAP1A/SKA1/DIAPH3/MAP9/MAP6/SKA3/FGF13/SPAG5/BORA/AURKB/EFNA5/HAUS6/INPP5J/FAM107A/GPSM2/PDE4DIP/TACC3/HAUS8/KIF18A/MAPRE3/STMN3/TPPP/PHLDB2/CPAP/STIL/BBOF1/PRKAA2/CKAP2/CKAP5/CEP97,37
BP,GO:0048012,hepatocyte growth factor receptor signaling pathway,18/2310,60/18805,0.3,2.442207792207792,4.187122739409708,2.124418528010493e-4,0.0050094621995792525,0.004117294113110119,PDGFRB/MET/EPHB1/AXL/CSF1R/EPHB3/EPHA4/EPHA2/FGFR2/NRP1/MUC20/EPHA7/NTRK2/FGFR3/RET/ADAMTS12/EPHA10/KIT,18
BP,GO:0036293,response to decreased oxygen levels,63/2310,330/18805,0.19090909090909092,1.5541322314049586,3.8004332540298615,2.2954349815189663e-4,0.005391582243700603,0.00443135988414126,CXCR4/FOS/NOS2/PMAIP1/NDRG1/HSP90B1/MYC/SLC2A1/SLC1A1/SOX4/AK4/ADM/NPPC/NDP/LIF/PLAU/DRD2/KCNMA1/DPP4/BMP2/CRYAB/ABAT/ADA/HK2/SUV39H2/SLC29A1/MYB/CA9/CCNA2/EPHA4/ERO1A/ANGPTL4/LOXL2/FGFR2/PLAT/AQP1/STC2/KCNJ11/STC1/HIF3A/POSTN/KCNK3/FOSL2/SUV39H1/PTK2B/MB/TGFB3/GATA6/MT3/MAP1LC3A/EGLN3/ARNT2/KCNK2/EPO/CHRNB2/BRIP1/BBC3/CHRNA4/SCN2A/PICK1/PDLIM1/MSTN/FMN2,63
BP,GO:0015695,organic cation transport,29/2310,120/18805,0.24166666666666667,1.967334054834055,3.9780982087130634,2.3368993040948414e-4,0.005467616932109837,0.004493853054566979,SLC7A5/SLC1A1/RGS4/SLC43A2/SLC1A5/SLC38A3/SLC29A3/SLC6A9/SLC35F3/RGS2/SLC25A15/SLC16A10/SLC44A5/SLC47A2/FLVCR2/SLC44A1/ADRA2A/SLC22A16/SLC38A1/P2RY1/CLN3/SLC7A1/SLC7A7/SLC18A1/SLC7A2/SLC16A9/CRH/ATP13A3/SLC6A15,29
BP,GO:0072210,metanephric nephron development,14/2310,41/18805,0.34146341463414637,2.7797487065779753,4.26916414666961,2.369754422820655e-4,0.005522997420318062,0.004539370467214596,SOX8/PDGFRB/CD34/KIF26B/LIF/HES5/PDGFB/TFAP2B/SMO/PAX8/AQP1/RET/GDNF/WT1,14
BP,GO:0007596,blood coagulation,49/2310,241/18805,0.2033195020746888,1.6551615742487111,3.830682083559673,2.439444506756727e-4,0.00566346711163251,0.0046548229868818665,SERPINE1/PLAUR/ADAMTS18/EMILIN2/PRRG4/PDGFA/AXL/EMILIN1/PROS1/PLAU/PRKCD/COL3A1/MYH9/ENTPD1/SHH/ITPR3/IL6R/HGFAC/PDGFB/ANGPTL4/ADAMTS13/F3/METAP1/PLAT/PROCR/FBLN1/TSPAN8/APOE/PRRG3/TFPI2/DGKB/CEACAM1/SH2B3/ADRA2A/ENTPD2/P2RY1/CLIC1/PTPRJ/PRRG2/F2RL1/F11R/VAV3/SVEP1/SLC7A11/DGKG/LMAN1/ANGPTL1/UBASH3B/SERPINF2,49
BP,GO:0071214,cellular response to abiotic stimulus,65/2310,344/18805,0.18895348837209303,1.5382122722239002,3.7701632661718154,2.488600953777845e-4,0.005733317063243748,0.004712232900982852,ASCL1/BMF/SFRP2/MFAP4/PBK/MYC/SLC2A1/ATP1A2/RAD51/GADD45A/RGR/MYLK/POLH/PRKCD/WNT11/GATA3/CDC25A/ATP1A1/PCNA/GPR88/CRYAB/BAG3/OPN3/POLD3/RAD51AP1/COL1A1/TMEM150C/BLM/CRB1/AURKB/BRCA2/CDKN1A/NLK/FAS/MMP9/MMP1/AQP1/CHEK1/MAP3K20/CASP1/BRCA1/KCNK3/PTGER4/TMEM109/POLD1/BARD1/KCNJ2/ECT2/CLN3/CERS1/HVCN1/SCX/BMP6/EPO/F11R/TP53INP1/FIGNL1/TRPV1/IL1B/MME/BBC3/IL13/SCN2A/LRRC8C/OPN1SW,65
BP,GO:0104004,cellular response to environmental stimulus,65/2310,344/18805,0.18895348837209303,1.5382122722239002,3.7701632661718154,2.488600953777845e-4,0.005733317063243748,0.004712232900982852,ASCL1/BMF/SFRP2/MFAP4/PBK/MYC/SLC2A1/ATP1A2/RAD51/GADD45A/RGR/MYLK/POLH/PRKCD/WNT11/GATA3/CDC25A/ATP1A1/PCNA/GPR88/CRYAB/BAG3/OPN3/POLD3/RAD51AP1/COL1A1/TMEM150C/BLM/CRB1/AURKB/BRCA2/CDKN1A/NLK/FAS/MMP9/MMP1/AQP1/CHEK1/MAP3K20/CASP1/BRCA1/KCNK3/PTGER4/TMEM109/POLD1/BARD1/KCNJ2/ECT2/CLN3/CERS1/HVCN1/SCX/BMP6/EPO/F11R/TP53INP1/FIGNL1/TRPV1/IL1B/MME/BBC3/IL13/SCN2A/LRRC8C/OPN1SW,65
BP,GO:0051965,positive regulation of synapse assembly,19/2310,66/18805,0.2878787878787879,2.3435327298963666,4.091682853957002,2.600887323187173e-4,0.00596913567722308,0.004906053026261059,LRRN3/LRRC4B/NLGN3/EPHB1/CLSTN3/AGRN/EPHB3/EFNA5/SLITRK1/SLITRK3/THBS2/SLITRK4/LRRTM2/NTRK2/LRRC24/LRRN1/ADGRB1/IL1RAP/FLRT1,19
BP,GO:0007599,hemostasis,50/2310,248/18805,0.20161290322580644,1.6412686775590002,3.8042314827332238,2.61851221237e-4,0.005983644435346495,0.004917977824179505,SERPINE1/PLAUR/ADAMTS18/EMILIN2/PRRG4/PDGFA/AXL/EMILIN1/PROS1/PLAU/PRKCD/COL3A1/MYH9/ENTPD1/SHH/ITPR3/IL6R/HGFAC/PDGFB/ANGPTL4/ADAMTS13/F3/METAP1/PLAT/PROCR/FBLN1/TSPAN8/APOE/PRRG3/TFPI2/DGKB/CEACAM1/NFE2/SH2B3/ADRA2A/ENTPD2/P2RY1/CLIC1/PTPRJ/PRRG2/F2RL1/F11R/VAV3/SVEP1/SLC7A11/DGKG/LMAN1/ANGPTL1/UBASH3B/SERPINF2,50
BP,GO:0051299,centrosome separation,8/2310,16/18805,0.5,4.07034632034632,4.597804213732107,2.6395090175172856e-4,0.005983644435346495,0.004917977824179505,AURKA/MAP9/NEK2/KIF15/CHEK1/CEP85/KIF11/NDE1,8
BP,GO:1902412,regulation of mitotic cytokinesis,8/2310,16/18805,0.5,4.07034632034632,4.597804213732107,2.6395090175172856e-4,0.005983644435346495,0.004917977824179505,KIF20B/CDCA8/ARF6/MAP9/AURKB/BIRC5/ECT2/INCENP,8
BP,GO:0048167,regulation of synaptic plasticity,46/2310,223/18805,0.2062780269058296,1.6792460155688855,3.818460078408026,2.64701383635817e-4,0.005983644435346495,0.004917977824179505,GFAP/PTN/NOG/SLC1A1/MAP1A/ADCY1/SHISA9/DRD2/S100B/GRIA1/SHANK3/CALB1/ITPR3/EPHA4/STX3/KCNJ10/FAM107A/UBE3A/APOE/ITPKA/GRIA3/SYP/PTK2B/JPH3/GRIN2D/SORCS2/CDC20/SLC38A1/CLN3/GRID2IP/LRRTM2/NTRK2/ADGRB1/GRIN2B/CHRDL1/CRH/MME/PRKCG/MCTP1/GRIK2/PICK1/CYP46A1/GRIN2C/TNR/VGF/KIT,46
BP,GO:0038127,ERBB signaling pathway,39/2310,180/18805,0.21666666666666667,1.763816738816739,3.8532947847632624,2.672860925365838e-4,0.00600447566756176,0.004935099085175533,AGT/PLAUR/GPRC5A/PDGFRB/EFEMP1/MET/EPHB1/MVB12B/AXL/BCAR3/CSF1R/HAP1/ITGA1/EPHB3/EPHA4/EPHA2/ERRFI1/FGFR2/TGFA/MMP9/CDH13/GPER1/HIP1R/SPRY2/PTK2B/CEACAM1/ADRA2A/EPHA7/REPS2/PTPRJ/NTRK2/FGFR3/RET/EPHA10/RHBDF2/MYOC/EPGN/CADM1/KIT,39
BP,GO:0070482,response to oxygen levels,67/2310,358/18805,0.1871508379888268,1.5235374495151033,3.7426683419857754,2.676200696668138e-4,0.00600447566756176,0.004935099085175533,CXCR4/FOS/SLC7A5/NOS2/PMAIP1/NDRG1/HSP90B1/MYC/SLC2A1/SLC1A1/SOX4/AK4/ADM/NPPC/NDP/LIF/PLAU/DRD2/KCNMA1/DPP4/BMP2/CRYAB/ABAT/ADA/HK2/SUV39H2/SLC29A1/MYB/COL1A1/CA9/CCNA2/EPHA4/ERO1A/ANGPTL4/CDKN1A/LOXL2/FGFR2/FAS/PLAT/AQP1/STC2/KCNJ11/STC1/HIF3A/POSTN/KCNK3/FOSL2/SUV39H1/PTK2B/MB/TGFB3/GATA6/MT3/MAP1LC3A/EGLN3/ARNT2/KCNK2/EPO/CHRNB2/BRIP1/BBC3/CHRNA4/SCN2A/PICK1/PDLIM1/MSTN/FMN2,67
BP,GO:0043269,regulation of monoatomic ion transport,84/2310,472/18805,0.17796610169491525,1.4487673343605547,3.6951359259775143,2.781823389297002e-4,0.006218254289904413,0.005110804465955555,ATP1B2/CXCR4/AGT/P2RX7/ATP1A2/PDGFRB/CCL2/MCHR1/KCNC1/MAOB/KCNF1/PLP1/CALM1/KCNN4/MYLK/RGS4/DRD2/ATP1A1/EFHB/SLC6A9/KCNS3/GRIA1/FGF13/HAP1/KCNG1/ACTN2/CACNB4/TF/PDE4D/KCNJ10/KCNIP2/PDGFB/NKAIN4/MMP9/KCNIP3/ABCC8/SCN4B/STC2/KCNJ11/CHRM1/STC1/KCNAB1/BEST3/CNR1/NKAIN3/GPER1/FXYD5/ANK3/SCN5A/PTK2B/SCN1B/GSTM2/JPH3/CLIC2/GRIN2D/KCNJ2/SLN/ADRA2A/P2RY1/ATP2B1/GAL/ATP8B1/KCNJ9/FXYD7/EPO/GABRE/CASQ1/GRIN2B/GPR35/CXCL10/CEMIP/SLC8A1/GJC2/CRH/IL13/NOS1AP/PCSK9/JPH1/KCNJ16/CASQ2/GRIN2C/UBASH3B/PDE4B/FXYD2,84
BP,GO:0021955,central nervous system neuron axonogenesis,13/2310,37/18805,0.35135135135135137,2.8602433602433606,4.238542859143388,2.851422122761112e-4,0.006350222675615765,0.005219269733475017,DRAXIN/EPHB1/PRDM8/TCTN1/DCLK1/EPHB3/EPHA4/ARHGEF28/B4GALT6/SCN1B/FBXO45/SLIT2/CHRNB2,13
BP,GO:0010562,positive regulation of phosphorus metabolic process,87/2310,493/18805,0.17647058823529413,1.4365928189457604,3.67609824254237,2.913263351262177e-4,0.006440239901154217,0.005293255198984489,CSPG4/ITGA5/SFRP2/CLIP3/PLAUR/PECAM1/P2RX7/TPX2/MAP3K12/EHD4/NOD2/PDGFRB/PLK1/AGAP2/CENPE/EFNA1/PDGFA/CHI3L1/CALM1/HMGA2/CD74/LIF/PIK3R3/PRKCD/XBP1/ENPP2/BMP2/CIMAP3/FAXDC2/TAOK3/CSF1R/CLSPN/CCND1/TF/IL11/IL6R/EPHA4/HES5/KITLG/PDGFB/LIMCH1/CDKN1A/EFNA5/FAS/NRP1/ACSL3/TGFA/THBS4/MMP9/TPD52L1/KIF14/SRCIN1/HLA-DRB1/FGF1/NIBAN1/GPER1/SPRY2/GPRC5B/PTK2B/MAPRE3/GHR/CARD14/ECT2/GRB10/ADRA2A/P2RY1/MT3/TNIK/PTPRJ/ITGA6/BMP6/RASSF2/NTRK2/NDUFC2/FGFR3/PPARGC1B/CEMIP/TNFSF18/PRKAA2/EEF1A2/SPHK1/IL1B/TLR6/PIH1D1/FGF18/ZBTB20/KIT,87
BP,GO:0045937,positive regulation of phosphate metabolic process,87/2310,493/18805,0.17647058823529413,1.4365928189457604,3.67609824254237,2.913263351262177e-4,0.006440239901154217,0.005293255198984489,CSPG4/ITGA5/SFRP2/CLIP3/PLAUR/PECAM1/P2RX7/TPX2/MAP3K12/EHD4/NOD2/PDGFRB/PLK1/AGAP2/CENPE/EFNA1/PDGFA/CHI3L1/CALM1/HMGA2/CD74/LIF/PIK3R3/PRKCD/XBP1/ENPP2/BMP2/CIMAP3/FAXDC2/TAOK3/CSF1R/CLSPN/CCND1/TF/IL11/IL6R/EPHA4/HES5/KITLG/PDGFB/LIMCH1/CDKN1A/EFNA5/FAS/NRP1/ACSL3/TGFA/THBS4/MMP9/TPD52L1/KIF14/SRCIN1/HLA-DRB1/FGF1/NIBAN1/GPER1/SPRY2/GPRC5B/PTK2B/MAPRE3/GHR/CARD14/ECT2/GRB10/ADRA2A/P2RY1/MT3/TNIK/PTPRJ/ITGA6/BMP6/RASSF2/NTRK2/NDUFC2/FGFR3/PPARGC1B/CEMIP/TNFSF18/PRKAA2/EEF1A2/SPHK1/IL1B/TLR6/PIH1D1/FGF18/ZBTB20/KIT,87
BP,GO:0032528,microvillus organization,10/2310,24/18805,0.4166666666666667,3.391955266955267,4.387875223846828,2.928957157086904e-4,0.006444229283441313,0.005296534085929077,CDHR2/PLS1/FXYD5/STK26/KLF5/GLDN/TNIK/ATP8B1/PODXL/MYO1A,10
BP,GO:0000076,DNA replication checkpoint signaling,9/2310,20/18805,0.45,3.6633116883116883,4.459501809141721,2.947219446110695e-4,0.006444229283441313,0.005296534085929077,ORC1/CDC45/TIMELESS/TICRR/CDT1/CLSPN/CDC6/DNA2/MDC1,9
BP,GO:0051447,negative regulation of meiotic cell cycle,9/2310,20/18805,0.45,3.6633116883116883,4.459501809141721,2.947219446110695e-4,0.006444229283441313,0.005296534085929077,ZWINT/TRIP13/NPPC/LIF/TTK/FBXO5/KNL1/PKMYT1/FBXO43,9
BP,GO:0010232,vascular transport,23/2310,88/18805,0.26136363636363635,2.127681031090122,3.9679340232520612,3.007556423940113e-4,0.0065286775368779415,0.0053659423942233825,ATP1B2/SLC7A5/SLC2A1/ATP1A2/SLC1A1/SLC1A5/ABCC3/SLC38A3/SLC6A9/SLC29A1/SLC15A2/APOE/SLC16A2/FLVCR2/SLC44A1/SLC38A1/SLC2A10/SLC7A1/MFSD2A/SLC7A2/SLC16A7/SLC5A3/SLC13A3,23
BP,GO:0150104,transport across blood-brain barrier,23/2310,88/18805,0.26136363636363635,2.127681031090122,3.9679340232520612,3.007556423940113e-4,0.0065286775368779415,0.0053659423942233825,ATP1B2/SLC7A5/SLC2A1/ATP1A2/SLC1A1/SLC1A5/ABCC3/SLC38A3/SLC6A9/SLC29A1/SLC15A2/APOE/SLC16A2/FLVCR2/SLC44A1/SLC38A1/SLC2A10/SLC7A1/MFSD2A/SLC7A2/SLC16A7/SLC5A3/SLC13A3,23
BP,GO:0046942,carboxylic acid transport,67/2310,360/18805,0.18611111111111112,1.5150733525733526,3.6926313630434833,3.148159158426017e-4,0.006809309719286202,0.005596594944646024,GFAP/SLC7A5/NOS2/TTYH2/SLCO4A1/P2RX7/SLC2A1/SLC25A18/ATP1A2/SLC1A1/PMP2/RGS4/SLC43A2/SLC16A6/SLC38A11/SLC1A5/DRD2/ABCC3/SLC38A3/AKR1C1/SLC6A9/SLC26A11/ERFE/TTYH1/ABAT/CACNB4/RGS2/KCNJ10/SLC25A15/PIANP/MAP2K6/SLC16A10/ACSL3/ABCC8/SLC38A7/SLC43A3/APOE/ABCB4/SLC16A2/CEACAM1/SLC38A1/CLN3/SLC27A6/CRABP2/SLC7A1/MFSD2A/ATP8B1/SLC7A7/SLC7A2/KCNK2/NTRK2/AKR1C4/SLC16A7/SLC5A12/SLC16A9/SLC7A11/ABCC6/LRRC8B/TRPV1/PRAF2/IL1B/FOLR1/SLC13A3/CPT1B/ABCC11/SLC6A15/LRRC8C,67
BP,GO:2000027,regulation of animal organ morphogenesis,22/2310,83/18805,0.26506024096385544,2.1577739529546758,3.955866726836584,3.255476562010327e-4,0.007016193751744838,0.005766633638422368,AGT/SFRP2/NOG/SOX8/APCDD1/CD34/PDGFA/GATA3/BMP2/SPRY1/SHH/SMO/PAX8/FGF1/ROBO2/TACSTD2/PKHD1/NTN4/HOXB7/GDNF/WT1/PAX9,22
BP,GO:0000910,cytokinesis,41/2310,194/18805,0.211340206185567,1.7204556611773105,3.774663311660548,3.286213493653376e-4,0.007057143477620625,0.005800290358158872,AURKA/KIF20B/CENPA/PLK1/CDCA8/ESPL1/CALM1/ARF6/MAP9/KIF4A/DRD2/PRC1/RACGAP1/IQGAP3/MYH9/KIF20A/CIT/SEPTIN6/E2F7/CEP55/CDC6/ANXA11/AURKB/BRCA2/BIRC5/KIF23/ANLN/KIF14/ANK3/KIF4B/SEPTIN11/E2F8/ECT2/INCENP/CCP110/PKP4/SVIL/CKAP2/AHCTF1/IQGAP2/FMN2,41
BP,GO:0061041,regulation of wound healing,32/2310,140/18805,0.22857142857142856,1.860729746444032,3.8253553482341336,3.394202842015435e-4,0.007182669186548158,0.005903460367597154,CXCR4/SERPINE1/PLAUR/ADAMTS18/EMILIN2/PDGFA/CLDN4/EMILIN1/PROS1/MYLK/PLAU/PRKCD/XBP1/CADM4/TAFA5/TNFRSF12A/PDGFB/F3/PLAT/TSPAN8/APOE/CEACAM1/SH2B3/ADRA2A/CCN4/PHLDB2/DUOX2/CLDN1/F2RL1/CD109/UBASH3B/SERPINF2,32
BP,GO:0015849,organic acid transport,67/2310,361/18805,0.18559556786703602,1.5108764734803517,3.6677261251928046,3.4112984818911326e-4,0.007182669186548158,0.005903460367597154,GFAP/SLC7A5/NOS2/TTYH2/SLCO4A1/P2RX7/SLC2A1/SLC25A18/ATP1A2/SLC1A1/PMP2/RGS4/SLC43A2/SLC16A6/SLC38A11/SLC1A5/DRD2/ABCC3/SLC38A3/AKR1C1/SLC6A9/SLC26A11/ERFE/TTYH1/ABAT/CACNB4/RGS2/KCNJ10/SLC25A15/PIANP/MAP2K6/SLC16A10/ACSL3/ABCC8/SLC38A7/SLC43A3/APOE/ABCB4/SLC16A2/CEACAM1/SLC38A1/CLN3/SLC27A6/CRABP2/SLC7A1/MFSD2A/ATP8B1/SLC7A7/SLC7A2/KCNK2/NTRK2/AKR1C4/SLC16A7/SLC5A12/SLC16A9/SLC7A11/ABCC6/LRRC8B/TRPV1/PRAF2/IL1B/FOLR1/SLC13A3/CPT1B/ABCC11/SLC6A15/LRRC8C,67
BP,GO:0036215,response to stem cell factor,16/2310,52/18805,0.3076923076923077,2.504828504828505,4.066382759585202,3.4163369156041466e-4,0.007182669186548158,0.005903460367597154,PDGFRB/MET/EPHB1/AXL/CSF1R/EPHB3/EPHA4/EPHA2/FGFR2/SH2B3/EPHA7/NTRK2/FGFR3/RET/EPHA10/KIT,16
BP,GO:0036216,cellular response to stem cell factor stimulus,16/2310,52/18805,0.3076923076923077,2.504828504828505,4.066382759585202,3.4163369156041466e-4,0.007182669186548158,0.005903460367597154,PDGFRB/MET/EPHB1/AXL/CSF1R/EPHB3/EPHA4/EPHA2/FGFR2/SH2B3/EPHA7/NTRK2/FGFR3/RET/EPHA10/KIT,16
BP,GO:0038109,Kit signaling pathway,16/2310,52/18805,0.3076923076923077,2.504828504828505,4.066382759585202,3.4163369156041466e-4,0.007182669186548158,0.005903460367597154,PDGFRB/MET/EPHB1/AXL/CSF1R/EPHB3/EPHA4/EPHA2/FGFR2/SH2B3/EPHA7/NTRK2/FGFR3/RET/EPHA10/KIT,16
BP,GO:0089718,amino acid import across plasma membrane,16/2310,52/18805,0.3076923076923077,2.504828504828505,4.066382759585202,3.4163369156041466e-4,0.007182669186548158,0.005903460367597154,GFAP/SLC7A5/ATP1A2/SLC1A1/RGS4/SLC43A2/SLC1A5/SLC38A3/SLC6A9/RGS2/KCNJ10/SLC16A2/SLC38A1/SLC7A1/SLC7A2/SLC7A11,16
BP,GO:0019226,transmission of nerve impulse,21/2310,78/18805,0.2692307692307692,2.191724941724942,3.9467914271304996,3.5020662545523913e-4,0.007337255884537815,0.006030515703327884,ATP1A2/GRIA1/GPR88/CACNB4/CACNG7/SCN4B/CACNG8/GPER1/ANK3/SCN1B/KCNMB2/SCN1A/KCNK2/KCNMB4/KCNA1/NTRK2/GPR35/NRCAM/GRIK2/SCN2A/TNR,21
BP,GO:0006813,potassium ion transport,49/2310,245/18805,0.2,1.628138528138528,3.7034325561681998,3.6437491690688206e-4,0.007596920097317845,0.00624393460780717,ATP1B2/CDK2/ATP1A2/KCNC1/KCNF1/KCNN4/RGS4/DRD2/KCNMA1/KCNK10/ATP1A1/KCNS3/KCNG1/ACTN2/KCNJ10/KCNIP2/TMCO3/KCND3/KCNC4/KCNIP3/ABCC8/AQP1/KCNJ11/KCNAB1/SLC12A5/KCNK3/KCNH3/FXYD5/ANK3/PTK2B/SLC9A9/KCNK13/KCNJ2/ATP1B4/ADRA2A/KCNH8/GAL/KCNMB2/TMEM175/KCNJ9/FXYD7/KCNK2/KCNMB4/KCNA1/NOS1AP/KCNJ16/CASQ2/KCNK6/FXYD2,49
BP,GO:1903490,positive regulation of mitotic cytokinesis,7/2310,13/18805,0.5384615384615384,4.383449883449884,4.566672566487256,3.6512720906782927e-4,0.007596920097317845,0.00624393460780717,KIF20B/CDCA8/ARF6/AURKB/BIRC5/ECT2/INCENP,7
BP,GO:0001666,response to hypoxia,60/2310,316/18805,0.189873417721519,1.5457011343087295,3.6609739435742426,3.6993456125469375e-4,0.007670401782153357,0.006304329455864926,CXCR4/FOS/NOS2/PMAIP1/NDRG1/HSP90B1/MYC/SLC2A1/SOX4/AK4/ADM/NPPC/NDP/LIF/PLAU/DRD2/KCNMA1/DPP4/BMP2/CRYAB/ABAT/ADA/HK2/SUV39H2/SLC29A1/MYB/CA9/CCNA2/EPHA4/ERO1A/ANGPTL4/LOXL2/FGFR2/PLAT/AQP1/STC2/KCNJ11/STC1/HIF3A/POSTN/KCNK3/FOSL2/SUV39H1/PTK2B/MB/TGFB3/GATA6/MT3/EGLN3/ARNT2/KCNK2/EPO/CHRNB2/BRIP1/BBC3/CHRNA4/SCN2A/PDLIM1/MSTN/FMN2,60
BP,GO:0007015,actin filament organization,82/2310,463/18805,0.1771058315334773,1.4417641393883294,3.6017416741988946,3.8207426181316516e-4,0.007894888440833548,0.0064888358083299335,ELMO1/ARHGAP25/TPM4/HSP90B1/GDPD2/TPM3/CDC42EP3/MET/DIAPH3/ARF6/RGS4/MYADM/PRKCD/XIRP1/IQGAP3/ARHGEF10L/RND2/ACTN2/SHANK3/TF/TAGLN3/ACTN1/SPTB/RHOJ/CARMIL3/SHROOM2/LIMCH1/TMOD4/NRP1/PLS1/ARHGAP18/FAM107A/TMOD1/PAK3/CYFIP2/HIP1R/PTGER4/CFL2/PTK2B/CYRIA/RND3/SORBS1/ELN/AVIL/CORO1C/TGFB3/KANK4/S100A10/LCP1/SSH3/TACSTD2/LIMD2/PHLDB2/RHPN1/ADD2/SYNPO2L/RAC2/SLIT2/LMOD1/GAS2L3/F2RL1/F11R/MYO1F/PPARGC1B/SVIL/TLE6/MTSS1/SHROOM4/KANK3/CARMIL1/MICAL2/MYO1A/MYOC/SHROOM3/KIRREL1/PICK1/CORO7/PDLIM1/FSCN2/SERPINF2/IQGAP2/FMN2,82
BP,GO:0045926,negative regulation of growth,47/2310,233/18805,0.2017167381974249,1.6421139661483009,3.690759024256139,3.8896700057710113e-4,0.008009789638596264,0.0065832734957083265,SFRP2/NOG/DRAXIN/TSPYL2/RGMA/CCN3/PRDM11/RGS4/SPP1/NTN1/GDF15/SLIT3/FGF13/CRYAB/FRZB/CDHR2/RGS2/GNG4/WWC1/ING4/ENPP1/CDKN1A/MT1X/NRP1/ARHGAP4/SEMA3A/SEMA6C/STC2/BRCA1/FSTL4/CDH1/WWC3/EPHA7/MT3/PTPRJ/SLIT2/KCNK2/MIR17HG/SEMA6D/CRLF3/FGFR3/BBC3/WT1/DNAJB2/PTCH1/TNR/MSTN,47
BP,GO:0050817,coagulation,49/2310,246/18805,0.1991869918699187,1.621520078837152,3.671980637312728,4.0180989601977204e-4,0.008246016739818736,0.006777429358048606,SERPINE1/PLAUR/ADAMTS18/EMILIN2/PRRG4/PDGFA/AXL/EMILIN1/PROS1/PLAU/PRKCD/COL3A1/MYH9/ENTPD1/SHH/ITPR3/IL6R/HGFAC/PDGFB/ANGPTL4/ADAMTS13/F3/METAP1/PLAT/PROCR/FBLN1/TSPAN8/APOE/PRRG3/TFPI2/DGKB/CEACAM1/SH2B3/ADRA2A/ENTPD2/P2RY1/CLIC1/PTPRJ/PRRG2/F2RL1/F11R/VAV3/SVEP1/SLC7A11/DGKG/LMAN1/ANGPTL1/UBASH3B/SERPINF2,49
BP,GO:0007099,centriole replication,14/2310,43/18805,0.32558139534883723,2.6504580690627204,4.054656880144578,4.156187428763872e-4,0.00850039286025754,0.006986501961348506,CDK2/WDR62/PLK4/CEP72/CEP85/CCDC57/BRCA1/CEP152/POC1B/RTTN/CCP110/CPAP/STIL/CEP44,14
BP,GO:0043549,regulation of kinase activity,72/2310,397/18805,0.181360201511335,1.4763976577578592,3.59018244817067,4.2171107233158415e-4,0.008595758230270562,0.007064883085091123,AGT/GPRC5A/TPX2/MAP3K12/PDGFRB/CDKN3/TSPYL2/PLK1/AGAP2/GADD45A/CENPE/EFNA1/PDGFA/CHI3L1/CALM1/HMGA2/CD74/PRKCD/CDC25A/CCNE2/CIMAP3/TAOK3/NR2F2/CSF1R/MAPK8IP1/CLSPN/CCND1/RGS2/EPHA4/TRIB3/MST1/CDC6/HERC5/ERRFI1/BLM/PDGFB/CDKN1A/TPD52L1/TRIB1/CEP85/KIF14/SRCIN1/CDC25C/HLA-DRB1/APOE/FGF1/PKMYT1/GPRC5B/PTK2B/MAPRE3/GHR/CARD14/CEACAM1/CORO1C/ECT2/PAQR3/ADRA2A/IPO7/MT3/PTPRJ/RASSF2/FIRRM/IPO5/RBL1/CEMIP/SLC8A1/EEF1A2/IL1B/TLR6/PIH1D1/PRKCH/FGF18,72
BP,GO:0007626,locomotory behavior,44/2310,215/18805,0.20465116279069767,1.666002214839424,3.6754469592793892,4.2507276802432824e-4,0.008602661866691891,0.007070557207474757,ID2/ZIC1/ATP1A2/SLC1A1/C1QL1/EFNB3/HPRT1/DRD2/DPP4/HOXB8/GRIA1/GPR88/ABAT/CACNB4/ADCY5/CALB1/SELENOP/PPP1R1B/ELAVL4/EPHA4/KCNJ10/GAD1/ARRDC3/TMBIM4/EN1/HEXA/TMOD1/UBE3A/ROGDI/APOE/CEND1/BORCS7/GRIN2D/LSAMP/NPC1/INPP5F/SCN1A/CHRNB2/NAGLU/CRH/NKX2-1/GDNF/RASD2/TNR,44
BP,GO:0031032,actomyosin structure organization,44/2310,215/18805,0.20465116279069767,1.666002214839424,3.6754469592793892,4.2507276802432824e-4,0.008602661866691891,0.007070557207474757,PGM5/PDGFRB/MET/RACGAP1/IQGAP3/KRT8/MYH9/ARHGEF10L/ACTN2/MYBPC2/LIMCH1/TMOD4/NRP1/FHOD3/ANLN/TMOD1/MYH11/PTGER4/CFL2/PTK2B/SORBS1/ELN/KLHL41/CSRP3/TGFB3/S100A10/ECT2/MYOZ2/TACSTD2/PHLDB2/RHPN1/MYH3/SYNPO2L/MYPN/LMOD1/F11R/CASQ1/TNNT3/EPB41L2/CARMIL1/MYOC/PDLIM1/SERPINF2/IQGAP2,44
BP,GO:0006023,aminoglycan biosynthetic process,17/2310,58/18805,0.29310344827586204,2.3860650843409466,3.9562769149627677,4.2777247599216293e-4,0.008602661866691891,0.007070557207474757,HAS2/CSGALNACT1/HS3ST1/HS3ST3A1/PDGFB/GCNT2/B3GAT1/HEXA/CHSY1/CHST7/B3GNT7/B3GAT2/XYLT1/CYTL1/B3GNT2/CEMIP/IL1B,17
BP,GO:0038063,collagen-activated tyrosine kinase receptor signaling pathway,17/2310,58/18805,0.29310344827586204,2.3860650843409466,3.9562769149627677,4.2777247599216293e-4,0.008602661866691891,0.007070557207474757,PDGFRB/MET/EPHB1/AXL/CSF1R/EPHB3/COL1A1/EPHA4/EPHA2/FGFR2/EPHA7/NTRK2/FGFR3/RET/EPHA10/UBASH3B/KIT,17
BP,GO:0071526,semaphorin-plexin signaling pathway,15/2310,48/18805,0.3125,2.54396645021645,4.008037163838795,4.310659833743413e-4,0.00861523024010157,0.007080887196561287,SEMA5B/MET/PLXNB1/PLXNA2/SEMA6B/PLXNB3/NRP1/SEMA7A/SEMA3A/SEMA6C/NCAM1/SEMA6A/SEMA6D/NRP2/GDNF,15
BP,GO:0021987,cerebral cortex development,30/2310,130/18805,0.23076923076923078,1.8786213786213788,3.761820670522191,4.312629805871566e-4,0.00861523024010157,0.007080887196561287,ASCL1/FOS/SLC2A1/ADGRG1/WDR62/LHX6/COL3A1/ARX/FOXG1/GRIA1/FGF13/LRP8/POU3F3/NOTCH2NLA/SMO/KIF14/TACC3/NOTCH2NLC/FBXO45/ARHGAP11B/SLIT2/TACC1/NDE1/KCNA1/NTRK2/CCDC141/NKX2-1/KIF26A/ASPM/HTR6,30
BP,GO:0045931,positive regulation of mitotic cell cycle,31/2310,136/18805,0.22794117647058823,1.8555990578049402,3.7474355745422296,4.384102339527137e-4,0.008700200451345437,0.007150724503762343,RRM2/AURKA/CDK1/CCNB1/DTL/SKA1/ESPL1/RRM1/CDC25A/SKA3/CCNE2/CDCA5/HSPA2/CCND1/FBXO5/CDC6/BRCA2/BIRC5/DLGAP5/UBE2C/DYNLT3/CDC25C/CCDC57/CDC7/CDC20/CPAP/MBLAC1/STIL/ASNS/SPHK1/EIF4EBP1,31
BP,GO:0051384,response to glucocorticoid,31/2310,136/18805,0.22794117647058823,1.8555990578049402,3.7474355745422296,4.384102339527137e-4,0.008700200451345437,0.007150724503762343,FOS/FOSL1/SDC1/A2M/TYMS/MAOB/ACSBG1/ADM/PCNA/GJB2/SLIT3/CDO1/CDKN1A/SERPINF1/FAM107A/AQP1/STC1/FOSL2/GHR/PCK2/ZFP36L2/SSTR2/SLIT2/BMP6/EPO/CLDN1/ALPL/CRH/MT-ND3/PAPPA/MSTN,31
BP,GO:0031109,microtubule polymerization or depolymerization,32/2310,142/18805,0.22535211267605634,1.8345222852265106,3.735479299493087,4.4316509775724916e-4,0.008715696003788683,0.007163460351306882,APC2/CLIP3/TPX2/KIF18B/KIF2C/MET/MAP1A/SKA1/MZT1/DIAPH3/NCKAP5/SKA3/FGF13/CRYAB/FBXO5/AURKB/HAUS6/INPP5J/PDE4DIP/CCDC57/HAUS8/KIF18A/TPPP3/MAPRE3/STMN3/TUBG1/TPPP/CPAP/NDE1/BBOF1/CKAP2/CKAP5,32
BP,GO:0035641,locomotory exploration behavior,8/2310,17/18805,0.47058823529411764,3.8309141838553606,4.369843067383846,4.44988969426763e-4,0.008715696003788683,0.007163460351306882,ATP1A2/DPP4/GAD1/UBE3A/APOE/LSAMP/CRH/TNR,8
BP,GO:0051382,kinetochore assembly,8/2310,17/18805,0.47058823529411764,3.8309141838553606,4.369843067383846,4.44988969426763e-4,0.008715696003788683,0.007163460351306882,CENPA/CENPE/CENPH/CENPK/DLGAP5/CENPW/CENPF/KNTC1,8
BP,GO:0051782,negative regulation of cell division,8/2310,17/18805,0.47058823529411764,3.8309141838553606,4.369843067383846,4.44988969426763e-4,0.008715696003788683,0.007163460351306882,TXNIP/MYC/E2F7/BLM/AURKB/E2F8/ASPM/PTCH1,8
BP,GO:0031099,regeneration,42/2310,203/18805,0.20689655172413793,1.684281236005374,3.668240330135786,4.476938580401876e-4,0.008740205092193663,0.00718360445488271,GFAP/SLC7A5/AURKA/CDK1/PTN/SULF2/TYMS/RGMA/CCN3/ADM/NNMT/AXL/SPP1/XIRP1/PCNA/CCND1/CCNA2/ELAVL4/EPHA4/LGR6/RTN4RL1/MATN2/CDKN1A/SOX15/CSPG5/POSTN/FZD9/KLF5/LCP1/INPP5F/OMG/TNC/HOPX/CLDN1/NINJ2/SCARF1/FOLR1/APOD/PTCH1/TNR/IHH/MSTN,42
BP,GO:0009128,purine nucleoside monophosphate catabolic process,6/2310,10/18805,0.6,4.884415584415584,4.597899497727949,4.610123779946637e-4,0.00880021405994258,0.00723292603069322,PNP/HPRT1/NT5E/ADA/AMPD3/XDH,6
BP,GO:0009169,purine ribonucleoside monophosphate catabolic process,6/2310,10/18805,0.6,4.884415584415584,4.597899497727949,4.610123779946637e-4,0.00880021405994258,0.00723292603069322,PNP/HPRT1/NT5E/ADA/AMPD3/XDH,6
BP,GO:0019227,neuronal action potential propagation,6/2310,10/18805,0.6,4.884415584415584,4.597899497727949,4.610123779946637e-4,0.00880021405994258,0.00723292603069322,ATP1A2/CACNB4/SCN1B/SCN1A/NTRK2/NRCAM,6
BP,GO:0045607,regulation of inner ear auditory receptor cell differentiation,6/2310,10/18805,0.6,4.884415584415584,4.597899497727949,4.610123779946637e-4,0.00880021405994258,0.00723292603069322,DLL1/MYCL/HEY2/MYCN/HES5/ESRP1,6
BP,GO:0045631,regulation of mechanoreceptor differentiation,6/2310,10/18805,0.6,4.884415584415584,4.597899497727949,4.610123779946637e-4,0.00880021405994258,0.00723292603069322,DLL1/MYCL/HEY2/MYCN/HES5/ESRP1,6
BP,GO:0045835,negative regulation of meiotic nuclear division,6/2310,10/18805,0.6,4.884415584415584,4.597899497727949,4.610123779946637e-4,0.00880021405994258,0.00723292603069322,ZWINT/TRIP13/LIF/FBXO5/KNL1/FBXO43,6
BP,GO:2000980,regulation of inner ear receptor cell differentiation,6/2310,10/18805,0.6,4.884415584415584,4.597899497727949,4.610123779946637e-4,0.00880021405994258,0.00723292603069322,DLL1/MYCL/HEY2/MYCN/HES5/ESRP1,6
BP,GO:0019722,calcium-mediated signaling,47/2310,235/18805,0.2,1.628138528138528,3.626088196027582,4.7458810042024494e-4,0.009030690657680168,0.0074223555345537965,CXCR4/P2RX7/NCALD/ATP1A2/PDGFRB/ACKR3/CALM1/PTGDR2/MCTP2/TRPM8/EFHB/TMEM100/FHL2/GRIK3/GRIA1/ADA/ITPR3/RAMP3/MCU/TMBIM4/CDH13/EDNRB/KCNJ11/PCP4/CA8/GRIA3/PDK2/GSTM2/CLIC2/GRIN2D/MYH7B/MYOZ2/NFAM1/ACKR2/PTPRJ/CASQ1/GRIN2B/CMKLR1/SLC8A1/TRPV1/SPHK1/CCR4/MCTP1/DYRK2/GRIK2/CASQ2/POMC,47
BP,GO:0098742,cell-cell adhesion via plasma-membrane adhesion molecules,54/2310,280/18805,0.19285714285714287,1.5699907235621522,3.5960245361431893,4.8058106260493247e-4,0.009115879903607125,0.007492372867109937,ITGA5/ITGA3/PECAM1/L1CAM/LRRC4B/ELFN2/CLDN4/CDH15/MYADM/LRRC4/CLSTN3/PCDH19/CRB2/TRO/BMP2/CADM4/CXADR/CDHR2/PLXNB3/PCDH17/CDH4/CRB1/PCDHB14/EFNA5/NTNG2/CDH13/SLITRK1/SLITRK3/FXYD5/ELFN1/PCDHGA1/PCDHB10/CEACAM1/ROBO2/CLDN11/CDH22/PCDH18/CDH1/DSG2/NEXN/MYPN/CLDN1/PCDH9/PCDHB16/RET/PCDHGA3/SCARF1/NTNG1/PCDHGA2/PCDHGB1/CADM1/CLDN5/HMCN2/IL1RAP,54
BP,GO:0030193,regulation of blood coagulation,19/2310,69/18805,0.2753623188405797,2.2416400025095675,3.8666668382622014,4.840916468440997e-4,0.009124899913710256,0.007499786444260181,SERPINE1/PLAUR/ADAMTS18/EMILIN2/PDGFA/EMILIN1/PROS1/PLAU/PRKCD/PDGFB/F3/PLAT/TSPAN8/APOE/CEACAM1/SH2B3/F2RL1/UBASH3B/SERPINF2,19
BP,GO:0030199,collagen fibril organization,19/2310,69/18805,0.2753623188405797,2.2416400025095675,3.8666668382622014,4.840916468440997e-4,0.009124899913710256,0.007499786444260181,SFRP2/EMILIN1/COLGALT1/COL3A1/COL1A1/FMOD/COL1A2/ERO1A/LOXL2/AEBP1/CHADL/LOXL3/LUM/ADAMTS3/EFEMP2/SCX/TLL1/ADAMTS12/SERPINF2,19
BP,GO:0043279,response to alkaloid,25/2310,102/18805,0.24509803921568626,1.9952678040913332,3.7717192257151835,4.8737113217128076e-4,0.009158008180455972,0.0075269982419215896,SLC1A1/RAD51/RGS4/DRD2/GRIA1/ABAT/PPP1R1B/CCNA2/ELAVL4/BLM/EN1/CHEK1/UBE3A/CNR1/PTK2B/FKBP5/GSTM2/ADRA2A/RECQL5/CHRNB2/SLC8A1/TRPV1/CRH/PRKCG/CASQ2,25
BP,GO:1902904,negative regulation of supramolecular fiber organization,36/2310,167/18805,0.2155688622754491,1.754879850688234,3.666834986464149,4.984554341636631e-4,0.009337110671732417,0.007674203191993436,APC2/CLIP3/TPX2/MET/DIAPH3/EMILIN1/MYADM/PRKCD/LDLR/FGF13/CRYAB/SHANK3/SPTB/TMOD4/INPP5J/CHADL/TMOD1/APOE/HIP1R/AVIL/KANK4/SSH3/TACSTD2/PHLDB2/RHPN1/ADD2/SLIT2/LMOD1/F11R/BBOF1/SVIL/KANK3/CKAP2/CARMIL1/MYOC/PICK1,36
BP,GO:0008306,associative learning,23/2310,91/18805,0.25274725274725274,2.057537700394843,3.78432296661749,5.061588186387987e-4,0.00945196576545061,0.0077686029862999665,FOS/BTG2/NOG/ATP1A2/SLC1A1/MAP1A/ADCY3/DRD2/GRIA1/PPP1R1B/ELAVL4/PIANP/NDRG4/B3GAT1/ABCC8/ABCA7/CLN3/CHRNB2/CSMD1/SLC7A11/CRH/TNR/KIT,23
BP,GO:0018108,peptidyl-tyrosine phosphorylation,41/2310,198/18805,0.20707070707070707,1.6856989811535268,3.6298014663314087,5.10650868376841e-4,0.009484181120871779,0.0077950808970901645,CSPG4/ITGA5/SFRP2/GPRC5A/PECAM1/EHD4/NOD2/PDGFRB/TTBK1/EFEMP1/EFNA1/PDGFA/LIF/PRKCD/ENPP2/CADM4/CSF1R/IL11/IL6R/EPHA4/PKDCC/HES5/ERRFI1/KITLG/PDGFB/FGFR2/EFNA5/NRP1/TGFA/THBS4/SRCIN1/GPRC5B/PTK2B/SOCS1/EPHA7/INPP5F/PTPRJ/BMP6/FGFR3/TNFSF18/KIT,41
BP,GO:0048010,vascular endothelial growth factor receptor signaling pathway,26/2310,108/18805,0.24074074074074073,1.959796376463043,3.743345999022354,5.110385303779239e-4,0.009484181120871779,0.0077950808970901645,ITGA5/DLL1/PDGFRB/MET/EPHB1/AXL/EMILIN1/XBP1/CADM4/CSF1R/EPHB3/EPHA4/EPHA2/FGFR2/NRP1/PTK2B/GRB10/EPHA7/MT3/NTRK2/FGFR3/RET/IL1B/EPHA10/FGF18/KIT,26
BP,GO:0019228,neuronal action potential,13/2310,39/18805,0.3333333333333333,2.7135642135642133,4.008683629006921,5.132938900013022e-4,0.009496726647931785,0.007805392108683769,GRIA1/GPR88/SCN4B/GPER1/ANK3/KCNMB2/SCN1A/KCNK2/KCNMB4/KCNA1/GPR35/GRIK2/SCN2A,13
BP,GO:0061005,cell differentiation involved in kidney development,17/2310,59/18805,0.288135593220339,2.345623303250422,3.8739155613226743,5.330136689463169e-4,0.009831322672927006,0.008080397725873288,CD34/LIF/GATA3/SHH/POU3F3/PDGFB/MMP9/SMO/EDNRB/PAX8/FOXJ1/MTSS1/GDNF/PODXL/WT1/PTCH1/ACTA2,17
BP,GO:0030501,positive regulation of bone mineralization,14/2310,44/18805,0.3181818181818182,2.590220385674931,3.951942475185892,5.41389372246706e-4,0.009955273074371386,0.008182272984703956,PTN/P2RX7/GPM6B/BMP2/PKDCC/ADGRV1/TENT5A/TFAP2A/VDR/FZD9/ATP2B1/FBN2/BMP6/SLC8A1,14
BP,GO:0050771,negative regulation of axonogenesis,16/2310,54/18805,0.2962962962962963,2.412057078723745,3.888587417388087,5.475089700821139e-4,0.010006600112777358,0.008224458853097184,DRAXIN/RGMA/EFNB3/SPP1/NTN1/FGF13/NRP1/ARHGAP4/SEMA3A/SEMA6C/FSTL4/CDH1/EPHA7/MT3/SEMA6D/TNR,16
BP,GO:0050819,negative regulation of coagulation,16/2310,54/18805,0.2962962962962963,2.412057078723745,3.888587417388087,5.475089700821139e-4,0.010006600112777358,0.008224458853097184,SERPINE1/PLAUR/ADAMTS18/PDGFA/PROS1/PLAU/PRKCD/PDGFB/PLAT/PROCR/TSPAN8/APOE/CEACAM1/SH2B3/UBASH3B/SERPINF2,16
BP,GO:0036323,vascular endothelial growth factor receptor-1 signaling pathway,15/2310,49/18805,0.30612244897959184,2.492048767558972,3.9135050404553815,5.514921681232579e-4,0.010048855778561062,0.008259188929310034,PDGFRB/MET/EPHB1/AXL/CSF1R/EPHB3/EPHA4/EPHA2/FGFR2/EPHA7/NTRK2/FGFR3/RET/EPHA10/KIT,15
BP,GO:0010810,regulation of cell-substrate adhesion,45/2310,224/18805,0.20089285714285715,1.6354070037105752,3.5801103756497366,5.600464084571103e-4,0.01017389442311965,0.008361958618877827,SERPINE1/ITGA5/ITGA3/HAS2/EMILIN1/MYADM/SPRY4/GPM6B/PLAU/COL8A1/NPNT/COL1A1/PDGFB/GCNT2/COL16A1/LIMCH1/EFNA5/NRP1/CDH13/FAM107A/FBLN1/CSPG5/POSTN/PTK2B/NID1/CORO1C/CCL25/S100A10/FUT1/HACD1/FBLN2/PTPRJ/TACSTD2/PHLDB2/PKHD1/RAC2/COL26A1/EFEMP2/ITGA6/RIN2/ONECUT1/CARMIL1/APOD/MYOC/SPOCK1,45
BP,GO:0018212,peptidyl-tyrosine modification,41/2310,199/18805,0.20603015075376885,1.6772281320020015,3.594098469380819,5.682885236322225e-4,0.010292526784941428,0.008459462962756134,CSPG4/ITGA5/SFRP2/GPRC5A/PECAM1/EHD4/NOD2/PDGFRB/TTBK1/EFEMP1/EFNA1/PDGFA/LIF/PRKCD/ENPP2/CADM4/CSF1R/IL11/IL6R/EPHA4/PKDCC/HES5/ERRFI1/KITLG/PDGFB/FGFR2/EFNA5/NRP1/TGFA/THBS4/SRCIN1/GPRC5B/PTK2B/SOCS1/EPHA7/INPP5F/PTPRJ/BMP6/FGFR3/TNFSF18/KIT,41
BP,GO:0050730,regulation of peptidyl-tyrosine phosphorylation,34/2310,156/18805,0.21794871794871795,1.774253524253524,3.6338974469630942,5.714411121662555e-4,0.010318544767134216,0.008480847231296251,CSPG4/ITGA5/SFRP2/GPRC5A/PECAM1/EHD4/NOD2/EFNA1/PDGFA/LIF/PRKCD/ENPP2/CADM4/CSF1R/IL11/IL6R/EPHA4/HES5/ERRFI1/KITLG/EFNA5/NRP1/TGFA/THBS4/SRCIN1/GPRC5B/SOCS1/EPHA7/INPP5F/PTPRJ/BMP6/FGFR3/TNFSF18/KIT,34
BP,GO:0007389,pattern specification process,83/2310,476/18805,0.17436974789915966,1.4194905234821202,3.469055087394293,5.811158786428402e-4,0.010461825683471253,0.008598610306423369,ASCL1/APC2/AURKA/BTG2/SFRP2/ZIC1/NOG/DLL1/IFT140/ADGRG1/OTX1/LEFTY2/WNT11/PLXNA2/HOXB8/VANGL2/CRB2/BMP2/TCTN1/SPRY1/EFNB1/CIMAP3/FOXG1/NR2F2/DLL3/SMAD6/DNAAF19/HEY2/SSBP3/MDFI/SHH/MEIS3/CCDC40/HES5/NDRG4/GSC/SMAD1/FGFR2/XRCC2/MFNG/PCSK6/NRP1/LAMA5/EN1/CHSY1/BHLHE41/SMO/PAX8/STC1/FGF1/FOXJ1/SNAI1/GBX2/HOXB9/IFT25/ROBO2/ENKUR/RTTN/DOP1B/DNAI1/HES6/VAX2/DNAAF3/HOXD3/ODAD4/STIL/TLL1/CFAP45/RING1/PPP2R3A/HOXB7/NRP2/CHRDL1/NKX2-1/GDNF/ODAD3/FOLR1/LEFTY1/MICAL2/WT1/SHROOM3/PTCH1/IHH,83
BP,GO:0009314,response to radiation,78/2310,442/18805,0.17647058823529413,1.4365928189457604,3.4759286808577063,5.838935925515152e-4,0.01046216729155161,0.008598891075272841,FOS/BMF/ID2/SFRP2/PLEKHB1/NOG/MFAP4/PBK/MYC/ATP1A2/SEMA5B/KCNC1/RAD51/DTL/GADD45A/RGR/RPE65/FANCD2/POLH/AEN/PRKCD/RAD54L/RRM1/GATA3/DRD2/FEN1/CDC25A/COL3A1/TICRR/PCNA/GPR88/CRYAB/OPN3/CACNB4/CCND1/POLD3/RAD51AP1/PPP1R1B/PIANP/BLM/CRB1/NDRG4/RFWD3/AURKB/BRCA2/B3GAT1/CDKN1A/XRCC2/DCT/MMP9/MMP1/ABCC8/AQP1/MAP3K20/ABCA7/BRCA1/ROM1/NABP1/TMEM109/POLD1/BARD1/ECT2/PAXIP1/CABP4/CERS1/CHRNB2/CXCL10/TP53INP1/FIGNL1/SLC7A11/MME/MT-ND3/BBC3/MSH6/CPT1B/OPN1SW/KIT/AGRP,78
BP,GO:0050878,regulation of body fluid levels,70/2310,388/18805,0.18041237113402062,1.468681661980631,3.490915457868339,5.846147031367606e-4,0.01046216729155161,0.008598891075272841,SERPINE1/PLAUR/ADAMTS18/EMILIN2/HAS2/PRRG4/ADM/PDGFA/KCNN4/AXL/EMILIN1/PROS1/PLAU/PRKCD/XBP1/DRD2/COL3A1/MYH9/ENTPD1/ADA/CCND1/HK2/SHH/ITPR3/SLC29A1/IL6R/CDO1/HGFAC/PDGFB/ANGPTL4/ADAMTS13/XDH/F3/METAP1/PLAT/PROCR/EDNRB/FBLN1/AQP1/CHRM1/TSPAN8/APOE/VDR/FOSL2/PRRG3/TFPI2/DGKB/CEACAM1/NFE2/SH2B3/ADRA2A/ENTPD2/P2RY1/CLIC1/PTPRJ/PRRG2/F2RL1/F11R/AQP4/VAV3/SVEP1/SLC7A11/DGKG/LMAN1/AQP6/ANGPTL1/UBASH3B/CEL/SERPINF2/CYP4F12,70
BP,GO:0044773,mitotic DNA damage checkpoint signaling,19/2310,70/18805,0.2714285714285714,2.209616573902288,3.794240464568864,5.889943638967093e-4,0.010509267389053155,0.008637602806481494,CDK1/CDK2/PLK1/DTL/EME1/FANCD2/STK33/TICRR/TAOK3/CLSPN/CCND1/BLM/RFWD3/CDKN1A/RPS27L/CHEK1/MAP3K20/BRCA1/MDC1,19
BP,GO:2000177,regulation of neural precursor cell proliferation,23/2310,92/18805,0.25,2.03517316017316,3.7246902258314067,5.976542627944552e-4,0.010632233970955798,0.008738669460666357,ASCL1/ID2/BTG2/PTN/ADGRG1/SHCBP1/WDR62/DRD2/GPR37L1/FOXG1/SHH/RASSF10/DCT/SMO/FZD9/SKOR2/CEND1/SLC16A2/OTP/GJC2/GATA2/SOX10/ASPM,23
BP,GO:0021536,diencephalon development,21/2310,81/18805,0.25925925925925924,2.110549943883277,3.7483163644923323,6.071392325911944e-4,0.010769109750946465,0.008851168132326215,NOG/KCNC1/OTX1/OLIG2/DRD2/ARX/BMP2/HAP1/SHH/NRP1/SMO/INHBB/GBX2/PTCHD1/CDH1/CHRNB2/OTP/NRP2/CRH/NKX2-1/GATA2,21
BP,GO:1901654,response to ketone,45/2310,225/18805,0.2,1.628138528138528,3.547143743291868,6.18408277934961e-4,0.010936732280067413,0.008988937662243474,FOS/FOSL1/BTG2/TXNIP/SGK1/A2M/TYMS/MAOB/ADCY1/CLDN4/SPP1/AKR1C3/AKR1C2/ADCY3/PCNA/GJB2/SLIT3/ADCY5/CA9/MSN/ERRFI1/CDKN1A/EFNA5/SERPINF1/AQP1/KCNJ11/UBE3A/POSTN/PTGER4/ABCB4/GHR/BORCS7/PCK2/TGFB3/DSG2/TNC/SLIT2/EPO/CLDN1/PRKAA2/CRH/SOX10/PAPPA/ADCY2/MSTN,45
BP,GO:0000281,mitotic cytokinesis,24/2310,98/18805,0.24489795918367346,1.9936390140471771,3.690579382412866,6.337394335777133e-4,0.01112003405894731,0.00913959402115725,KIF20B/CENPA/PLK1/CDCA8/ESPL1/ARF6/MAP9/KIF4A/RACGAP1/IQGAP3/KIF20A/CIT/SEPTIN6/CEP55/AURKB/BIRC5/KIF23/ANLN/ANK3/KIF4B/ECT2/INCENP/CKAP2/IQGAP2,24
BP,GO:0006022,aminoglycan metabolic process,24/2310,98/18805,0.24489795918367346,1.9936390140471771,3.690579382412866,6.337394335777133e-4,0.01112003405894731,0.00913959402115725,HAS2/CHI3L1/CSGALNACT1/HS3ST1/HMMR/HS3ST3A1/PDGFB/GCNT2/B3GAT1/HEXA/CHSY1/CHST7/B3GNT7/SGSH/B3GAT2/CHI3L2/CHIT1/IDUA/XYLT1/CYTL1/B3GNT2/CEMIP/IL1B/ITIH5,24
BP,GO:0045859,regulation of protein kinase activity,67/2310,369/18805,0.18157181571815717,1.4781203439740025,3.4711390221537117,6.343209183799979e-4,0.01112003405894731,0.00913959402115725,AGT/GPRC5A/TPX2/MAP3K12/PDGFRB/CDKN3/TSPYL2/PLK1/AGAP2/GADD45A/CENPE/EFNA1/PDGFA/CHI3L1/CALM1/HMGA2/PRKCD/CDC25A/CCNE2/TAOK3/NR2F2/CSF1R/MAPK8IP1/CLSPN/CCND1/RGS2/EPHA4/TRIB3/MST1/CDC6/HERC5/ERRFI1/BLM/PDGFB/CDKN1A/TPD52L1/TRIB1/CEP85/KIF14/SRCIN1/CDC25C/APOE/FGF1/PKMYT1/GPRC5B/PTK2B/MAPRE3/GHR/CARD14/CEACAM1/CORO1C/ECT2/PAQR3/ADRA2A/IPO7/MT3/PTPRJ/RASSF2/FIRRM/IPO5/CEMIP/SLC8A1/IL1B/TLR6/PIH1D1/PRKCH/FGF18,67
BP,GO:0031960,response to corticosteroid,34/2310,157/18805,0.21656050955414013,1.7629525463920368,3.592412294690887,6.449034053061061e-4,0.011272686558446559,0.009265059632534173,FOS/FOSL1/SDC1/SGK1/A2M/TYMS/MAOB/ACSBG1/ADM/AKR1C3/PCNA/GJB2/SLIT3/CDO1/CDKN1A/SERPINF1/FAM107A/AQP1/STC1/GPER1/FOSL2/GHR/PCK2/ZFP36L2/SSTR2/SLIT2/BMP6/EPO/CLDN1/ALPL/CRH/MT-ND3/PAPPA/MSTN,34
BP,GO:0007100,mitotic centrosome separation,7/2310,14/18805,0.5,4.07034632034632,4.3006231404282245,6.528921945424639e-4,0.011306528329195016,0.00929287429964386,AURKA/MAP9/NEK2/CHEK1/CEP85/KIF11/NDE1,7
BP,GO:0009158,ribonucleoside monophosphate catabolic process,7/2310,14/18805,0.5,4.07034632034632,4.3006231404282245,6.528921945424639e-4,0.011306528329195016,0.00929287429964386,PNP/HPRT1/NT5E/ADA/AMPD3/XDH/UPP1,7
BP,GO:0070141,response to UV-A,7/2310,14/18805,0.5,4.07034632034632,4.3006231404282245,6.528921945424639e-4,0.011306528329195016,0.00929287429964386,OPN3/CCND1/MMP9/MMP1/CERS1/MME/OPN1SW,7
BP,GO:0048678,response to axon injury,22/2310,87/18805,0.25287356321839083,2.05856595511768,3.7034183873560402,6.586997876685536e-4,0.011306528329195016,0.00929287429964386,CDK1/PTN/SLC1A1/RGMA/NPPC/AXL/NDP/SPP1/DRD2/EPHA4/RTN4RL1/MATN2/CSPG5/INPP5F/TNC/GIPR/KCNK2/EPO/SCARF1/FOLR1/APOD/TNR,22
BP,GO:0048168,regulation of neuronal synaptic plasticity,17/2310,60/18805,0.2833333333333333,2.306529581529581,3.7932118728601085,6.597513637014193e-4,0.011306528329195016,0.00929287429964386,NOG/SHISA9/DRD2/S100B/SHANK3/KCNJ10/APOE/SYP/JPH3/GRIN2D/CLN3/GRIN2B/MCTP1/GRIK2/GRIN2C/VGF/KIT,17
BP,GO:0050818,regulation of coagulation,20/2310,76/18805,0.2631578947368421,2.1422875370243792,3.734047953952906,6.600019031344505e-4,0.011306528329195016,0.00929287429964386,SERPINE1/PLAUR/ADAMTS18/EMILIN2/PDGFA/EMILIN1/PROS1/PLAU/PRKCD/PDGFB/F3/PLAT/PROCR/TSPAN8/APOE/CEACAM1/SH2B3/F2RL1/UBASH3B/SERPINF2,20
BP,GO:2000242,negative regulation of reproductive process,20/2310,76/18805,0.2631578947368421,2.1422875370243792,3.734047953952906,6.600019031344505e-4,0.011306528329195016,0.00929287429964386,ZWINT/TRIP13/NPPC/PTGDR2/LIF/MYH9/TTK/ADA/ZP1/FBXO5/SERPINF1/PLAT/KNL1/PKMYT1/SNAI1/MAEL/FBXO43/WT1/ACVR1C/KIT,20
BP,GO:0031547,brain-derived neurotrophic factor receptor signaling pathway,16/2310,55/18805,0.2909090909090909,2.3682014954742225,3.8026444526137966,6.852059297653836e-4,0.011671793925436973,0.009593087342324365,PDGFRB/MET/EPHB1/AXL/CSF1R/EPHB3/EPHA4/EPHA2/FGFR2/FSTL4/EPHA7/NTRK2/FGFR3/RET/EPHA10/KIT,16
BP,GO:0035790,platelet-derived growth factor receptor-alpha signaling pathway,16/2310,55/18805,0.2909090909090909,2.3682014954742225,3.8026444526137966,6.852059297653836e-4,0.011671793925436973,0.009593087342324365,PDGFRB/MET/EPHB1/PDGFA/AXL/CSF1R/EPHB3/EPHA4/EPHA2/FGFR2/EPHA7/NTRK2/FGFR3/RET/EPHA10/KIT,16
BP,GO:0072111,cell proliferation involved in kidney development,9/2310,22/18805,0.4090909090909091,3.330283353010626,4.09253634616825,6.937163250274268e-4,0.0117833792722879,0.009684799720498865,MYC/PDGFRB/GATA3/BMP2/SHH/IL6R/PDGFB/WT1/PTCH1,9
BP,GO:0006024,glycosaminoglycan biosynthetic process,15/2310,50/18805,0.3,2.442207792207792,3.8212834808635456,6.99459197234615e-4,0.011814180204976796,0.009710115112408388,HAS2/CSGALNACT1/HS3ST1/HS3ST3A1/PDGFB/GCNT2/B3GAT1/HEXA/CHSY1/CHST7/B3GAT2/XYLT1/CYTL1/CEMIP/IL1B,15
BP,GO:0030195,negative regulation of blood coagulation,15/2310,50/18805,0.3,2.442207792207792,3.8212834808635456,6.99459197234615e-4,0.011814180204976796,0.009710115112408388,SERPINE1/PLAUR/ADAMTS18/PDGFA/PROS1/PLAU/PRKCD/PDGFB/PLAT/TSPAN8/APOE/CEACAM1/SH2B3/UBASH3B/SERPINF2,15
BP,GO:1900046,regulation of hemostasis,19/2310,71/18805,0.2676056338028169,2.1784952137064812,3.723031328381048,7.129411311001281e-4,0.011976502589401373,0.009843528435274352,SERPINE1/PLAUR/ADAMTS18/EMILIN2/PDGFA/EMILIN1/PROS1/PLAU/PRKCD/PDGFB/F3/PLAT/TSPAN8/APOE/CEACAM1/SH2B3/F2RL1/UBASH3B/SERPINF2,19
BP,GO:0010544,negative regulation of platelet activation,8/2310,18/18805,0.4444444444444444,3.618085618085618,4.158592166117177,7.15044807848843e-4,0.011976502589401373,0.009843528435274352,ADAMTS18/PDGFA/PRKCD/PDGFB/APOE/CEACAM1/SH2B3/UBASH3B,8
BP,GO:0055119,relaxation of cardiac muscle,8/2310,18/18805,0.4444444444444444,3.618085618085618,4.158592166117177,7.15044807848843e-4,0.011976502589401373,0.009843528435274352,ATP1A2/ATP1A1/PDE4D/RGS2/GSTM2/KCNJ2/SLC8A1/PDE4B,8
BP,GO:0071621,granulocyte chemotaxis,28/2310,122/18805,0.22950819672131148,1.8683556880278194,3.6008846799809135,7.219677929454457e-4,0.01205886760828046,0.009911224525961602,NOD2/CCL2/CD74/PERP/DPP4/SCG2/CSF1R/CXADR/ITGA1/ITGA9/ADGRE2/MCU/THBS4/CCL25/PTPRJ/RAC2/SLIT2/S100A8/CXCL10/CMKLR1/VAV3/TNFSF18/IL17RC/IL1B/CXCL5/C5AR1/PDE4B/MSTN,28
BP,GO:0001889,liver development,32/2310,146/18805,0.2191780821917808,1.7842614006997568,3.5599839296498454,7.377863657513568e-4,0.01228894575419088,0.010100326540902814,SLC7A5/AURKA/PTN/SULF2/TYMS/MET/ARF6/RPS6KA1/CEBPG/XBP1/PCNA/ADA/CCND1/FRZB/CCDC40/E2F7/ERRFI1/TGFA/FGF1/E2F8/PCK2/CEACAM1/GATA6/ARID5B/NPC1/CLDN1/ONECUT1/NAGLU/PCSK9/PTCH1/CADM1/IHH,32
BP,GO:0051653,spindle localization,18/2310,66/18805,0.2727272727272727,2.2201889020070835,3.716043456057905,7.642172925247738e-4,0.012694029226385262,0.010433266031997129,MAD2L1/CENPA/PLK1/SKA1/ESPL1/NDC80/SKA3/SPRY1/MYH9/SPAG5/GPSM2/SPRY2/PKHD1/SPDL1/NDE1/TLE6/ASPM/FMN2,18
BP,GO:0050806,positive regulation of synaptic transmission,37/2310,177/18805,0.20903954802259886,1.7017267102012865,3.5101564803238072,7.753141716273648e-4,0.012842876347094613,0.010555603989533067,GFAP/PTN/NOG/SLC1A1/CCL2/NLGN3/ADCY1/EFNB3/CLSTN3/DRD2/GRIA1/HAP1/SHANK3/CALB1/ITPR3/EPHA4/STX3/CACNG7/STX1B/FAM107A/CACNG8/APOE/GPER1/GRIA3/PTK2B/BAIAP3/GRIN2D/LRRTM2/NTRK2/GRIN2B/CRH/MME/PRKCG/GRIK2/CYP46A1/GRIN2C/TNR,37
BP,GO:0060291,long-term synaptic potentiation,26/2310,111/18805,0.23423423423423423,1.9068289068289066,3.585838097862285,7.958252842167717e-4,0.013146421521965516,0.010805088806818224,GFAP/PTN/NOG/SLC1A1/ADCY1/DRD2/GRIA1/SHANK3/CALB1/ITPR3/EPHA4/STX3/FAM107A/APOE/GRIA3/PTK2B/GRIN2D/LRRTM2/NTRK2/GRIN2B/CRH/MME/PRKCG/CYP46A1/GRIN2C/TNR,26
BP,GO:0051293,establishment of spindle localization,17/2310,61/18805,0.2786885245901639,2.2687176211766373,3.714100941534676,8.114346165041798e-4,0.013367551641204473,0.01098683640803785,MAD2L1/CENPA/PLK1/SKA1/ESPL1/NDC80/SKA3/SPRY1/MYH9/SPAG5/GPSM2/SPRY2/PKHD1/SPDL1/NDE1/TLE6/FMN2,17
BP,GO:0090183,regulation of kidney development,12/2310,36/18805,0.3333333333333333,2.7135642135642133,3.8511108383221786,8.36698868845037e-4,0.013739817386855252,0.011292802897456457,AGT/NOG/MYC/SOX8/GATA3/SMO/PAX8/TACSTD2/RET/HOXB7/GDNF/WT1,12
BP,GO:0021782,glial cell development,30/2310,135/18805,0.2222222222222222,1.809042809042809,3.530377760850454,8.386018594671341e-4,0.013739817386855252,0.011292802897456457,ASCL1/GFAP/NDRG1/DLL1/ITGB4/TTBK1/SOX4/PLP1/ROR1/GPM6B/LDLR/PRDM8/POU3F1/SHH/KCNJ10/HES5/SMO/CSPG5/B4GALT6/TPPP/S100A8/NTRK2/HDAC11/MXRA8/NAGLU/IL1B/SOX10/MYOC/PICK1/C5AR1,30
BP,GO:0085029,extracellular matrix assembly,16/2310,56/18805,0.2857142857142857,2.3259121830550398,3.7185589554146574,8.513749487922338e-4,0.01391118904099919,0.011433653846051309,AGT/PHLDB1/MFAP4/FBLN5/THSD4/HAS2/EMILIN1/GPM6B/COL3A1/COL1A2/MYH11/ELN/PHLDB2/EFEMP2/NTN4/IHH,16
BP,GO:0060349,bone morphogenesis,24/2310,100/18805,0.24,1.9537662337662336,3.578640215045631,8.630445238254797e-4,0.014063649652473196,0.011558961744004071,SFRP4/HAS2/NPPC/CSGALNACT1/COL3A1/COL1A1/LTBP3/FGFR2/INSIG1/CHSY1/DHRS3/STC1/TFAP2A/FOSL2/GHR/TGFB3/RAB23/SCX/BMP6/ALPL/IFT80/FGFR3/FGF18/IHH,24
BP,GO:0007143,female meiotic nuclear division,13/2310,41/18805,0.3170731707317073,2.581195227536691,3.792884888375103,8.795506769743845e-4,0.014145361771302772,0.011626121213907851,TOP2A/AURKA/CCNB2/PLK1/TRIP13/SKA1/NDC80/NCAPH/SKA3/TTK/MASTL/FBXO5/FMN2,13
BP,GO:0050919,negative chemotaxis,13/2310,41/18805,0.3170731707317073,2.581195227536691,3.792884888375103,8.795506769743845e-4,0.014145361771302772,0.011626121213907851,SEMA5B/PDGFA/DPP4/NTN1/SLIT3/LGR6/EFNA5/SEMA7A/SEMA3A/ROBO2/EPHA7/SLIT2/NRP2,13
BP,GO:0031297,replication fork processing,15/2310,51/18805,0.29411764705882354,2.3943213649096005,3.7312638927755355,8.798212709907262e-4,0.014145361771302772,0.011626121213907851,RAD51/EME1/EXO1/PCNA/BLM/RFWD3/BRCA2/RBBP8/BRCA1/MMS22L/BARD1/DNA2/POLQ/FANCM/GEN1,15
BP,GO:0032467,positive regulation of cytokinesis,15/2310,51/18805,0.29411764705882354,2.3943213649096005,3.7312638927755355,8.798212709907262e-4,0.014145361771302772,0.011626121213907851,KIF20B/CDCA8/ARF6/DRD2/RACGAP1/CIT/CDC6/AURKB/BIRC5/KIF23/KIF14/ECT2/INCENP/PKP4/SVIL,15
BP,GO:1900047,negative regulation of hemostasis,15/2310,51/18805,0.29411764705882354,2.3943213649096005,3.7312638927755355,8.798212709907262e-4,0.014145361771302772,0.011626121213907851,SERPINE1/PLAUR/ADAMTS18/PDGFA/PROS1/PLAU/PRKCD/PDGFB/PLAT/TSPAN8/APOE/CEACAM1/SH2B3/UBASH3B/SERPINF2,15
BP,GO:0048745,smooth muscle tissue development,10/2310,27/18805,0.37037037037037035,3.015071348404682,3.9210519288548924,8.901074654344427e-4,0.014272576505752812,0.011730679439199181,MYLK/TNN/COL3A1/SHH/TFAP2B/SMO/FOSL2/EFEMP2/PTCH1/IHH,10
BP,GO:0048638,regulation of developmental growth,60/2310,327/18805,0.1834862385321101,1.493705071686723,3.370302905870471,9.06888008469119e-4,0.014417526438086609,0.01184981428428171,CXCR4/CDK1/NOG/DLL1/L1CAM/DUSP6/DRAXIN/RGMA/NPPC/RGS4/SPP1/DRD2/ARX/NTN1/GDF15/RND2/AGRN/FGF13/HEY2/RGS2/WWC1/CACNG7/CDH4/CDKN1A/FGFR2/EFNA5/NRP1/SEMA7A/PLS1/ARHGAP4/SEMA3A/SOX15/SMO/SEMA6C/CPNE5/STC2/APOE/FOSL2/FSTL4/GHR/FOXS1/GATA6/CDH1/MAEL/WWC3/EPHA7/MT3/CRABP2/MFSD2A/HOPX/KCNK2/MIR17HG/SEMA6D/COLQ/FGFR3/WT1/NRCAM/PTCH1/TNR/MSTN,60
BP,GO:0051386,regulation of neurotrophin TRK receptor signaling pathway,6/2310,11/18805,0.5454545454545454,4.440377804014167,4.2711794633745575,9.08738154005459e-4,0.014417526438086609,0.01184981428428171,AGT/DOK5/SPRY1/TMEM108/CYFIP2/SPRY2,6
BP,GO:0071492,cellular response to UV-A,6/2310,11/18805,0.5454545454545454,4.440377804014167,4.2711794633745575,9.08738154005459e-4,0.014417526438086609,0.01184981428428171,OPN3/MMP9/MMP1/CERS1/MME/OPN1SW,6
BP,GO:0098870,action potential propagation,6/2310,11/18805,0.5454545454545454,4.440377804014167,4.2711794633745575,9.08738154005459e-4,0.014417526438086609,0.01184981428428171,ATP1A2/CACNB4/SCN1B/SCN1A/NTRK2/NRCAM,6
BP,GO:0033627,cell adhesion mediated by integrin,22/2310,89/18805,0.24719101123595505,2.0123060460139115,3.5822448502087147,9.155696250273908e-4,0.014479260007623326,0.011900553316199377,SERPINE1/ITGA5/ITGA3/SFRP2/ITGB4/EMILIN2/CCN3/EFNA1/EMILIN1/LIF/PLAU/DPP4/NPNT/ADA/ITGA1/EPHA2/ITGA9/COL16A1/MUC1/ITGA6/RET/PODXL,22
BP,GO:0014013,regulation of gliogenesis,26/2310,112/18805,0.23214285714285715,1.88980364873222,3.5344239539762192,9.174452125236134e-4,0.014479260007623326,0.011900553316199377,GFAP/CXCR4/SLC7A5/ID2/PTN/NOG/SOX8/ETV5/TTBK1/LIF/OLIG2/LDLR/NTN1/GPR37L1/BMP2/SHH/MYB/TNFRSF1B/MYCN/HES5/ABCC8/GJC2/IL1B/SOX10/TMEM98/PRKCH,26
BP,GO:0045143,homologous chromosome segregation,18/2310,67/18805,0.26865671641791045,2.1870517542159336,3.642506953117361,9.26756451535895e-4,0.01458792288765795,0.011989863708903353,ZWINT/PLK1/TRIP13/ESPL1/FANCD2/PSMC3IP/CCNE2/KNL1/C14orf39/MAEL/PTTG1/ZCWPW1/PTTG2/NDC1/PTTG3P/BRIP1/MSH5/FMN2,18
BP,GO:0071478,cellular response to radiation,38/2310,185/18805,0.20540540540540542,1.6721422721422723,3.4380499881671174,9.395698919948547e-4,0.014738304158640136,0.012113462589794994,BMF/SFRP2/MFAP4/PBK/MYC/RAD51/GADD45A/RGR/POLH/PRKCD/GATA3/CDC25A/PCNA/GPR88/CRYAB/OPN3/POLD3/RAD51AP1/BLM/CRB1/AURKB/BRCA2/CDKN1A/MMP9/MMP1/AQP1/MAP3K20/BRCA1/TMEM109/POLD1/BARD1/ECT2/CERS1/TP53INP1/FIGNL1/MME/BBC3/OPN1SW,38
BP,GO:0007224,smoothened signaling pathway,32/2310,148/18805,0.21621621621621623,1.7601497601497602,3.4742739978553923,9.412121731112278e-4,0.014738304158640136,0.012113462589794994,ZIC1/NOG/IFT140/NDP/EFCAB7/GPR37L1/TCTN1/RFX4/ARMC9/SHH/STK36/ENPP1/HES5/FGFR2/DCDC2/CDK20/CHSY1/SMO/GAS1/PTCH2/SKOR2/PTCHD1/IFT25/TMEM17/CPAP/STIL/IFT80/KIAA0586/UCHL5/DYRK2/PTCH1/IHH,32
BP,GO:0045446,endothelial cell differentiation,28/2310,124/18805,0.22580645161290322,1.83822091886608,3.5044851870742164,9.454649583732187e-4,0.014766443622592634,0.012136590511448426,CXCR4/PECAM1/DLL1/ATOH8/MET/AMOTL2/NDP/MYADM/TMEM100/NR2F2/HEY2/PDE4D/MSN/XDH/NRP1/EDNRB/STC1/FZD2/S1PR3/TJP3/CEACAM1/BMP6/CLDN1/F2RL1/F11R/MAGI1/IL1B/CLDN5,28
BP,GO:0008361,regulation of cell size,37/2310,179/18805,0.20670391061452514,1.6827130039420544,3.4344709125878765,9.641300483574873e-4,0.015018948136719097,0.012344124835119723,P2RX7/L1CAM/DRAXIN/RGMA/KCNN4/SPP1/KCNMA1/NTN1/IQGAP3/RND2/FGF13/SHANK3/MSN/CDH4/EFNA5/NRP1/SEMA7A/ARHGAP4/SEMA3A/SEMA6C/AQP1/SLC12A5/APOE/GPRC5B/FSTL4/CDH1/CLN3/EPHA7/MT3/CRABP2/SEMA6D/AQP4/AKT3/VAV3/RET/NRCAM/TNR,37
BP,GO:0071900,regulation of protein serine/threonine kinase activity,43/2310,217/18805,0.19815668202764977,1.6131326430865602,3.3995616767710697,9.800659865559877e-4,0.015227743610235541,0.012515734548838194,AGT/MAP3K12/PDGFRB/CDKN3/PLK1/GADD45A/PDGFA/CALM1/HMGA2/CDC25A/CCNE2/TAOK3/NR2F2/MAPK8IP1/CCND1/RGS2/TRIB3/MST1/CDC6/HERC5/BLM/PDGFB/CDKN1A/TPD52L1/TRIB1/CDC25C/APOE/FGF1/PKMYT1/MAPRE3/GHR/PAQR3/ADRA2A/IPO7/PTPRJ/IPO5/CEMIP/SLC8A1/IL1B/TLR6/PIH1D1/PRKCH/FGF18,43
BP,GO:0070374,positive regulation of ERK1 and ERK2 cascade,40/2310,198/18805,0.20202020202020202,1.6445843718570992,3.4121580495937054,9.83101904208022e-4,0.015235545747429989,0.012522147152079931,MAP3K12/NOD2/PDGFRB/ACKR3/PDGFA/CHI3L1/CD74/DRD2/BMP2/NPNT/CSF1R/NDRG4/PDGFB/GCNT2/FGF21/FGFR2/RAMP3/NRP1/SEMA7A/HLA-DRB1/ABCA7/APOE/FGF1/GPER1/SPRY2/PTK2B/AKAP12/MTURN/TNFAIP8L3/P2RY1/MT3/BMPER/EPO/F2RL1/DUSP15/FGFR3/FGF18/C5AR1/ACTA2/SERPINF2,40
BP,GO:0007566,embryo implantation,17/2310,62/18805,0.27419354838709675,2.23212540148024,3.636521457509221,9.918962904067624e-4,0.015293006139015032,0.012569374044425773,ITGB4/HMX3/LIF/SPP1/TRO/TEAD4/ERRFI1/MMP9/FBLN1/STC2/STC1/TPPP3/FBN2/EPO/AGO2/IL1B/ACVR1C,17
BP,GO:0038065,collagen-activated signaling pathway,17/2310,62/18805,0.27419354838709675,2.23212540148024,3.636521457509221,9.918962904067624e-4,0.015293006139015032,0.012569374044425773,PDGFRB/MET/EPHB1/AXL/CSF1R/EPHB3/COL1A1/EPHA4/EPHA2/FGFR2/EPHA7/NTRK2/FGFR3/RET/EPHA10/UBASH3B/KIT,17
BP,GO:1903035,negative regulation of response to wounding,24/2310,101/18805,0.2376237623762376,1.9344220136299342,3.523639359647482,0.0010024931428202586,0.015416857462348376,0.012671167870618156,SERPINE1/PLAUR/ADAMTS18/RGMA/PDGFA/PROS1/PLAU/SPP1/PRKCD/TAFA5/EPHA4/RTN4RL1/PDGFB/PLAT/TSPAN8/APOE/CEACAM1/SH2B3/INPP5F/PHLDB2/CD109/TNR/UBASH3B/SERPINF2,24
BP,GO:0032886,regulation of microtubule-based process,51/2310,269/18805,0.1895910780669145,1.5434026939603147,3.359269663658261,0.0010108561010718285,0.015505810550369654,0.012744278717863143,APC2/PHLDB1/AURKA/CLIP3/TPX2/RCC1/PLK1/MET/MAP1A/SKA1/CCNF/DIAPH3/WDR62/MAP9/XRCC3/MAP6/SKA3/FGF13/HAP1/PLK4/SPAG5/CCDC40/BORA/AURKB/EFNA5/HAUS6/INPP5J/FAM107A/GPSM2/PDE4DIP/TACC3/BRCA1/HAUS8/KIF18A/MAPRE3/STMN3/TPPP/PHLDB2/CPAP/PKHD1/STIL/BBOF1/CFAP45/TAC4/CALY/PRKAA2/CKAP2/CKAP5/RSPH4A/GEN1/CEP97,51
BP,GO:0031290,retinal ganglion cell axon guidance,9/2310,23/18805,0.391304347826087,3.1854884246188595,3.9246095993075745,0.0010163156068177857,0.015510420669531334,0.012748067790567736,EPHB1/NDP/EPHB3/EFNA5/NRP1/ROBO2/EPHA7/SLIT2/NRCAM,9
BP,GO:0060706,cell differentiation involved in embryonic placenta development,9/2310,23/18805,0.391304347826087,3.1854884246188595,3.9246095993075745,0.0010163156068177857,0.015510420669531334,0.012748067790567736,LIF/KRT8/NR2F2/PLK4/MDFI/E2F7/SOX15/E2F8/SNAI1,9
BP,GO:0010644,cell communication by electrical coupling,11/2310,32/18805,0.34375,2.7983630952380953,3.810136037404345,0.0010242105120601775,0.015549626976678017,0.012780291588488675,ATP1B2/ATP1A2/CALM1/ATP1A1/GJB2/PDE4D/ANK3/KCNA1/SLC8A1/GJC2/CASQ2,11
BP,GO:0061037,negative regulation of cartilage development,11/2310,32/18805,0.34375,2.7983630952380953,3.810136037404345,0.0010242105120601775,0.015549626976678017,0.012780291588488675,NOG/EFEMP1/WNT9A/WNT11/FRZB/LTBP3/PTHLH/CHADL/CCN4/ADAMTS12/IHH,11
BP,GO:0034762,regulation of transmembrane transport,82/2310,478/18805,0.17154811715481172,1.3965204948468546,3.286161090656474,0.0010288652607590282,0.015549626976678017,0.012780291588488675,ATP1B2/AGT/SLC7A5/CLIP3/P2RX7/ATP1A2/CCL2/KCNC1/PLP1/CALM1/KCNN4/RGS4/SLC43A2/CNIH3/SLC6A9/KCNS3/ERFE/GRIA1/FGF13/HAP1/KCNG1/OPN3/ACTN2/CACNB4/HK2/PDE4D/RGS2/TRIB3/CACNG7/KCNJ10/ENPP1/KCNIP2/MAPK8IP2/FGF21/CNIH2/MMP9/KCNIP3/AZIN2/SCN4B/KCNJ11/KCNAB1/CACNG8/GPER1/FXYD5/ANK3/SCN5A/PTK2B/SORBS1/SCN1B/GSTM2/JPH3/CLIC2/GRIN2D/KCNJ2/SLN/GRB10/ADRA2A/SLC38A1/SLC25A27/GAL/KCNJ9/FXYD7/EPO/CASQ1/GRIN2B/GPR35/CXCL10/CEMIP/SLC8A1/GJC2/CRH/IL1B/IL13/NOS1AP/PCSK9/JPH1/KCNJ16/CASQ2/GRIN2C/UBASH3B/PDE4B/FXYD2,82
BP,GO:0014015,positive regulation of gliogenesis,19/2310,73/18805,0.2602739726027397,2.1188104133309613,3.5841056800991447,0.0010292285941656163,0.015549626976678017,0.012780291588488675,GFAP/CXCR4/SLC7A5/ID2/PTN/SOX8/ETV5/TTBK1/LIF/OLIG2/NTN1/BMP2/SHH/MYB/TNFRSF1B/GJC2/IL1B/SOX10/PRKCH,19
BP,GO:1902903,regulation of supramolecular fiber organization,70/2310,396/18805,0.17676767676767677,1.4390113253749617,3.304175977790401,0.0010356205135384426,0.015606982826833723,0.012827432557876238,APC2/CLIP3/TPX2/CDC42EP3/MET/MAP1A/SKA1/DIAPH3/EMILIN1/ARF6/RGS4/MYADM/PRKCD/LDLR/COLGALT1/ARHGEF10L/FGF13/CRYAB/ACTN2/SHANK3/SPTB/CARMIL3/AURKB/LIMCH1/HAUS6/AEBP1/TMOD4/NRP1/ARHGAP18/INPP5J/CHADL/TMOD1/PAK3/PDE4DIP/CYFIP2/APOE/HIP1R/PTGER4/HAUS8/CFL2/PTK2B/MAPRE3/CYRIA/ELN/AVIL/TGFB3/KANK4/S100A10/SSH3/TACSTD2/PHLDB2/RHPN1/ADD2/SYNPO2L/SLIT2/EFEMP2/LMOD1/F2RL1/F11R/BBOF1/SVIL/MTSS1/KANK3/CKAP2/CKAP5/CARMIL1/MYOC/KIRREL1/PICK1/SERPINF2,70
BP,GO:0061008,hepaticobiliary system development,32/2310,149/18805,0.21476510067114093,1.7483366745111713,3.4319096713339765,0.0010601813963432346,0.015937176840529674,0.013098820146924964,SLC7A5/AURKA/PTN/SULF2/TYMS/MET/ARF6/RPS6KA1/CEBPG/XBP1/PCNA/ADA/CCND1/FRZB/CCDC40/E2F7/ERRFI1/TGFA/FGF1/E2F8/PCK2/CEACAM1/GATA6/ARID5B/NPC1/CLDN1/ONECUT1/NAGLU/PCSK9/PTCH1/CADM1/IHH,32
BP,GO:0030324,lung development,40/2310,199/18805,0.20100502512562815,1.6363201287824403,3.376996750168104,0.001087457471648482,0.016294065412178062,0.013392148084444402,ASCL1/ITGA3/NOG/PDGFA/CHI3L1/LIF/TIMELESS/WNT11/COL3A1/HS6ST1/BMP2/SPRY1/ADA/SHH/CCDC40/PKDCC/LTBP3/MYCN/ERRFI1/FGFR2/LAMA5/FGF1/SPRY2/FOSL2/LOXL3/FOXJ1/TGFB3/GATA6/IFT25/TNC/HOPX/MIR17HG/ODAD4/SLC7A11/CRH/MME/NKX2-1/IL13/ADAMTSL2/FGF18,40
BP,GO:0034501,protein localization to kinetochore,7/2310,15/18805,0.4666666666666667,3.7989898989898987,4.058247426548686,0.001094761753953091,0.016294065412178062,0.013392148084444402,CDK1/TTK/AURKB/KNL1/ZWILCH/SPDL1/KNTC1,7
BP,GO:0090306,meiotic spindle assembly,7/2310,15/18805,0.4666666666666667,3.7989898989898987,4.058247426548686,0.001094761753953091,0.016294065412178062,0.013392148084444402,AURKA/CCNB2/SKA1/NDC80/SKA3/FBXO5/ASPM,7
BP,GO:1903083,protein localization to condensed chromosome,7/2310,15/18805,0.4666666666666667,3.7989898989898987,4.058247426548686,0.001094761753953091,0.016294065412178062,0.013392148084444402,CDK1/TTK/AURKB/KNL1/ZWILCH/SPDL1/KNTC1,7
BP,GO:0035338,long-chain fatty-acyl-CoA biosynthetic process,8/2310,19/18805,0.42105263157894735,3.4276600592390065,3.9618904794434036,0.0011028065044523128,0.01637327286733767,0.013457248962712432,ACSBG1/ACSL3/ACSL6/HACD1/ELOVL6/ELOVL5/HACD2/ELOVL7,8
BP,GO:0006302,double-strand break repair,59/2310,323/18805,0.1826625386996904,1.4869995845228043,3.3037739172996714,0.0011135575860187132,0.01649217183431163,0.013554972430277049,FOXM1/MCM3/UHRF1/MCM4/RMI2/CDC45/PLK1/RAD51/TRIP13/EME1/DEK/HMGA2/MCM6/FANCD2/MCM2/GINS4/TIMELESS/RAD54L/XRCC3/FEN1/CDCA5/HMGB2/ESCO2/RAD51AP1/MCM8/AUNIP/SMARCE1/BLM/MCM5/RFWD3/BRCA2/RBBP8/XRCC2/DCLRE1B/GINS2/AP5S1/TDP1/CHEK1/ACTL6A/BRCA1/FANCB/NABP1/POLL/MMS22L/AP5Z1/C14orf39/CDC7/RECQL5/DNA2/ZCWPW1/POLQ/FANCM/PARPBP/NSD2/RMI1/FIGNL1/BRIP1/GEN1/FMN2,59
BP,GO:0030010,establishment of cell polarity,34/2310,162/18805,0.20987654320987653,1.7085404307626528,3.389371675265114,0.0011512432231416026,0.01696672916850602,0.013945012726134735,KIF20B/MAD2L1/CENPA/PLK1/SKA1/EPHB1/KIF26B/AMOTL2/DIAPH3/ARF6/NDC80/GATA3/CRB2/SKA3/SPRY1/MYH9/FGF13/SPAG5/SHH/WWC1/MSN/WEE1/HES5/RHOJ/CRB1/GPSM2/SPRY2/FOXJ1/PHLDB2/PKHD1/SPDL1/NDE1/OPHN1/CORO7,34
BP,GO:0051494,negative regulation of cytoskeleton organization,34/2310,162/18805,0.20987654320987653,1.7085404307626528,3.389371675265114,0.0011512432231416026,0.01696672916850602,0.013945012726134735,APC2/CLIP3/TPX2/MET/CCNF/DIAPH3/MYADM/PRKCD/FGF13/IQCJ-SCHIP1/SHANK3/SPTB/TMOD4/INPP5J/TMOD1/BRCA1/HIP1R/AVIL/KANK4/SSH3/TACSTD2/PHLDB2/RHPN1/ADD2/SLIT2/LMOD1/F11R/BBOF1/SVIL/KANK3/CKAP2/CARMIL1/MYOC/PICK1,34
BP,GO:0032868,response to insulin,59/2310,324/18805,0.18209876543209877,1.4824100796323019,3.277789776810112,0.0012020558629259996,0.01767227849333505,0.014524906129037621,FOS/SLC2A1/PDGFRB/MET/ADM/GRB14/EPHB1/AXL/PIK3R3/PRKCD/XBP1/BCAR3/ERFE/CSF1R/EPHB3/COL1A1/EPHA4/EPHA2/TRIB3/ENPP1/TNS2/ERRFI1/FGFR2/SOCS3/INSIG1/ABCC8/CITED1/SOCS1/PDK2/SORBS1/INHBB/GHR/TBC1D4/PCK2/CEACAM1/CSRP3/SESN3/GRB10/MTCL2/ATP2B1/EPHA7/GAL/PTPRJ/CTSD/NTRK2/DNAI1/KHK/ALPL/FGFR3/RET/IL1B/EPHA10/PCSK9/LPIN3/ACVR1C/VGF/MSTN/KIT/AGRP,59
BP,GO:0000077,DNA damage checkpoint signaling,26/2310,114/18805,0.22807017543859648,1.8566491987544615,3.4331606112011626,0.0012098012858187577,0.017742768613727294,0.014582842200048953,CDK1/CDK2/PLK1/RAD51/DTL/EME1/FANCD2/STK33/TICRR/WDR76/E2F1/TAOK3/CLSPN/CCND1/BLM/RFWD3/BRCA2/CDKN1A/RPS27L/CHEK1/MAP3K20/BRCA1/BARD1/FBXO6/MDC1/BRIP1,26
BP,GO:1901989,positive regulation of cell cycle phase transition,28/2310,126/18805,0.2222222222222222,1.809042809042809,3.40984717497945,0.001226887600105628,0.01792093786434654,0.014729280116433168,RRM2/CDK1/FAM83D/CCNB1/DTL/SKA1/ESPL1/RRM1/CDC25A/SKA3/CCNE2/CDCA5/HSPA2/CCND1/FBXO5/CDC6/BIRC5/DLGAP5/UBE2C/CDC25C/ATAD5/CDC7/CDC20/DYRK3/CPAP/MBLAC1/STIL/NANOGP8,28
BP,GO:1902475,L-alpha-amino acid transmembrane transport,19/2310,74/18805,0.25675675675675674,2.0901778401778404,3.5163142378672654,0.001227910593732043,0.01792093786434654,0.014729280116433168,SLC7A5/TTYH2/SLC25A18/ATP1A2/SLC1A1/SLC43A2/SLC38A11/SLC1A5/SLC38A3/TTYH1/KCNJ10/SLC25A15/SLC38A1/CLN3/SLC7A1/SLC7A7/SLC7A2/SLC7A11/PRAF2,19
BP,GO:0010971,positive regulation of G2/M transition of mitotic cell cycle,10/2310,28/18805,0.35714285714285715,2.9073902288188003,3.779726863412495,0.00123360151752075,0.01796040175509024,0.014761715623193375,CDK1/CCNB1/DTL/RRM1/CDC25A/HSPA2/CCND1/FBXO5/CDC25C/CDC7,10
BP,GO:0021543,pallium development,39/2310,194/18805,0.20103092783505155,1.6365309947784175,3.3349591407174195,0.0012423713228335376,0.018044393150236863,0.014830748438096767,ASCL1/FOS/BTG2/ZIC1/SLC2A1/DCLK2/ADGRG1/BCAN/WDR62/LHX6/COL3A1/ARX/FOXG1/GRIA1/FGF13/LRP8/SEMA6B/PIANP/TMEM108/POU3F3/NOTCH2NLA/SMO/KIF14/TACC3/NOTCH2NLC/FBXO45/ARHGAP11B/MFSD2A/SLIT2/TACC1/NDE1/KCNA1/NTRK2/CCDC141/NKX2-1/SCN2A/KIF26A/ASPM/HTR6,39
BP,GO:0051963,regulation of synapse assembly,35/2310,169/18805,0.20710059171597633,1.6859422628653398,3.3520424857104536,0.0012567899778512196,0.018209826835709358,0.014966718949933991,ELMO1/LRRN3/LRRC4B/NLGN3/EPHB1/EFNB3/NRXN2/ARF6/CLSTN3/NTN1/AGRN/DCLK1/EPHB3/CARMIL3/EFNA5/NTNG2/SLITRK1/SLITRK3/CYFIP2/THBS2/SLC12A5/PTK2B/ROBO2/EPHA7/LHFPL4/SLITRK4/LRRTM2/CHRNB2/NTRK2/LRRC24/LRRN1/ADGRB1/COLQ/IL1RAP/FLRT1,35
BP,GO:0010720,positive regulation of cell development,77/2310,447/18805,0.17225950782997762,1.4023117076808351,3.2215041951553816,0.001278633713808852,0.018481789714261124,0.01519024616986984,ASCL1/GFAP/CXCR4/FOS/SLC7A5/AURKA/ID2/PTN/PNP/SOX8/L1CAM/ETV5/TTBK1/SOX4/CD74/AXL/WDR62/LIF/OLIG2/XBP1/GATA3/NUMBL/DRD2/PLXNB1/MAP6/NTN1/BMP2/RND2/FOXG1/HAP1/ADA/SHANK3/SHH/MYB/RASSF10/EPHA4/LRP8/TNFRSF1B/PLXNB3/SMARCE1/CDH4/KITLG/EFNA5/XRCC2/DCT/SERPINF1/NRP1/SEMA7A/SLITRK1/SMO/TRIB1/ACTL6A/HLA-DRB1/HLA-DRA/ITPKA/GPER1/SOCS1/CBFB/ROBO2/CRABP2/SLIT2/NTRK2/F11R/OTP/CD83/PPARGC1B/RET/GJC2/ANKRD27/IL1B/MME/SOX10/PRKCH/ASPM/CLDN5/IHH/KIT,77
BP,GO:0010721,negative regulation of cell development,53/2310,285/18805,0.18596491228070175,1.5138831928305612,3.271307006986326,0.0012835122757892182,0.018507816101488175,0.01521163734653636,ID2/BTG2/PTN/NOG/MYC/DRAXIN/RGMA/EFNB3/NPPC/CD74/SPP1/LDLR/NTN1/GPR37L1/TCTA/ERFE/FGF13/DLL3/FRZB/SHH/MYCN/HES5/PTHLH/NRP1/ARHGAP4/SEMA3A/ABCC8/EDNRB/SEMA6C/TRIB1/S1PR3/FSTL4/SOCS1/LOXL3/FOXJ1/CBFB/CEACAM1/CDH1/EPHA7/MT3/DTX1/SEMA6D/LGALS1/FCGR2B/TNFSF18/TRPV1/IL1B/GATA2/SOX10/TMEM98/TNR/UBASH3B/IHH,53
BP,GO:0060326,cell chemotaxis,59/2310,325/18805,0.18153846153846154,1.4778488178488178,3.251892379153302,0.0012967212557277988,0.01865355241792166,0.015331418523399684,CXCR4/SERPINE1/PTN/NOD2/PDGFRB/CCL2/ACKR3/MET/CCN3/EPHB1/CD74/PRKCD/PERP/DPP4/RIN3/HMGB2/SCG2/CSF1R/CXADR/ITGA1/IL6R/CH25H/EPHA2/PLXNB3/ITGA9/PDGFB/ADGRE2/NRP1/MCU/THBS4/EDNRB/HSD3B7/FGF1/PTK2B/CCL25/HOXB9/ACKR2/PTPRJ/RAC2/SLIT2/S100A8/F2RL1/MSMP/CXCL10/CMKLR1/VAV3/TNFSF18/IL17RC/KLRK1/KLRC4-KLRK1/IL1B/CCR4/CNR2/CXCL5/FGF18/C5AR1/PDE4B/MSTN/KIT,59
BP,GO:0071248,cellular response to metal ion,37/2310,182/18805,0.2032967032967033,1.654975976404548,3.3227004830453963,0.0013229268002792048,0.018985104654126155,0.015603922440173007,FOS/HSP90B1/SLC1A1/ADCY1/AKR1C3/NPTX1/TF/SHH/ADGRV1/KCNJ10/GLRA2/MT1X/SERPINF1/CPNE5/AQP1/ITPKC/TFAP2A/JUNB/ITPKA/KCNK3/ANK3/SCN5A/ADCY7/INHBB/ECT2/CDH1/MT3/MAP1LC3A/HVCN1/BMP6/KCNA1/CLDN1/SLC25A24/SLC39A8/PRKAA2/HSD17B1/CPNE7,37
BP,GO:0008016,regulation of heart contraction,42/2310,214/18805,0.19626168224299065,1.5977060322854715,3.290774334084456,0.0013548401860846773,0.019378878258261126,0.015927566312031998,ATP1B2/AGT/ADRA1B/ATP1A2/SLC1A1/ADM/CALM1/CACNA1G/RGS4/DRD2/ATP1A1/FGF13/CXADR/HEY2/ADA/PDE4D/RGS2/KCNIP2/KCND3/EDNRB/SCN4B/STC1/SCN5A/MYH7/SCN1B/GSTM2/CLIC2/CSRP3/KCNJ2/MYH7B/GCH1/DSG2/ATP2B1/TMEM65/HOPX/SLC8A1/TRPV1/ADM2/HSPB7/NOS1AP/CASQ2/PDE4B,42
BP,GO:0032330,regulation of chondrocyte differentiation,15/2310,53/18805,0.2830188679245283,2.30396961529037,3.5574316172527842,0.0013600343630444363,0.019378878258261126,0.015927566312031998,EFEMP1/WNT9A/PKDCC/LTBP3/LOXL2/SOX6/PTHLH/CHADL/MAF/ZNF219/CCN4/BMP6/ADAMTS12/FGF18/IHH,15
BP,GO:2000179,positive regulation of neural precursor cell proliferation,15/2310,53/18805,0.2830188679245283,2.30396961529037,3.5574316172527842,0.0013600343630444363,0.019378878258261126,0.015927566312031998,ASCL1/ADGRG1/WDR62/DRD2/GPR37L1/FOXG1/SHH/RASSF10/DCT/SMO/FZD9/OTP/GJC2/SOX10/ASPM,15
BP,GO:0060079,excitatory postsynaptic potential,25/2310,109/18805,0.22935779816513763,1.8671313396084037,3.3976507358896577,0.0013671221305686396,0.019433818844229858,0.015972722167524607,P2RX7/NLGN3/MET/RGS4/DRD2/GRIA1/TMEM25/SHANK3/SLC29A1/CHRNA9/TMEM108/MAPK8IP2/GLRA2/STX1B/PTK2B/CHRNA5/GRIN2D/CHRNB2/P2RX6/GRIN2B/BEGAIN/TRPV1/CHRNA4/GRIK2/GRIN2C,25
BP,GO:0098534,centriole assembly,14/2310,48/18805,0.2916666666666667,2.374368686868687,3.5677723262793535,0.0014148786782068354,0.02006524880202288,0.01649169660918841,CDK2/WDR62/PLK4/CEP72/CEP85/CCDC57/BRCA1/CEP152/POC1B/RTTN/CCP110/CPAP/STIL/CEP44,14
BP,GO:0030595,leukocyte chemotaxis,45/2310,234/18805,0.19230769230769232,1.5655178155178158,3.2575532675710868,0.0014393226809420628,0.020363875954128526,0.01673713928674423,CXCR4/SERPINE1/PTN/NOD2/CCL2/CCN3/CD74/PERP/DPP4/RIN3/SCG2/CSF1R/CXADR/ITGA1/IL6R/CH25H/ITGA9/PDGFB/ADGRE2/MCU/THBS4/EDNRB/HSD3B7/PTK2B/CCL25/PTPRJ/RAC2/SLIT2/S100A8/F2RL1/MSMP/CXCL10/CMKLR1/VAV3/TNFSF18/IL17RC/KLRK1/KLRC4-KLRK1/IL1B/CNR2/CXCL5/C5AR1/PDE4B/MSTN/KIT,45
BP,GO:0036005,response to macrophage colony-stimulating factor,17/2310,64/18805,0.265625,2.162371482683983,3.485728075895936,0.0014565082990004963,0.02048835255470058,0.016839447030437424,PDGFRB/MET/EPHB1/AXL/SPP1/CSF1R/EPHB3/EPHA4/EPHA2/FGFR2/EPHA7/NTRK2/ALPL/FGFR3/RET/EPHA10/KIT,17
BP,GO:0030239,myofibril assembly,19/2310,75/18805,0.25333333333333335,2.0623088023088023,3.4495899534353196,0.0014583427396327702,0.02048835255470058,0.016839447030437424,PGM5/PDGFRB/KRT8/ACTN2/MYBPC2/TMOD4/FHOD3/TMOD1/MYH11/CFL2/KLHL41/CSRP3/MYOZ2/MYH3/SYNPO2L/MYPN/LMOD1/CASQ1/TNNT3,19
BP,GO:0042490,mechanoreceptor differentiation,19/2310,75/18805,0.25333333333333335,2.0623088023088023,3.4495899534353196,0.0014583427396327702,0.02048835255470058,0.016839447030437424,DLL1/DIAPH3/MYCL/HEY2/ADGRV1/MYCN/HES5/PLS1/FZD2/JAG2/PJVK/ANKRD24/SLC4A7/ATP8B1/NTRK2/TECTA/NAGLU/STRC/ESRP1,19
BP,GO:0060047,heart contraction,48/2310,254/18805,0.1889763779527559,1.538398609264751,3.2328985486007547,0.0014982234476261793,0.020964539535936664,0.017230826738771722,ATP1B2/CXCR4/AGT/ADRA1B/ATP1A2/SLC1A1/ADM/CALM1/CACNA1G/RGS4/DRD2/ATP1A1/FGF13/CXADR/HEY2/ADA/PDE4D/RGS2/KCNIP2/MAP2K6/KCND3/EDNRB/SCN4B/STC1/SCN5A/MYH7/SCN1B/GSTM2/CLIC2/CSRP3/GATA6/KCNJ2/MYH7B/GCH1/DSG2/ATP2B1/SCN1A/TMEM65/HOPX/SGCG/SLC8A1/TRPV1/ADM2/HSPB7/NOS1AP/SCN2A/CASQ2/PDE4B,48
BP,GO:0030534,adult behavior,32/2310,152/18805,0.21052631578947367,1.7138300296195033,3.3067184165197903,0.0014992103775906811,0.020964539535936664,0.017230826738771722,ZIC1/ATP1A2/SLC1A1/NLGN3/EFNB3/NRXN2/DRD2/HOXB8/ABAT/CACNB4/SHANK3/PPP1R1B/EPHA4/KCNJ10/PCDH17/EN1/HEXA/SLITRK1/TMOD1/CHRNA5/CEND1/GRIN2D/NPC1/INPP5F/ZFHX2/SCN1A/CHRNB2/NAGLU/SLC7A11/GDNF/CHRNA4/AGRP,32
BP,GO:0006029,proteoglycan metabolic process,25/2310,110/18805,0.22727272727272727,1.8501574183392364,3.3464774882772224,0.0015667220958557576,0.021807175838844145,0.017923392397765064,SULF2/CHST1/CSGALNACT1/HS3ST1/HS6ST1/BMP2/HS3ST3A1/B3GAT1/ST3GAL1/HEXA/CHSY1/EDNRB/CHST7/B3GNT7/SGSH/EXTL1/B3GAT2/IDUA/SLC2A10/XYLT1/CYTL1/B3GNT2/NAGLU/ADAMTS12/IHH,25
BP,GO:0048144,fibroblast proliferation,25/2310,110/18805,0.22727272727272727,1.8501574183392364,3.3464774882772224,0.0015667220958557576,0.021807175838844145,0.017923392397765064,AGT/CDK1/MYC/CCNB1/PDGFA/CD74/LIF/COL3A1/E2F1/MYB/KDM8/CCNA2/CDC6/PDGFB/CDKN1A/FBLN1/AQP1/FOSL2/E2F8/CKS1B/TP53INP1/SPHK1/NUPR1/IL13/FTH1,25
BP,GO:0030282,bone mineralization,28/2310,128/18805,0.21875,1.7807765151515151,3.316905652826416,0.0015781304712999475,0.021915239085280796,0.018012209949564244,PTN/P2RX7/ECM1/GPM6B/WNT11/BMP2/PKDCC/ADGRV1/LTBP3/ENPP1/COL1A2/TENT5A/FGFR2/PTHLH/MGP/TFAP2A/ROGDI/VDR/FOSL2/PTK2B/FZD9/ATP2B1/FBN2/BMP6/ALPL/IFT80/FGFR3/SLC8A1,28
BP,GO:0051261,protein depolymerization,27/2310,122/18805,0.22131147540983606,1.8016286991696826,3.3241821775003597,0.0015827747209014806,0.02192908847184471,0.018023592807743027,APC2/TPX2/KIF18B/KIF2C/MAP1A/DIAPH3/NCKAP5/FGF13/ACTN2/SPTB/AURKB/TMOD4/TMOD1/CFL2/KIF18A/STMN3/AVIL/SLN/ADD2/LMOD1/F2RL1/BBOF1/SVIL/CKAP2/CKAP5/CARMIL1/MICAL2,27
BP,GO:0060113,inner ear receptor cell differentiation,18/2310,70/18805,0.2571428571428571,2.093320964749536,3.429452551093481,0.0016021456219927426,0.022146440517338762,0.01820223519723152,DLL1/DIAPH3/MYCL/HEY2/ADGRV1/MYCN/HES5/PLS1/FZD2/JAG2/PJVK/ANKRD24/SLC4A7/ATP8B1/TECTA/NAGLU/STRC/ESRP1,18
BP,GO:0030323,respiratory tube development,40/2310,203/18805,0.19704433497536947,1.6040773676241658,3.2382898227298806,0.001608414827414101,0.022182106323947223,0.018231549045652353,ASCL1/ITGA3/NOG/PDGFA/CHI3L1/LIF/TIMELESS/WNT11/COL3A1/HS6ST1/BMP2/SPRY1/ADA/SHH/CCDC40/PKDCC/LTBP3/MYCN/ERRFI1/FGFR2/LAMA5/FGF1/SPRY2/FOSL2/LOXL3/FOXJ1/TGFB3/GATA6/IFT25/TNC/HOPX/MIR17HG/ODAD4/SLC7A11/CRH/MME/NKX2-1/IL13/ADAMTSL2/FGF18,40
BP,GO:0007056,spindle assembly involved in female meiosis,6/2310,12/18805,0.5,4.07034632034632,3.9813914730199076,0.001628941219794172,0.022230894482331814,0.01827164819987358,AURKA/CCNB2/SKA1/NDC80/SKA3/FBXO5,6
BP,GO:0033604,negative regulation of catecholamine secretion,6/2310,12/18805,0.5,4.07034632034632,3.9813914730199076,0.001628941219794172,0.022230894482331814,0.01827164819987358,DRD2/ABAT/CNR1/ADRA2A/P2RY1/CRH,6
BP,GO:0045161,neuronal ion channel clustering,6/2310,12/18805,0.5,4.07034632034632,3.9813914730199076,0.001628941219794172,0.022230894482331814,0.01827164819987358,AGRN/KCNIP2/GLDN/NRCAM/MYOC/PICK1,6
BP,GO:0048484,enteric nervous system development,6/2310,12/18805,0.5,4.07034632034632,3.9813914730199076,0.001628941219794172,0.022230894482331814,0.01827164819987358,SOX8/EDNRB/RET/GDNF/SOX10/KIF26A,6
BP,GO:0071805,potassium ion transmembrane transport,42/2310,216/18805,0.19444444444444445,1.5829124579124578,3.2244611613174854,0.0016325300668778614,0.022230894482331814,0.01827164819987358,ATP1B2/ATP1A2/KCNC1/KCNF1/KCNN4/RGS4/KCNMA1/KCNK10/ATP1A1/KCNS3/KCNG1/ACTN2/KCNJ10/KCNIP2/TMCO3/KCND3/KCNC4/KCNIP3/ABCC8/AQP1/KCNJ11/KCNAB1/SLC12A5/KCNK3/KCNH3/ANK3/SLC9A9/KCNK13/KCNJ2/KCNH8/GAL/KCNMB2/TMEM175/KCNJ9/KCNK2/KCNMB4/KCNA1/NOS1AP/KCNJ16/CASQ2/KCNK6/FXYD2,42
BP,GO:0008589,regulation of smoothened signaling pathway,21/2310,87/18805,0.2413793103448276,1.9649947753396029,3.3760573702730734,0.0016343803630652282,0.022230894482331814,0.01827164819987358,ZIC1/IFT140/EFCAB7/GPR37L1/TCTN1/RFX4/ARMC9/SHH/STK36/ENPP1/FGFR2/DCDC2/CDK20/CHSY1/SMO/GAS1/PTCH2/SKOR2/UCHL5/PTCH1/IHH,21
BP,GO:1903825,organic acid transmembrane transport,33/2310,159/18805,0.20754716981132076,1.6895777178796048,3.2677129053094625,0.0016393083885063115,0.022230894482331814,0.01827164819987358,GFAP/SLC7A5/TTYH2/SLC2A1/SLC25A18/ATP1A2/SLC1A1/RGS4/SLC43A2/SLC16A6/SLC38A11/SLC1A5/SLC38A3/SLC6A9/TTYH1/RGS2/KCNJ10/SLC25A15/SLC38A1/CLN3/SLC7A1/SLC7A7/SLC7A2/SLC16A7/SLC5A12/SLC16A9/SLC7A11/LRRC8B/PRAF2/SLC13A3/CPT1B/SLC6A15/LRRC8C,33
BP,GO:0043116,negative regulation of vascular permeability,8/2310,20/18805,0.4,3.256277056277056,3.7779549643214514,0.00164152954434647,0.022230894482331814,0.01827164819987358,ADM/ABCC8/APOE/AKAP12/CEACAM1/PTPRJ/SLIT2/CLDN5,8
BP,GO:0038145,macrophage colony-stimulating factor signaling pathway,15/2310,54/18805,0.2777777777777778,2.2613035113035114,3.4734353429928166,0.0016725441295684072,0.022549344957611732,0.018533383734537813,PDGFRB/MET/EPHB1/AXL/CSF1R/EPHB3/EPHA4/EPHA2/FGFR2/EPHA7/NTRK2/FGFR3/RET/EPHA10/KIT,15
BP,GO:0070169,positive regulation of biomineral tissue development,15/2310,54/18805,0.2777777777777778,2.2613035113035114,3.4734353429928166,0.0016725441295684072,0.022549344957611732,0.018533383734537813,PTN/P2RX7/GPM6B/BMP2/PKDCC/ADGRV1/FBXO5/TENT5A/TFAP2A/VDR/FZD9/ATP2B1/FBN2/BMP6/SLC8A1,15
BP,GO:0021952,central nervous system projection neuron axonogenesis,10/2310,29/18805,0.3448275862068966,2.80713539334229,3.644543210649499,0.0016777984827170583,0.022569580037086513,0.018550015015557725,DRAXIN/EPHB1/PRDM8/DCLK1/EPHB3/EPHA4/SCN1B/FBXO45/SLIT2/CHRNB2,10
BP,GO:0051961,negative regulation of nervous system development,31/2310,147/18805,0.2108843537414966,1.716744706540625,3.2647172086878156,0.0017111510668508527,0.02296685572538879,0.01887653726237019,BTG2/PTN/NOG/DRAXIN/RGMA/EFNB3/CLSTN3/SPP1/LDLR/NTN1/GPR37L1/FGF13/DLL3/MYCN/HES5/NRP1/ARHGAP4/SEMA3A/ABCC8/SEMA6C/FSTL4/ROBO2/CDH1/EPHA7/MT3/SEMA6D/IL1B/GATA2/SOX10/TMEM98/TNR,31
BP,GO:0030033,microvillus assembly,7/2310,16/18805,0.4375,3.5615530303030303,3.835892791109334,0.0017409479723319325,0.023215389144709764,0.01908080772964058,FXYD5/STK26/KLF5/TNIK/ATP8B1/PODXL/MYO1A,7
BP,GO:0030903,notochord development,7/2310,16/18805,0.4375,3.5615530303030303,3.835892791109334,0.0017409479723319325,0.023215389144709764,0.01908080772964058,ID3/NOG/EFNA1/WNT11/CRB2/EPHA2/STIL,7
BP,GO:0061387,regulation of extent of cell growth,23/2310,99/18805,0.23232323232323232,1.8912720276356638,3.327303064952624,0.0017412507075110768,0.023215389144709764,0.01908080772964058,L1CAM/DRAXIN/RGMA/SPP1/NTN1/RND2/FGF13/CDH4/EFNA5/NRP1/SEMA7A/ARHGAP4/SEMA3A/SEMA6C/APOE/FSTL4/CDH1/EPHA7/MT3/CRABP2/SEMA6D/NRCAM/TNR,23
BP,GO:0021885,forebrain cell migration,17/2310,65/18805,0.26153846153846155,2.1291042291042293,3.4124073631086587,0.0017503889330563146,0.023285594368291192,0.019138509642988816,CXCR4/ADGRG1/AXL/LHX6/DRD2/COL3A1/ARX/FOXG1/FGF13/LRP8/POU3F3/FBXO45/SLIT2/CCDC141/NKX2-1/TNR/HTR6,17
BP,GO:0046683,response to organophosphorus,29/2310,135/18805,0.21481481481481482,1.7487413820747155,3.2672435801418023,0.0017656502801806206,0.023436766301823557,0.01926275837213434,FOS/FOSL1/SDC1/HSP90B1/P2RX7/TYMS/AKR1C1/NT5E/RFC3/CNGA3/PDE4D/COL1A1/CDO1/ENPP1/ERRFI1/AQP1/KCNJ11/STC1/CITED1/PTK2B/INHBB/GATA6/P2RY1/DUOX2/P2RX6/TRPV1/IL1B/WT1/VGF,29
BP,GO:1901992,positive regulation of mitotic cell cycle phase transition,24/2310,105/18805,0.22857142857142856,1.860729746444032,3.3097531927652013,0.0017724176733614587,0.023474774162824782,0.0192939971630699,RRM2/CDK1/CCNB1/DTL/SKA1/ESPL1/RRM1/CDC25A/SKA3/CCNE2/CDCA5/HSPA2/CCND1/FBXO5/CDC6/BIRC5/DLGAP5/UBE2C/CDC25C/CDC7/CDC20/CPAP/MBLAC1/STIL,24
BP,GO:0048710,regulation of astrocyte differentiation,11/2310,34/18805,0.3235294117647059,2.6337535014005606,3.568101797839331,0.001800089364256244,0.023788873290709438,0.0195521563104293,ID2/NOG/TTBK1/LIF/LDLR/GPR37L1/BMP2/SHH/EPHA4/MYCN/HES5,11
BP,GO:0045740,positive regulation of DNA replication,13/2310,44/18805,0.29545454545454547,2.405204643841008,3.4921498732811047,0.0018209797236675256,0.024012173417572,0.019735687448335718,CDK1/CDK2/CDC25A/PCNA/CDT1/DBF4/WEE1/E2F7/CDKN1A/ATAD5/E2F8/CDC7/DNA2,13
BP,GO:0003015,heart process,49/2310,263/18805,0.18631178707224336,1.5167069938933058,3.1579036637878617,0.0018349773176215985,0.024143804400128383,0.01984387540304827,ATP1B2/CXCR4/AGT/ADRA1B/ATP1A2/SLC1A1/ADM/CALM1/CACNA1G/RGS4/DRD2/ATP1A1/FGF13/CXADR/HEY2/ADA/PDE4D/RGS2/KCNIP2/MAP2K6/RAMP3/KCND3/EDNRB/SCN4B/STC1/SCN5A/MYH7/SCN1B/GSTM2/CLIC2/CSRP3/GATA6/KCNJ2/MYH7B/GCH1/DSG2/ATP2B1/SCN1A/TMEM65/HOPX/SGCG/SLC8A1/TRPV1/ADM2/HSPB7/NOS1AP/SCN2A/CASQ2/PDE4B,49
BP,GO:0071312,cellular response to alkaloid,12/2310,39/18805,0.3076923076923077,2.504828504828505,3.520370782733397,0.0018404160994808536,0.024162493463271557,0.01985923600795819,SLC1A1/RAD51/PPP1R1B/CCNA2/BLM/CHEK1/GSTM2/RECQL5/SLC8A1/TRPV1/CRH/CASQ2,12
BP,GO:0009410,response to xenobiotic stimulus,77/2310,453/18805,0.16997792494481237,1.38373804267844,3.093835425836406,0.0018595762820776286,0.024360854431661833,0.02002226956622971,CXCR4/FOS/ITGA3/FOSL1/NOS2/CDK1/SFRP2/TXNIP/P2RX7/MYC/PNP/DUSP6/SLC1A1/TYMS/KCNC1/MAOB/ALDH3A1/RAD51/ADCY1/NNMT/NPPC/CTPS1/RAD54L/GATA3/BCAR3/DRD2/ABCC3/NPAS2/ATP1A1/AKR1C1/ALDH2/SLC29A3/PCNA/E2F1/GRIA1/NUDT15/ABAT/ADA/CCND1/SLC29A1/COL1A1/CA9/LRP8/ERRFI1/MAP2K6/CDKN1A/FGF21/ABCA1/TFAP2B/ABCC8/KCNJ11/ROGDI/SLC12A5/KCNK3/FOSL2/PTK2B/TPMT/GSTM2/CENPF/GATA6/CDH1/NPC1/RECQL5/CERS1/GAL/RORC/VAV3/RET/ABCC6/PRKAA2/CRH/IL1B/SOX10/CYP46A1/PTCH1/PDE4B/CYP4F12,77
BP,GO:0048469,cell maturation,41/2310,211/18805,0.1943127962085308,1.5818407500871958,3.1806354862042694,0.0018648993775401451,0.024377478167714982,0.020035932671741374,ASCL1/AURKA/SOX8/TYMS/C1QL1/TRIP13/NPPC/DIAPH3/AXL/LHX6/XBP1/GATA3/AGRN/FBXO5/KCNIP2/HES5/BRCA2/CDKN1A/EDNRB/KIF14/TFCP2L1/PTK2B/B4GALT6/FOXJ1/CBFB/GLDN/RAC2/EPO/NTN4/NEMP1/RET/CATSPERE/SCARF1/GATA2/SOX10/NRCAM/MYOC/PICK1/PTBP3/ELSPBP1/IHH,41
BP,GO:0000079,regulation of cyclin-dependent protein serine/threonine kinase activity,16/2310,60/18805,0.26666666666666666,2.170851370851371,3.3993010063105085,0.001899203226730066,0.024772036881405394,0.020360221827828887,CDKN3/PLK1/GADD45A/CDC25A/CCNE2/NR2F2/CCND1/CDC6/HERC5/BLM/CDKN1A/CDC25C/PKMYT1/MAPRE3/IPO7/IPO5,16
BP,GO:0071695,anatomical structure maturation,51/2310,277/18805,0.18411552346570398,1.4988278869145297,3.1299059625128485,0.0019520193716587035,0.025405827882648883,0.020881136819178886,ASCL1/AURKA/SOX8/TYMS/C1QL1/TRIP13/NPPC/DIAPH3/AXL/LHX6/XBP1/GATA3/PLXNB1/BMP2/AGRN/FBXO5/KCNIP2/HES5/BRCA2/CDKN1A/EDNRB/KIF14/TFCP2L1/PTK2B/BAIAP3/B4GALT6/FOXJ1/CBFB/CEND1/GLDN/GAL/XYLT1/RAC2/EPO/NTN4/NEMP1/IFT80/FGFR3/RET/CATSPERE/ADAMTS12/SCARF1/GATA2/SOX10/NRCAM/MYOC/PICK1/PTBP3/ELSPBP1/IHH/PTPRN,51
BP,GO:0042476,odontogenesis,29/2310,136/18805,0.21323529411764705,1.73588298955946,3.2230915504400954,0.001986209276043396,0.025794981375483673,0.021200983405760473,SERPINE1/ID3/APCDD1/ADM/CD34/PERP/BMP2/TMT1A/SHH/COL1A1/COL1A2/FGFR2/LAMA5/RELT/SMO/AQP1/TFAP2A/ROGDI/SCN5A/JAG2/TGFB3/GATA6/HACD1/TNC/ALPL/IFT80/DLX3/AQP6/PAX9,29
BP,GO:0035336,long-chain fatty-acyl-CoA metabolic process,9/2310,25/18805,0.36,2.9306493506493507,3.6147691313641586,0.002021677047096896,0.026190473506131445,0.021526039740437316,ACSBG1/ACSL3/ACSL6/HACD1/ELOVL6/ELOVL5/HACD2/FAR2/ELOVL7,9
BP,GO:0008630,intrinsic apoptotic signaling pathway in response to DNA damage,24/2310,106/18805,0.22641509433962265,1.8431756922322962,3.257742629886292,0.0020295647112879255,0.026190473506131445,0.021526039740437316,SFRP2/ACKR3/HIC1/CD74/AEN/E2F1/EPHA2/TNFRSF1B/BRCA2/CDKN1A/RPS27L/DDIAS/ATAD5/BRCA1/TMEM109/SNAI1/MAEL/PHLDA3/MUC1/BCL2L10/NUPR1/BBC3/MSH6/DYRK2,24
BP,GO:0007215,glutamate receptor signaling pathway,15/2310,55/18805,0.2727272727272727,2.2201889020070835,3.391272831309059,0.0020427959544945364,0.026190473506131445,0.021526039740437316,SLC1A1/NLGN3/PLP1/GRIK3/GRIA1/SHANK3/GRIK4/GRIA3/PTK2B/GRIN2D/CLN3/GRIA2/GRIN2B/GRIK2/GRIN2C,15
BP,GO:0044818,mitotic G2/M transition checkpoint,15/2310,55/18805,0.2727272727272727,2.2201889020070835,3.391272831309059,0.0020427959544945364,0.026190473506131445,0.021526039740437316,CDK1/ORC1/PLK1/DTL/TICRR/TAOK3/CLSPN/CDC6/BLM/CDKN1A/RBBP8/CHEK1/BRCA1/NABP1/BARD1,15
BP,GO:0045778,positive regulation of ossification,15/2310,55/18805,0.2727272727272727,2.2201889020070835,3.391272831309059,0.0020427959544945364,0.026190473506131445,0.021526039740437316,PTN/P2RX7/CCN3/GPM6B/BMP2/PKDCC/ADGRV1/TENT5A/TFAP2A/VDR/FZD9/ATP2B1/FBN2/BMP6/SLC8A1,15
BP,GO:0099084,postsynaptic specialization organization,15/2310,55/18805,0.2727272727272727,2.2201889020070835,3.391272831309059,0.0020427959544945364,0.026190473506131445,0.021526039740437316,LRRC4B/NRXN2/ARF6/LRRC4/NPTX1/SHANK3/TMEM108/NTNG2/INSYN1/SLITRK3/PTK2B/LRRTM2/OPHN1/CSMD2/IL1RAP,15
BP,GO:1905039,carboxylic acid transmembrane transport,32/2310,155/18805,0.2064516129032258,1.6806591258204162,3.1842785686749884,0.0020878422510112998,0.026711054160278608,0.02195390676035398,GFAP/SLC7A5/TTYH2/SLC2A1/SLC25A18/ATP1A2/SLC1A1/RGS4/SLC43A2/SLC38A11/SLC1A5/SLC38A3/SLC6A9/TTYH1/RGS2/KCNJ10/SLC25A15/SLC38A1/CLN3/SLC7A1/SLC7A7/SLC7A2/SLC16A7/SLC5A12/SLC16A9/SLC7A11/LRRC8B/PRAF2/SLC13A3/CPT1B/SLC6A15/LRRC8C,32
BP,GO:1905330,regulation of morphogenesis of an epithelium,17/2310,66/18805,0.25757575757575757,2.0968450741178013,3.340404058158809,0.0020925301144652042,0.026714190187429453,0.021956484271793798,AGT/NOG/SOX8/PDGFA/LIF/GATA3/SHH/SMO/PAX8/FGF1/LBX2/TACSTD2/NTN4/CXCL10/ADAMTS12/HOXB7/GDNF,17
BP,GO:0048588,developmental cell growth,44/2310,232/18805,0.1896551724137931,1.5439244663382594,3.1195827388467476,0.0021373966672182934,0.02722916559318559,0.022379744318889134,CXCR4/AURKA/L1CAM/SEMA5B/DRAXIN/NLGN3/RGMA/RGS4/CLSTN3/SPP1/TNN/S100B/NTN1/RND2/SLIT3/DCLK1/FGF13/RGS2/CACNG7/TMEM108/CDH4/EFNA5/NRP1/SEMA7A/ARHGAP4/SEMA3A/SLITRK1/SEMA6C/CPNE5/CYFIP2/APOE/POSTN/FSTL4/TSC22D4/CDH1/EPHA7/MT3/CRABP2/SLIT2/SEMA6D/NRP2/NRCAM/TNR/FLRT1,44
BP,GO:0035850,epithelial cell differentiation involved in kidney development,14/2310,50/18805,0.28,2.2793939393939397,3.3898907997430956,0.0021727565375202415,0.027621110063655842,0.022701884819533846,CD34/LIF/GATA3/PDGFB/MMP9/SMO/EDNRB/PAX8/FOXJ1/MTSS1/GDNF/PODXL/WT1/ACTA2,14
BP,GO:0048592,eye morphogenesis,34/2310,168/18805,0.20238095238095238,1.647521129663987,3.1548268927750223,0.002190084691255468,0.02778265664244542,0.022834660505095316,DLL1/SOX8/SLC1A1/SOX4/EFEMP1/SAMD11/EPHB1/WNT9A/NDP/COL8A1/BCAR3/CRB2/CALB1/EPHA2/CRB1/ZHX2/SHROOM2/ADAMTS9/TFAP2B/AQP1/TFAP2A/ROM1/DZANK1/CABP4/MFSD2A/FBN2/NTRK2/FOXF2/VAX2/RING1/NAGLU/PPP2R3A/FSCN2/IHH,34
BP,GO:0015807,L-amino acid transport,22/2310,95/18805,0.23157894736842105,1.8852130325814533,3.236887901590295,0.0022628102137174557,0.028644795400174866,0.023543255298401008,SLC7A5/TTYH2/SLC25A18/ATP1A2/SLC1A1/SLC43A2/SLC38A11/SLC1A5/SLC38A3/TTYH1/KCNJ10/SLC25A15/SLC16A10/ABCC8/SLC38A1/CLN3/SLC7A1/SLC7A7/SLC7A2/SLC7A11/PRAF2/SLC6A15,22
BP,GO:0003176,aortic valve development,13/2310,45/18805,0.28888888888888886,2.3517556517556515,3.3973710771653414,0.0022771675636269113,0.028696262934695856,0.02358555664103163,EFNA1/EMILIN1/GATA3/BMP2/SLIT3/SMAD6/HEY2/TNFRSF1B/ELN/SNAI1/ROBO2/SLIT2/ADAMTS5,13
BP,GO:1902692,regulation of neuroblast proliferation,13/2310,45/18805,0.28888888888888886,2.3517556517556515,3.3973710771653414,0.0022771675636269113,0.028696262934695856,0.02358555664103163,BTG2/PTN/WDR62/DRD2/FOXG1/SHH/DCT/SMO/SKOR2/OTP/GATA2/SOX10/ASPM,13
BP,GO:0031102,neuron projection regeneration,16/2310,61/18805,0.26229508196721313,2.1352636434603647,3.3234217738347205,0.0022859653992548337,0.028696262934695856,0.02358555664103163,GFAP/PTN/RGMA/ADM/SPP1/EPHA4/RTN4RL1/MATN2/CSPG5/INPP5F/OMG/TNC/SCARF1/FOLR1/APOD/TNR,16
BP,GO:0045604,regulation of epidermal cell differentiation,16/2310,61/18805,0.26229508196721313,2.1352636434603647,3.3234217738347205,0.0022859653992548337,0.028696262934695856,0.02358555664103163,SFRP4/ETV4/DLL1/PLAAT4/MYCL/HEY2/MYCN/HES5/ERRFI1/VDR/PTCH2/CD109/MAFF/PRKCH/PTCH1/ESRP1,16
BP,GO:0090075,relaxation of muscle,11/2310,35/18805,0.3142857142857143,2.5585034013605443,3.453540803643457,0.0023376655046493363,0.029284130582200956,0.024068727070896124,ATP1A2/ATP1A1/PDE4D/RGS2/ABCC8/GSTM2/KCNJ2/SLN/P2RY1/SLC8A1/PDE4B,11
BP,GO:0048670,regulation of collateral sprouting,8/2310,21/18805,0.38095238095238093,3.101216244073387,3.6052991687691858,0.0023687686972365045,0.0295506352209193,0.024287768144846886,RGMA/SPP1/RND2/FGF13/EFNA5/FSTL4/EPHA7/CRABP2,8
BP,GO:0090189,regulation of branching involved in ureteric bud morphogenesis,8/2310,21/18805,0.38095238095238093,3.101216244073387,3.6052991687691858,0.0023687686972365045,0.0295506352209193,0.024287768144846886,AGT/NOG/SOX8/SMO/PAX8/TACSTD2/HOXB7/GDNF,8
BP,GO:0016049,cell growth,82/2310,492/18805,0.16666666666666666,1.3567821067821066,3.000964241884439,0.002379830249294351,0.02962716208904127,0.02435066583946165,CXCR4/AGT/AURKA/SFRP2/L1CAM/SGK1/SEMA5B/DRAXIN/TSPYL2/NLGN3/RGMA/CCN3/PRDM11/RGS4/RPS6KA1/IGFBP3/CLSTN3/SPP1/TNN/XBP1/S100B/JADE2/NTN1/RND2/SLIT3/DCLK1/FGF13/CRYAB/FRZB/CDHR2/RGS2/GNG4/CACNG7/ING4/ENPP1/TMEM108/CDH4/CDKN1A/EFNA5/NRP1/SEMA7A/ARHGAP4/SEMA3A/FAM107A/SLITRK1/SEMA6C/CPNE5/KIF14/CYFIP2/NANOS1/APOE/POSTN/BRCA1/FSTL4/PTK2B/TSC22D4/PTCH2/CEACAM1/CDH1/EPHA7/MT3/CRABP2/PTPRJ/TNC/MFSD2A/SLIT2/S100A8/CISH/SEMA6D/RPS6KA3/CRLF3/ARMC12/NRP2/SPHK1/WT1/NRCAM/KIF26A/DNAJB2/IGFBPL1/TNR/SPOCK1/FLRT1,82
BP,GO:0050900,leukocyte migration,68/2310,395/18805,0.17215189873417722,1.4014356951065812,3.017467433191516,0.002408321734664198,0.029919914443255834,0.024591280000540255,CXCR4/SERPINE1/ITGA3/PTN/PECAM1/ECM1/NOD2/CCL2/CCN3/CD34/CD74/EMILIN1/PERP/GATA3/DPP4/RIN3/GDF15/SPNS2/MYH9/SCG2/CSF1R/CXADR/ADA/ITGA1/IL6R/CH25H/MSN/KITLG/ITGA9/PDGFB/ADGRE2/MCU/MADCAM1/THBS4/EDNRB/HSD3B7/PTGER4/PTK2B/FOXJ1/CCL25/PLVAP/PTPRJ/TRIM55/ADD2/RAC2/SLIT2/S100A8/ITGA6/F2RL1/F11R/MSMP/CXCL10/CMKLR1/TNFRSF14/VAV3/RET/TNFSF18/IL17RC/KLRK1/KLRC4-KLRK1/IL1B/CNR2/CXCL5/APOD/C5AR1/PDE4B/MSTN/KIT,68
BP,GO:1990138,neuron projection extension,34/2310,169/18805,0.20118343195266272,1.6377724839263301,3.1166478260253143,0.0024251366931498535,0.03006669471321664,0.02471191920637778,CXCR4/AURKA/L1CAM/SEMA5B/DRAXIN/NLGN3/CLSTN3/TNN/S100B/NTN1/SLIT3/DCLK1/CACNG7/TMEM108/CDH4/NRP1/SEMA7A/ARHGAP4/SEMA3A/SLITRK1/SEMA6C/CPNE5/CYFIP2/APOE/POSTN/TSC22D4/CDH1/MT3/SLIT2/SEMA6D/NRP2/NRCAM/TNR/FLRT1,34
BP,GO:1902895,positive regulation of miRNA transcription,15/2310,56/18805,0.26785714285714285,2.1805426716141003,3.3108659682611323,0.0024786816882880697,0.030542274633153538,0.025102799968954256,FOS/AGT/FOSL1/MYC/ATOH8/GNL3/GATA3/BMP2/SMAD6/MYB/MYCN/PDGFB/SMAD1/GATA2/WT1,15
BP,GO:0003002,regionalization,73/2310,430/18805,0.1697674418604651,1.382024564582704,2.9989332168591343,0.0024800926660867723,0.030542274633153538,0.025102799968954256,ASCL1/AURKA/BTG2/SFRP2/NOG/DLL1/IFT140/ADGRG1/OTX1/LEFTY2/WNT11/PLXNA2/HOXB8/VANGL2/CRB2/BMP2/TCTN1/SPRY1/CIMAP3/FOXG1/NR2F2/DLL3/SMAD6/DNAAF19/HEY2/SSBP3/MDFI/SHH/CCDC40/HES5/NDRG4/GSC/FGFR2/XRCC2/PCSK6/NRP1/LAMA5/EN1/CHSY1/BHLHE41/SMO/PAX8/FGF1/FOXJ1/SNAI1/GBX2/HOXB9/IFT25/ROBO2/ENKUR/RTTN/DNAI1/HES6/VAX2/DNAAF3/HOXD3/ODAD4/STIL/TLL1/CFAP45/RING1/PPP2R3A/HOXB7/NRP2/NKX2-1/GDNF/ODAD3/FOLR1/LEFTY1/MICAL2/WT1/PTCH1/IHH,73
BP,GO:0001570,vasculogenesis,20/2310,84/18805,0.23809523809523808,1.9382601525458667,3.2251754485406816,0.0024802018535819577,0.030542274633153538,0.025102799968954256,PDGFRB/HAS2/ACKR3/ADM/CD34/TMEM100/HEY2/SHH/EPHA2/XDH/NRP1/SMO/JUNB/CITED1/CEACAM1/PAXIP1/PTPRJ/NTRK2/RIN2/WT1,20
BP,GO:0035825,homologous recombination,17/2310,67/18805,0.2537313432835821,2.065548878981715,3.2696714248494967,0.0024888931598611727,0.030542274633153538,0.025102799968954256,TOP2A/UHRF1/RAD51/TRIP13/EME1/FANCD2/PSMC3IP/RAD54L/RAD51AP1/RBBP8/BRCA1/BARD1/C14orf39/FANCM/RMI1/BRIP1/MSH5,17
BP,GO:0060042,retina morphogenesis in camera-type eye,17/2310,67/18805,0.2537313432835821,2.065548878981715,3.2696714248494967,0.0024888931598611727,0.030542274633153538,0.025102799968954256,DLL1/SOX8/SLC1A1/SAMD11/NDP/CRB2/CALB1/CRB1/ZHX2/TFAP2B/TFAP2A/ROM1/CABP4/MFSD2A/NTRK2/NAGLU/IHH,17
BP,GO:0032956,regulation of actin cytoskeleton organization,61/2310,348/18805,0.1752873563218391,1.4269604916156642,3.00851171521027,0.0025610388550489135,0.03136359803545645,0.0257778484820552,PDGFRB/CDC42EP3/MET/PDGFA/ARF6/RGS4/MYADM/GPM6B/PRKCD/ARHGEF10L/RND2/CSF1R/CIT/ACTN2/SHANK3/NGEF/SPTB/CARMIL3/LIMCH1/EFNA5/TMOD4/NRP1/ARHGAP18/FAM107A/TMOD1/PAK3/SIGLEC15/CYFIP2/HIP1R/PTGER4/CFL2/PTK2B/CYRIA/RND3/ELN/AVIL/TGFB3/KANK4/S100A10/ECT2/SSH3/TACSTD2/PHLDB2/RHPN1/ADD2/SYNPO2L/RAC2/SLIT2/LMOD1/ARAP3/F2RL1/F11R/SVIL/MTSS1/KANK3/CARMIL1/MYOC/KIRREL1/PICK1/SERPINF2/IQGAP2,61
BP,GO:0001701,in utero embryonic development,69/2310,403/18805,0.17121588089330025,1.3938158615577971,2.9906677341236096,0.0025839702923116767,0.03150433868658712,0.02589352370452205,RRM2/FOSL1/NOG/SOX8/CCNB2/PLCD3/CCNB1/ADM/GINS1/ASF1B/DIAPH3/LIF/GINS4/GATA3/COL3A1/NEK2/HS6ST1/BMP2/TCTN1/TMEM100/KRT8/MYH9/NR2F2/PLK4/HEY2/ADA/MDFI/TEAD4/KDM8/E2F7/SH3PXD2A/PDGFB/BRCA2/CDKN1A/FGFR2/RBBP8/XRCC2/MFNG/SOCS3/NCAPG2/SOX15/SMO/CHEK1/JUNB/ACTL6A/CITED1/JAG2/STMN3/ADAMTS3/E2F8/SLC25A34/SNAI1/ZFP14/TGFB3/GATA6/ARNT2/HOPX/AKAP3/FOXD3/STIL/MAFF/SEC24D/FBLL1/CIR1/GATA2/SOX10/PTCH1/ACVR1C/IHH,69
BP,GO:0010811,positive regulation of cell-substrate adhesion,27/2310,126/18805,0.21428571428571427,1.74443413729128,3.1375430467074588,0.0025857590981908747,0.03150433868658712,0.02589352370452205,ITGA5/ITGA3/HAS2/EMILIN1/MYADM/COL8A1/NPNT/PDGFB/COL16A1/NRP1/CDH13/FBLN1/CSPG5/PTK2B/NID1/CCL25/S100A10/FUT1/HACD1/FBLN2/PTPRJ/COL26A1/EFEMP2/ITGA6/RIN2/CARMIL1/MYOC,27
BP,GO:0008286,insulin receptor signaling pathway,35/2310,176/18805,0.19886363636363635,1.6188877410468319,3.0869414626139355,0.0025882493449482847,0.03150433868658712,0.02589352370452205,PDGFRB/MET/GRB14/EPHB1/AXL/PIK3R3/PRKCD/BCAR3/ERFE/CSF1R/EPHB3/EPHA4/EPHA2/ENPP1/TNS2/FGFR2/SOCS3/SOCS1/PDK2/SORBS1/CSRP3/SESN3/GRB10/MTCL2/EPHA7/PTPRJ/CTSD/NTRK2/DNAI1/FGFR3/RET/IL1B/EPHA10/MSTN/KIT,35
BP,GO:2001212,regulation of vasculogenesis,7/2310,17/18805,0.4117647058823529,3.3520499108734403,3.6306607440758207,0.0026481192743655485,0.0321414807245756,0.026417192924432585,ADM/CD34/TMEM100/HEY2/XDH/CEACAM1/RIN2,7
BP,GO:0010972,negative regulation of G2/M transition of mitotic cell cycle,18/2310,73/18805,0.2465753424657534,2.007294075787226,3.2268634395443816,0.002653011847166593,0.0321414807245756,0.026417192924432585,CDK1/ORC1/PLK1/DTL/TICRR/TAOK3/CLSPN/WEE1/CDC6/BLM/AURKB/CDKN1A/RBBP8/CHEK1/BRCA1/PKMYT1/NABP1/BARD1,18
BP,GO:0007163,establishment or maintenance of cell polarity,43/2310,228/18805,0.18859649122807018,1.535306068200805,3.043243834078086,0.002656981601755697,0.0321414807245756,0.026417192924432585,KIF20B/MAD2L1/CENPA/KIF2C/PLK1/SKA1/EPHB1/KIF26B/AMOTL2/DIAPH3/ARF6/NDC80/WNT11/GATA3/CRB2/SKA3/SPRY1/MYH9/FGF13/SPAG5/SHH/WWC1/MSN/WEE1/HES5/RHOJ/CRB1/AQP1/GPSM2/SPRY2/FOXJ1/MTCL1/PHLDB2/PKHD1/RAC2/SPDL1/NDE1/IFT80/OPHN1/CKAP5/CORO7/PDLIM1/FSCN2,43
BP,GO:0007019,microtubule depolymerization,14/2310,51/18805,0.27450980392156865,2.234699940582294,3.3041101016231664,0.002661975287017903,0.0321414807245756,0.026417192924432585,APC2/TPX2/KIF18B/KIF2C/MAP1A/DIAPH3/NCKAP5/FGF13/AURKB/KIF18A/STMN3/BBOF1/CKAP2/CKAP5,14
BP,GO:0021794,thalamus development,6/2310,13/18805,0.46153846153846156,3.7572427572427576,3.7214752079636315,0.0027122103718453193,0.03261704193181181,0.02680805830697637,OLIG2/SHH/SMO/GBX2/PTCHD1/CHRNB2,6
BP,GO:0060623,regulation of chromosome condensation,6/2310,13/18805,0.46153846153846156,3.7572427572427576,3.7214752079636315,0.0027122103718453193,0.03261704193181181,0.02680805830697637,SMC4/NCAPH/NCAPD2/NCAPG/NCAPG2/NCAPD3,6
BP,GO:0003179,heart valve morphogenesis,16/2310,62/18805,0.25806451612903225,2.10082390727552,3.248995398469406,0.0027360763936367673,0.032772962858441994,0.026936210249789524,SOX4/EFNA1/EMILIN1/GATA3/BMP2/SLIT3/SMAD6/HEY2/ADAMTS9/ELN/SNAI1/ROBO2/SLIT2/SCX/ADAMTS5/NAGLU,16
BP,GO:0022029,telencephalon cell migration,16/2310,62/18805,0.25806451612903225,2.10082390727552,3.248995398469406,0.0027360763936367673,0.032772962858441994,0.026936210249789524,CXCR4/ADGRG1/LHX6/DRD2/COL3A1/ARX/FOXG1/FGF13/LRP8/POU3F3/FBXO45/SLIT2/CCDC141/NKX2-1/TNR/HTR6,16
BP,GO:0036315,cellular response to sterol,9/2310,26/18805,0.34615384615384615,2.817932067932068,3.471227237177467,0.0027588982259955626,0.03291518855736372,0.02705310603811438,MLC1/LRP8/ABCA1/INSIG1/SMO/INHBB/OSBPL7/RORC/PTCH1,9
BP,GO:0051953,negative regulation of amine transport,9/2310,26/18805,0.34615384615384615,2.817932067932068,3.471227237177467,0.0027588982259955626,0.03291518855736372,0.02705310603811438,RGS4/SLC43A2/DRD2/ABAT/RGS2/CNR1/ADRA2A/P2RY1/CRH,9
BP,GO:0098739,import across plasma membrane,40/2310,209/18805,0.19138755980861244,1.558027299654094,3.035804297720874,0.0027940114661355606,0.03315138596107841,0.027247237491971454,GFAP/ATP1B2/SLC7A5/SLC2A1/ATP1A2/SLC1A1/CACNA1G/KCNN4/RGS4/SLC43A2/SLC1A5/SLC38A3/ATP1A1/SLC6A9/CNGA3/RGS2/KCNJ10/ABCC8/KCNJ11/SLC15A2/SLC12A5/STEAP2/SLC9A9/SLC16A2/KCNJ2/SLC38A1/SLC2A10/SLC7A1/KCNJ9/SLC7A2/CACNA1E/SLC39A8/SLC8A1/SLC7A11/LRRC8B/TRPV1/KCNJ16/SLC5A3/LRRC8C/FXYD2,40
BP,GO:0007266,Rho protein signal transduction,29/2310,139/18805,0.20863309352517986,1.6984178890653712,3.092801699800696,0.0027952357695437808,0.03315138596107841,0.027247237491971454,ITGA3/ADGRG1/CDC42EP3/MET/PRAG1/CTNNAL1/PLXNB1/COL3A1/RACGAP1/NTN1/EPS8L2/COL1A2/RHOJ/SCAI/ABCA1/ARHGEF28/NRP1/STARD8/ARHGAP4/CDH13/APOE/ADRA2A/SYNPO2L/F2RL1/F11R/OPHN1/MYOC/ARHGAP29/LPAR2,29
BP,GO:0050768,negative regulation of neurogenesis,29/2310,139/18805,0.20863309352517986,1.6984178890653712,3.092801699800696,0.0027952357695437808,0.03315138596107841,0.027247237491971454,BTG2/PTN/NOG/DRAXIN/RGMA/EFNB3/SPP1/LDLR/NTN1/GPR37L1/FGF13/DLL3/MYCN/HES5/NRP1/ARHGAP4/SEMA3A/ABCC8/SEMA6C/FSTL4/CDH1/EPHA7/MT3/SEMA6D/IL1B/GATA2/SOX10/TMEM98/TNR,29
BP,GO:0050673,epithelial cell proliferation,81/2310,488/18805,0.16598360655737704,1.351221524377262,2.941838403487159,0.002822240269197654,0.033284599085097136,0.027356725814162475,ID2/SFRP2/PTN/UHRF1/NOG/SULF2/MYC/ECM1/ATOH8/NOD2/CCL2/HAS2/CCN3/CD34/RPS6KA1/IGFBP3/COL8A1/XBP1/GATA3/DRD2/ARX/IQGAP3/HMGB2/SCG2/NR2F2/CCND1/HMX2/SHH/EPHA2/NEAT1/MYCN/PLXNB3/HES5/ERRFI1/PDGFB/BRCA2/CDKN1A/LOXL2/FGFR2/XDH/F3/SERPINF1/NRP1/LAMA5/TGFA/THBS4/CDH13/SMO/EDNRB/APOE/FGF1/VDR/SCN5A/CEACAM1/GATA6/FUT1/MARVELD3/WDR13/PROK1/BMPER/TACSTD2/EMC10/PKHD1/STAT6/BMP6/CLDN1/AKT3/CD109/IFT80/MTSS1/NRP2/LGR5/NUPR1/GATA2/IRF6/PTCH1/C5AR1/EPGN/IHH/KIT/PTPRN,81
BP,GO:0060563,neuroepithelial cell differentiation,13/2310,46/18805,0.2826086956521739,2.300630528891398,3.3050875569823654,0.0028230742613337,0.033284599085097136,0.027356725814162475,ASCL1/SERPINE1/DLL1/SOX4/WNT11/BMP2/TUBB/IPO7/OTP/IFT80/ONECUT1/GATA2/DLX3,13
BP,GO:0097106,postsynaptic density organization,13/2310,46/18805,0.2826086956521739,2.300630528891398,3.3050875569823654,0.0028230742613337,0.033284599085097136,0.027356725814162475,LRRC4B/NRXN2/ARF6/LRRC4/NPTX1/SHANK3/TMEM108/SLITRK3/PTK2B/LRRTM2/OPHN1/CSMD2/IL1RAP,13
BP,GO:0051258,protein polymerization,51/2310,282/18805,0.18085106382978725,1.4722529243805842,2.990188025560509,0.00286994633106544,0.03377101230664675,0.027756510504382003,CLIP3/TPX2/TTBK1/CDC42EP3/MET/SKA1/MZT1/DIAPH3/ARF6/MYADM/PRKCD/FGF13/KRT5/SPTB/FBXO5/HAUS6/TMOD4/UBE2C/ARHGAP18/INPP5J/FAM107A/TMOD1/PAK3/PDE4DIP/CYFIP2/CCDC57/HIP1R/HAUS8/PTK2B/TPPP3/MAPRE3/CYRIA/ELN/AVIL/TUBG1/KANK4/TPPP/SSH3/ADD2/CPAP/SLIT2/NDE1/LMOD1/CASQ1/SVIL/KANK3/CKAP5/CARMIL1/KIRREL1/CASQ2/CORO7,51
BP,GO:0051402,neuron apoptotic process,55/2310,309/18805,0.1779935275080906,1.4489905994760364,2.9780537426985356,0.002886973413675071,0.03390502175083633,0.02786665332484469,ASCL1/BTG2/MAP3K12/SLC1A1/CCL2/DRAXIN/RETREG1/AGAP2/NPPC/AXL/NDP/GATA3/CIT/GBE1/CCND1/PRODH/VSTM2L/ITGA1/MYB/MYBL2/EPHA4/FAIM2/ARSG/XRCC2/FAS/NRP1/TMBIM4/EN1/TFAP2B/TFAP2A/KIF14/USP53/CITED1/PTK2B/FZD9/TGFB3/CNTFR/GCH1/CLN3/SLC25A27/EPHA7/MT3/EGLN3/NTRK2/TNFRSF21/AATK/FCGR2B/CRH/NUPR1/BBC3/GDNF/PRKCG/PCSK9/GRIK2/SCN2A,55
BP,GO:0034644,cellular response to UV,21/2310,91/18805,0.23076923076923078,1.8786213786213788,3.144083715253446,0.0029423170342807803,0.034346390959832024,0.028229416187105366,BMF/MFAP4/PBK/MYC/POLH/PRKCD/CDC25A/PCNA/OPN3/POLD3/AURKB/CDKN1A/MMP9/MMP1/AQP1/MAP3K20/POLD1/CERS1/TP53INP1/MME/OPN1SW,21
BP,GO:0048708,astrocyte differentiation,21/2310,91/18805,0.23076923076923078,1.8786213786213788,3.144083715253446,0.0029423170342807803,0.034346390959832024,0.028229416187105366,GFAP/ID2/NOG/DLL1/SOX8/TTBK1/PLP1/ROR1/LIF/LDLR/GPR37L1/BMP2/SHH/EPHA4/MYCN/HES5/SMO/S100A8/NAGLU/IL1B/C5AR1,21
BP,GO:1990806,ligand-gated ion channel signaling pathway,12/2310,41/18805,0.2926829268292683,2.382641748495407,3.316605630080597,0.002943665245351987,0.034346390959832024,0.028229416187105366,PLP1/GRIK3/GRIA1/GRIK4/GRIA3/PTK2B/GRIN2D/CLN3/GRIA2/GRIN2B/GRIK2/GRIN2C,12
BP,GO:0003338,metanephros morphogenesis,10/2310,31/18805,0.3225806451612903,2.6260298840944003,3.3906730504825693,0.0029514854571227947,0.034346390959832024,0.028229416187105366,SOX8/KIF26B/LIF/CALB1/HES5/SMO/PAX8/FOXJ1/GDNF/WT1,10
BP,GO:1903522,regulation of blood circulation,49/2310,269/18805,0.18215613382899629,1.4828770981187338,2.985105530419142,0.0029531156038970826,0.034346390959832024,0.028229416187105366,ATP1B2/AGT/ADRA1B/ATP1A2/SLC1A1/ADM/CALM1/CACNA1G/RGS4/DRD2/ATP1A1/FGF13/CXADR/HEY2/ADA/HRH2/PDE4D/RGS2/KCNIP2/ITGA9/KCND3/ADRA1D/EDNRB/SCN4B/STC1/SCN5A/MYH7/SCN1B/GSTM2/CLIC2/CSRP3/KCNJ2/MYH7B/ADRA2A/GCH1/DSG2/ATP2B1/KCNMB2/TMEM65/HOPX/KCNMB4/SLC8A1/SVEP1/TRPV1/ADM2/HSPB7/NOS1AP/CASQ2/PDE4B,49
BP,GO:0043409,negative regulation of MAPK cascade,34/2310,171/18805,0.19883040935672514,1.6186172501961975,3.041038980684047,0.002960868498992625,0.034370081630198175,0.02824888763009627,AGT/FOXM1/DUSP5/PBK/P2RX7/MYC/DUSP6/DUSP4/EFNA1/NDRG2/EMILIN1/SPRY4/LIF/PRKCD/XBP1/DUSP9/SPRY1/TAOK3/MAPK8IP1/RGS2/EPHA4/FBLN1/ABCA7/APOE/GPER1/SPRY2/SH2B3/PAQR3/MARVELD3/PTPRJ/SEMA6A/F2RL1/IL1B/DUSP8,34
BP,GO:0015837,amine transport,22/2310,97/18805,0.2268041237113402,1.8463426607756506,3.127327546477518,0.002982673420469629,0.034556484156616336,0.02840209250401563,SLC7A5/P2RX7/ATP1A2/RGS4/SLC43A2/DRD2/SLC38A3/ABAT/RGS2/RAB3B/CNR1/FLVCR2/SLC44A1/ADRA2A/SLC22A16/SLC38A1/P2RY1/SLC18A1/CHRNB2/CRH/GDNF/CHRNA4,22
BP,GO:0042220,response to cocaine,15/2310,57/18805,0.2631578947368421,2.1422875370243792,3.232141348183817,0.0029887223207725484,0.03455997560539487,0.02840496213770671,SLC1A1/RGS4/DRD2/GRIA1/ABAT/PPP1R1B/CCNA2/ELAVL4/EN1/UBE3A/CNR1/PTK2B/FKBP5/CHRNB2/CRH,15
BP,GO:0021884,forebrain neuron development,11/2310,36/18805,0.3055555555555556,2.4874338624338628,3.3428993343597324,0.002998090824403219,0.03460176607895692,0.02843930987084172,DCLK2/LHX6/DRD2/ARX/FOXG1/FGFR2/NRP1/GBX2/ROBO2/SLIT2/NRP2,11
BP,GO:0030858,positive regulation of epithelial cell differentiation,18/2310,74/18805,0.24324324324324326,1.9801684801684802,3.161484535186393,0.003111080107199138,0.03570023794768782,0.029342147656287572,SERPINE1/SFRP4/ETV4/ATOH8/PLAAT4/LIF/BMP2/TMEM100/PAX8/VDR/FOXJ1/PTCH2/IPO7/BMP6/GDNF/IL13/PRKCH/PTCH1,18
BP,GO:0060411,cardiac septum morphogenesis,18/2310,74/18805,0.24324324324324326,1.9801684801684802,3.161484535186393,0.003111080107199138,0.03570023794768782,0.029342147656287572,NOG/SOX4/WNT11/SLIT3/SMAD6/HEY2/FGFR2/NRP1/SMO/DHRS3/FZD2/GATA6/ROBO2/SLIT2/MIR17HG/NSD2/RBM15/NRP2,18
BP,GO:0071260,cellular response to mechanical stimulus,18/2310,74/18805,0.24324324324324326,1.9801684801684802,3.161484535186393,0.003111080107199138,0.03570023794768782,0.029342147656287572,SLC2A1/ATP1A2/GADD45A/WNT11/BAG3/COL1A1/TMEM150C/FAS/AQP1/CHEK1/CASP1/PTGER4/KCNJ2/SCX/BMP6/F11R/IL1B/IL13,18
BP,GO:0030168,platelet activation,29/2310,140/18805,0.20714285714285716,1.6862863327149042,3.050073619642997,0.003120856757055191,0.03574421272413879,0.029378290675436836,ADAMTS18/EMILIN2/PDGFA/AXL/EMILIN1/PRKCD/COL3A1/MYH9/ENTPD1/ITPR3/IL6R/PDGFB/ADAMTS13/METAP1/APOE/DGKB/CEACAM1/SH2B3/ADRA2A/ENTPD2/P2RY1/CLIC1/PTPRJ/F11R/VAV3/SVEP1/SLC7A11/DGKG/UBASH3B,29
BP,GO:0010469,regulation of signaling receptor activity,19/2310,80/18805,0.2375,1.9334145021645022,3.1308594780343024,0.0032356506763381206,0.03691834443419567,0.03034331354320878,SERPINE1/GPRC5A/NOG/CCL2/PLAU/SHISA9/CNIH3/SLC6A9/CACNG7/ERRFI1/MAPK8IP2/CNIH2/RAMP3/CACNG8/ADRA2A/FCGR2B/CRH/PCSK9/LYNX1,19
BP,GO:0045685,regulation of glial cell differentiation,19/2310,80/18805,0.2375,1.9334145021645022,3.1308594780343024,0.0032356506763381206,0.03691834443419567,0.03034331354320878,CXCR4/ID2/CDK1/PTN/NOG/TTBK1/LIF/OLIG2/LDLR/GPR37L1/BMP2/SHH/EPHA4/TNFRSF1B/MYCN/HES5/TNFRSF21/DUSP15/TMEM98,19
BP,GO:0034765,regulation of monoatomic ion transmembrane transport,60/2310,345/18805,0.17391304347826086,1.4157726331639375,2.9167858900513473,0.0033124900977119687,0.03772349044989028,0.031005065806933203,ATP1B2/AGT/P2RX7/ATP1A2/CCL2/KCNC1/PLP1/CALM1/KCNN4/RGS4/SLC6A9/KCNS3/GRIA1/FGF13/HAP1/KCNG1/ACTN2/CACNB4/PDE4D/KCNJ10/KCNIP2/MMP9/KCNIP3/SCN4B/KCNJ11/KCNAB1/GPER1/FXYD5/ANK3/SCN5A/PTK2B/SCN1B/GSTM2/JPH3/CLIC2/GRIN2D/KCNJ2/SLN/ADRA2A/GAL/KCNJ9/FXYD7/EPO/CASQ1/GRIN2B/GPR35/CXCL10/CEMIP/SLC8A1/GJC2/IL13/NOS1AP/PCSK9/JPH1/KCNJ16/CASQ2/GRIN2C/UBASH3B/PDE4B/FXYD2,60
BP,GO:0048485,sympathetic nervous system development,8/2310,22/18805,0.36363636363636365,2.960251869342778,3.4426723310557823,0.0033259414813559883,0.03773374741017652,0.031013496037669043,ASCL1/SOX4/GATA3/NRP1/SEMA3A/TFAP2B/NRP2/GDNF,8
BP,GO:0086012,membrane depolarization during cardiac muscle cell action potential,8/2310,22/18805,0.36363636363636365,2.960251869342778,3.4426723310557823,0.0033259414813559883,0.03773374741017652,0.031013496037669043,ATP1A2/CACNA1G/SCN4B/ANK3/SCN5A/SCN1B/KCNJ2/SLC8A1,8
BP,GO:0006310,DNA recombination,61/2310,352/18805,0.17329545454545456,1.410745031483668,2.911153535290878,0.0033457758348127767,0.03781607160663388,0.031081158576268277,TOP2A/MCM3/UHRF1/MCM4/RMI2/CDC45/KPNA2/PLK1/RAD51/TRIP13/EME1/EXO1/MCM6/FANCD2/MCM2/PSMC3IP/GINS4/TIMELESS/RAD54L/XRCC3/FEN1/HMGB2/RAD51AP1/MCM8/AUNIP/BLM/MCM5/RFWD3/BRCA2/RBBP8/XRCC2/HROB/GINS2/AP5S1/CHEK1/ACTL6A/ATAD5/BRCA1/FANCB/NABP1/POLL/MMS22L/AP5Z1/BARD1/C14orf39/CDC7/PAXIP1/RECQL5/ZCWPW1/STAT6/POLQ/FANCM/PARPBP/NSD2/RMI1/FIGNL1/BRIP1/UCHL5/MSH6/GEN1/MSH5,61
BP,GO:0021700,developmental maturation,61/2310,352/18805,0.17329545454545456,1.410745031483668,2.911153535290878,0.0033457758348127767,0.03781607160663388,0.031081158576268277,ASCL1/AURKA/SOX8/BCAN/TYMS/C1QL1/TRIP13/NPPC/DIAPH3/AXL/LHX6/XBP1/GATA3/PLXNB1/BMP2/AGRN/FBXO5/KCNIP2/HES5/BRCA2/SYBU/CDKN1A/SEMA7A/EDNRB/SEZ6L/KIF14/TFCP2L1/SYP/PTK2B/BAIAP3/B4GALT6/FOXJ1/CBFB/CEND1/GLDN/CDC20/GAL/XYLT1/RAC2/EPO/NTN4/NEMP1/AGO2/IFT80/FGFR3/RET/CATSPERE/ANKRD27/ADAMTS12/CHRDL1/SCARF1/ATP6V1G2/GATA2/SOX10/NRCAM/MYOC/PICK1/PTBP3/ELSPBP1/IHH/PTPRN,61
BP,GO:0050731,positive regulation of peptidyl-tyrosine phosphorylation,25/2310,116/18805,0.21551724137931033,1.7544596208389311,3.0501901542616965,0.003367366165962763,0.03798869184978254,0.031223035744436013,CSPG4/ITGA5/PECAM1/EHD4/NOD2/EFNA1/LIF/ENPP2/CSF1R/IL11/IL6R/EPHA4/HES5/KITLG/EFNA5/NRP1/TGFA/THBS4/SRCIN1/GPRC5B/PTPRJ/BMP6/FGFR3/TNFSF18/KIT,25
BP,GO:0006936,muscle contraction,62/2310,359/18805,0.17270194986072424,1.4059134922644672,2.905926066119008,0.003376192572175105,0.03801693995597173,0.031246252959515313,CXCR4/TPM4/ADRA1B/SULF2/ATP1A2/TPM3/CALM1/CACNA1G/MYLK/DRD2/KCNMA1/ATP1A1/NPNT/FGF13/CRYAB/ABAT/ADA/PDE4D/RGS2/KCNIP2/MAP2K6/TMOD4/KCND3/EDNRB/TMOD1/SCN4B/STC1/MYH11/GPER1/SCN5A/MYH7/SCN1B/KLHL41/GSTM2/CLIC2/CSRP3/KCNJ2/MYH7B/SSTR2/ADRA2A/DSG2/ATP2B1/GRIP2/MYH3/SCN1A/KCNA1/MYL5/CHRNB2/LMOD1/P2RX6/CASQ1/SLC8A1/TNNT3/TRPV1/SPHK1/GDNF/NOS1AP/SCN2A/CASQ2/PDE4B/ACTA2/KIT,62
BP,GO:0061180,mammary gland epithelium development,17/2310,69/18805,0.2463768115942029,2.005677896982245,3.131842858135164,0.0034703558921548145,0.03886857384422616,0.0319462137646751,ID2/LBH/PERP/GATA3/NTN1/IQGAP3/CSF1R/CCND1/EPHA2/BRCA2/FGFR2/SMO/VDR/STAT6/CSMD1/IRF6/PTCH1,17
BP,GO:0045840,positive regulation of mitotic nuclear division,13/2310,47/18805,0.2765957446808511,2.251680943170305,3.215172322533497,0.00347121639021278,0.03886857384422616,0.0319462137646751,AURKA/PDGFRB/SKA1/ESPL1/SKA3/PDGFB/DLGAP5/UBE2C/TGFA/CDC20/SPHK1/IL1B/EPGN,13
BP,GO:0051294,establishment of spindle orientation,13/2310,47/18805,0.2765957446808511,2.251680943170305,3.215172322533497,0.00347121639021278,0.03886857384422616,0.0319462137646751,MAD2L1/CENPA/PLK1/SKA1/NDC80/SKA3/SPRY1/SPAG5/GPSM2/SPRY2/PKHD1/SPDL1/NDE1,13
BP,GO:0008543,fibroblast growth factor receptor signaling pathway,28/2310,135/18805,0.2074074074074074,1.6884399551066216,3.0041093994331507,0.0035701360175855873,0.0399019105459891,0.03279551673364181,NOG/SULF2/PDGFRB/SHCBP1/MET/EPHB1/AXL/SPRY4/GATA3/SPRY1/CSF1R/EPHB3/EPHA4/EPHA2/FGF21/FGFR2/FGF1/SPRY2/EPHA7/NTRK2/CREB3L1/IFT80/FGFR3/RET/EPHA10/FGF18/KIT/FLRT1,28
BP,GO:0030837,negative regulation of actin filament polymerization,15/2310,58/18805,0.25862068965517243,2.1053515450067173,3.1550299115339446,0.0035820591802666825,0.039960893972065974,0.032843995413244946,MYADM/PRKCD/SPTB/TMOD4/TMOD1/HIP1R/AVIL/KANK4/SSH3/ADD2/SLIT2/LMOD1/SVIL/KANK3/CARMIL1,15
BP,GO:0071774,response to fibroblast growth factor,34/2310,173/18805,0.19653179190751446,1.5999049120436404,2.9664066293877305,0.003594749894316109,0.040028205767634745,0.032899319208214685,NOG/SULF2/PDGFRB/CCL2/SHCBP1/KCNC1/MET/EPHB1/AXL/SPRY4/GATA3/SPRY1/CSF1R/EPHB3/COL1A1/EPHA4/EPHA2/FGF21/FGFR2/POSTN/FGF1/SPRY2/ZFP36L2/EPHA7/TNC/NTRK2/CREB3L1/IFT80/FGFR3/RET/EPHA10/FGF18/KIT/FLRT1,34
BP,GO:0071496,cellular response to external stimulus,18/2310,75/18805,0.24,1.9537662337662336,3.097124311476281,0.0036329971706411555,0.040304819164327065,0.033126668704914014,SLC2A1/ATP1A2/GADD45A/WNT11/BAG3/COL1A1/TMEM150C/FAS/AQP1/CHEK1/CASP1/PTGER4/KCNJ2/SCX/BMP6/F11R/IL1B/IL13,18
BP,GO:1902750,negative regulation of cell cycle G2/M phase transition,18/2310,75/18805,0.24,1.9537662337662336,3.097124311476281,0.0036329971706411555,0.040304819164327065,0.033126668704914014,CDK1/ORC1/PLK1/DTL/TICRR/TAOK3/CLSPN/WEE1/CDC6/BLM/AURKB/CDKN1A/RBBP8/CHEK1/BRCA1/PKMYT1/NABP1/BARD1,18
BP,GO:0021988,olfactory lobe development,11/2310,37/18805,0.2972972972972973,2.42020592020592,3.2359226702545376,0.003800517453805387,0.04193121366923265,0.03446340791041293,ID2/ZIC1/ATP1A2/ARX/CSF1R/SEMA7A/SEMA3A/KIF14/ROBO2/FUT1/SLIT2,11
BP,GO:0022616,DNA strand elongation,11/2310,37/18805,0.2972972972972973,2.42020592020592,3.2359226702545376,0.003800517453805387,0.04193121366923265,0.03446340791041293,MCM3/MCM4/GINS1/PCNA/RFC3/POLD3/RFC4/DCLRE1B/ACTL6A/DNA2/UCHL5,11
BP,GO:0034110,regulation of homotypic cell-cell adhesion,11/2310,37/18805,0.2972972972972973,2.42020592020592,3.2359226702545376,0.003800517453805387,0.04193121366923265,0.03446340791041293,PLAUR/ADAMTS18/EMILIN2/EMILIN1/PRKCD/IL6R/ANK3/CEACAM1/SH2B3/F11R/UBASH3B,11
BP,GO:0099601,regulation of neurotransmitter receptor activity,10/2310,32/18805,0.3125,2.54396645021645,3.271153766494587,0.003827519523060341,0.04215178551677991,0.03464469666621997,CCL2/SHISA9/CNIH3/SLC6A9/CACNG7/MAPK8IP2/CNIH2/CACNG8/CRH/LYNX1,10
BP,GO:0009125,nucleoside monophosphate catabolic process,7/2310,18/18805,0.3888888888888889,3.1658249158249157,3.4402169531479188,0.0038782575712398245,0.042554676598293914,0.034975834223916584,PNP/HPRT1/NT5E/ADA/AMPD3/XDH/UPP1,7
BP,GO:0090190,positive regulation of branching involved in ureteric bud morphogenesis,7/2310,18/18805,0.3888888888888889,3.1658249158249157,3.4402169531479188,0.0038782575712398245,0.042554676598293914,0.034975834223916584,AGT/NOG/SOX8/SMO/PAX8/HOXB7/GDNF,7
BP,GO:0030308,negative regulation of cell growth,34/2310,174/18805,0.19540229885057472,1.5907100562272978,2.9294484281704807,0.003952771638959696,0.04329328937170246,0.03558290258827681,SFRP2/DRAXIN/TSPYL2/RGMA/CCN3/PRDM11/RGS4/SPP1/NTN1/SLIT3/FGF13/CRYAB/FRZB/CDHR2/RGS2/GNG4/ENPP1/CDKN1A/NRP1/ARHGAP4/SEMA3A/SEMA6C/BRCA1/FSTL4/CDH1/EPHA7/MT3/PTPRJ/SLIT2/SEMA6D/CRLF3/WT1/DNAJB2/TNR,34
BP,GO:0001558,regulation of cell growth,69/2310,410/18805,0.16829268292682928,1.370019005384859,2.834790802127421,0.0039639649883563555,0.04333694813633958,0.03561878587623558,CXCR4/AGT/SFRP2/L1CAM/SGK1/DRAXIN/TSPYL2/RGMA/CCN3/PRDM11/RGS4/RPS6KA1/IGFBP3/CLSTN3/SPP1/XBP1/JADE2/NTN1/RND2/SLIT3/FGF13/CRYAB/FRZB/CDHR2/RGS2/GNG4/CACNG7/ING4/ENPP1/CDH4/CDKN1A/EFNA5/NRP1/SEMA7A/ARHGAP4/SEMA3A/FAM107A/SEMA6C/CPNE5/KIF14/NANOS1/APOE/BRCA1/FSTL4/PTK2B/PTCH2/CEACAM1/CDH1/EPHA7/MT3/CRABP2/PTPRJ/TNC/MFSD2A/SLIT2/S100A8/CISH/SEMA6D/RPS6KA3/CRLF3/ARMC12/SPHK1/WT1/NRCAM/KIF26A/DNAJB2/IGFBPL1/TNR/SPOCK1,69
BP,GO:0007219,Notch signaling pathway,36/2310,187/18805,0.1925133689839572,1.5671921661226473,2.9170203938453247,0.003985106889144414,0.04348901583380283,0.03574377083681922,ASCL1/DLL1/NOD2/CCN3/NEURL1B/PRAG1/PERP/BMP2/TMEM100/DLL3/TIMP4/HEY2/HES5/MFNG/NOTCH2NLA/ENHO/PTP4A3/CHAC1/POSTN/NRIP2/S1PR3/JAG2/DNER/DTX3/SNAI1/NOTCH2NLC/ROBO2/GRIP2/DTX1/HOXD3/ONECUT1/RBM15/MIB2/GATA2/DLK2/KIT,36
BP,GO:0006171,cAMP biosynthetic process,5/2310,10/18805,0.5,4.07034632034632,3.634303152528193,0.004111774182820216,0.04433197436322435,0.036436601334886395,ADCY1/ADCY3/ADCY5/ADCY7/ADCY2,5
BP,GO:0009155,purine deoxyribonucleotide catabolic process,5/2310,10/18805,0.5,4.07034632034632,3.634303152528193,0.004111774182820216,0.04433197436322435,0.036436601334886395,PNP/NUDT15/ADA/NUDT18/XDH,5
BP,GO:0044837,actomyosin contractile ring organization,5/2310,10/18805,0.5,4.07034632034632,3.634303152528193,0.004111774182820216,0.04433197436322435,0.036436601334886395,RACGAP1/IQGAP3/ANLN/ECT2/IQGAP2,5
BP,GO:0051307,meiotic chromosome separation,5/2310,10/18805,0.5,4.07034632034632,3.634303152528193,0.004111774182820216,0.04433197436322435,0.036436601334886395,ZWINT/ESPL1/NCAPH/TTK/KNL1,5
BP,GO:0072203,cell proliferation involved in metanephros development,5/2310,10/18805,0.5,4.07034632034632,3.634303152528193,0.004111774182820216,0.04433197436322435,0.036436601334886395,MYC/PDGFRB/SHH/WT1/PTCH1,5
BP,GO:1902423,regulation of attachment of mitotic spindle microtubules to kinetochore,5/2310,10/18805,0.5,4.07034632034632,3.634303152528193,0.004111774182820216,0.04433197436322435,0.036436601334886395,CDK1/CDCA8/AURKB/BIRC5/INCENP,5
BP,GO:0032412,regulation of monoatomic ion transmembrane transporter activity,33/2310,168/18805,0.19642857142857142,1.5990646258503403,2.9187390272864064,0.004113960035702509,0.04433197436322435,0.036436601334886395,ATP1B2/CCL2/CALM1/CNIH3/SLC6A9/FGF13/HAP1/ACTN2/CACNB4/CACNG7/MAPK8IP2/CNIH2/MMP9/SCN4B/KCNAB1/CACNG8/ANK3/SCN1B/GSTM2/JPH3/CLIC2/SLN/ADRA2A/GAL/EPO/CASQ1/GPR35/CRH/NOS1AP/PCSK9/JPH1/CASQ2/FXYD2,33
BP,GO:0000082,G1/S transition of mitotic cell cycle,44/2310,240/18805,0.18333333333333332,1.4924603174603173,2.873322251067913,0.004132158064224466,0.04444841939209609,0.03653230790233287,RRM2/ID2/CDK1/MYC/CDK2/CDKN3/CCNB2/CCL2/RCC1/CCNB1/CCNF/RRM1/CDC25A/CCNE2/IQGAP3/E2F1/CACNB4/CCND1/DBF4/CCNA2/WEE1/E2F7/CDC6/SMARCE1/GFI1B/RFWD3/CDKN1A/RBBP8/FAM107A/RPS27L/ACTL6A/KIF14/PLK5/BCAT1/CDC7/CCNP/CPAP/CRLF3/MBLAC1/STIL/RBL1/GJC2/USP37/EIF4EBP1,44
BP,GO:0097530,granulocyte migration,30/2310,149/18805,0.20134228187919462,1.6390656323542228,2.930787169727148,0.004159847973878943,0.04466636761952515,0.03671144029579255,PECAM1/NOD2/CCL2/CD74/PERP/DPP4/SCG2/CSF1R/CXADR/ITGA1/ITGA9/ADGRE2/MCU/THBS4/PTGER4/CCL25/PTPRJ/RAC2/SLIT2/S100A8/CXCL10/CMKLR1/VAV3/TNFSF18/IL17RC/IL1B/CXCL5/C5AR1/PDE4B/MSTN,30
BP,GO:0008217,regulation of blood pressure,37/2310,194/18805,0.19072164948453607,1.5526063283795242,2.8952549697742906,0.004168077179533716,0.0446749520152161,0.03671849583996772,AGT/ID2/NOS2/DLL1/NCALD/ATP1A2/SGK1/PTGS1/EMILIN2/SCPEP1/ADM/EMILIN1/DRD2/ATP1A1/GPR37L1/NR2F2/ABAT/COL1A2/PDGFB/EDNRB/CNR1/POSTN/KCNK3/GCH1/ATP2B1/GRIP2/F2RL1/TAC4/TRPV1/ADM2/CRH/POMC/ACTA2/SERPINF2/CYP4F12/ACSM3/KCNK6,37
BP,GO:0031644,regulation of nervous system process,26/2310,124/18805,0.20967741935483872,1.7069194246613602,2.9555318847590923,0.004180728144577392,0.04473081553975775,0.03676441026182966,NLGN3/CCN3/MGLL/RGS4/SHISA9/TMEM100/GRIA1/TMEM25/ABAT/SHANK3/TNFRSF1B/TMEM108/STX1B/CDK18/PTK2B/GRIN2D/TPPP/ZFHX2/TNFRSF21/GRIN2B/GPR35/TAC4/SOX10/TMEM98/GRIN2C/TNR,26
BP,GO:0003012,muscle system process,77/2310,467/18805,0.16488222698072805,1.3422555317630265,2.8027727316924533,0.004194162716502336,0.04479484975902051,0.03681704020562488,CXCR4/AGT/TPM4/ADRA1B/SULF2/ATP1A2/TPM3/CALM1/CACNA1G/MYLK/RGS4/DRD2/KCNMA1/ATP1A1/NPNT/FGF13/CRYAB/ABAT/HEY2/ADA/PDE4D/RGS2/TNFRSF1B/KCNIP2/MAP2K6/TMOD4/KCND3/ABCC8/EDNRB/TMOD1/SCN4B/STC1/MYH11/GPER1/SCN5A/MYH7/SCN1B/KLHL41/GSTM2/CLIC2/CSRP3/GATA6/KCNJ2/MYH7B/SLN/SSTR2/ADRA2A/MYOZ2/DSG2/P2RY1/ATP2B1/GRIP2/INPP5F/MYH3/SCN1A/MIR17HG/KCNA1/MYL5/CHRNB2/LMOD1/P2RX6/CASQ1/SLC8A1/TNNT3/MLIP/TRPV1/SPHK1/IL1B/GDNF/NOS1AP/MYOC/SCN2A/CASQ2/PDE4B/ACTA2/MSTN/KIT,77
BP,GO:0008038,neuron recognition,13/2310,48/18805,0.2708333333333333,2.204770923520923,3.1275074887199126,0.004234998968957847,0.04506255478168567,0.037037067879246585,CXCR4/EFNB3/TNN/FOXG1/EPHB3/EPHA4/NRP1/CNR1/ROBO2/NEXN/MYPN/TNFRSF21/NRCAM,13
BP,GO:0043353,enucleate erythrocyte differentiation,6/2310,14/18805,0.42857142857142855,3.48886827458256,3.4861489155855563,0.004256699004822462,0.04506255478168567,0.037037067879246585,ID2/DIAPH3/CEBPG/MB/RAC2/NEMP1,6
BP,GO:1900025,negative regulation of substrate adhesion-dependent cell spreading,6/2310,14/18805,0.42857142857142855,3.48886827458256,3.4861489155855563,0.004256699004822462,0.04506255478168567,0.037037067879246585,SPRY4/EFNA5/FBLN1/POSTN/CORO1C/TACSTD2,6
BP,GO:1901993,regulation of meiotic cell cycle phase transition,6/2310,14/18805,0.42857142857142855,3.48886827458256,3.4861489155855563,0.004256699004822462,0.04506255478168567,0.037037067879246585,ZWINT/CDC25A/TTK/CDC25C/KNL1/PKMYT1,6
BP,GO:2000105,positive regulation of DNA-templated DNA replication,6/2310,14/18805,0.42857142857142855,3.48886827458256,3.4861489155855563,0.004256699004822462,0.04506255478168567,0.037037067879246585,CDK2/CDT1/DBF4/E2F7/E2F8/CDC7,6
BP,GO:0030500,regulation of bone mineralization,19/2310,82/18805,0.23170731707317074,1.8862580508921973,3.0097772294580944,0.004331429650731989,0.04570946567116002,0.03756876615160071,PTN/P2RX7/ECM1/GPM6B/BMP2/PKDCC/ADGRV1/LTBP3/ENPP1/TENT5A/MGP/TFAP2A/VDR/PTK2B/FZD9/ATP2B1/FBN2/BMP6/SLC8A1,19
BP,GO:0032963,collagen metabolic process,24/2310,112/18805,0.21428571428571427,1.74443413729128,2.9569960190079483,0.004334431443820742,0.04570946567116002,0.03756876615160071,CIITA/MFAP4/P2RX7/RETREG1/NPPC/EMILIN1/MYB/IL6R/COL1A1/TNS2/COL1A2/MMP17/MMP9/MMP1/FOSL2/ADAMTS3/TGFB3/MMP23B/PEPD/SCX/CREB3L1/NAGLU/SERPINF2/IHH,24
BP,GO:0071897,DNA biosynthetic process,34/2310,175/18805,0.19428571428571428,1.5816202844774272,2.8927246250288214,0.0043406128219245586,0.04570946567116002,0.03756876615160071,PKIB/PDGFRB/TYMS/DTL/DSCC1/NPPC/POLH/DKC1/RRM1/JADE2/CCT5/PCNA/RFC3/POLD3/CCNA2/RFC4/ING4/PDGFB/CDKN1A/RFC5/HROB/POLE2/CHEK1/USP43/PTK2B/POLL/POLD1/CENPF/TK1/GCH1/LIN9/KCNK2/POLQ/SPHK1,34
BP,GO:0002027,regulation of heart rate,23/2310,106/18805,0.2169811320754717,1.7663767050559505,2.9610175976523885,0.004386410156995443,0.04611098649303076,0.037898777488210536,SLC1A1/ADM/CALM1/CACNA1G/RGS4/DRD2/HEY2/ADA/PDE4D/KCND3/EDNRB/SCN4B/SCN5A/MYH7/SCN1B/KCNJ2/GCH1/DSG2/SLC8A1/TRPV1/ADM2/NOS1AP/CASQ2,23
BP,GO:0021510,spinal cord development,22/2310,100/18805,0.22,1.790952380952381,2.9677439800789185,0.004416827120974239,0.04626895727947405,0.038028614217814144,ASCL1/ZIC1/NOG/DLL1/DRAXIN/SOX4/PLXDC1/OLIG2/HOXB8/TCTN1/GRIA1/BAG3/SHH/LRP8/SOX6/SMO/ACTL6A/LOXL3/IFT80/GDNF/GATA2/PTCH1,22
BP,GO:0021675,nerve development,22/2310,100/18805,0.22,1.790952380952381,2.9677439800789185,0.004416827120974239,0.04626895727947405,0.038028614217814144,SULF2/KCNC1/ACKR3/EPHB1/NDP/NPTX1/EPHA4/NRP1/SEMA3A/TFAP2A/FBXO45/NRTN/SCN1A/ATP8B1/KCNA1/CHRNB2/HOXD3/RET/NAGLU/NRP2/PRKCG/SCN2A,22
BP,GO:0048593,camera-type eye morphogenesis,28/2310,137/18805,0.20437956204379562,1.663791196637912,2.9180842538645604,0.0044305223034846715,0.046331705410179704,0.03808018712102614,DLL1/SOX8/SLC1A1/SOX4/SAMD11/EPHB1/WNT9A/NDP/COL8A1/BCAR3/CRB2/CALB1/EPHA2/CRB1/ZHX2/SHROOM2/ADAMTS9/TFAP2B/AQP1/TFAP2A/ROM1/CABP4/MFSD2A/NTRK2/FOXF2/RING1/NAGLU/IHH,28
BP,GO:0060412,ventricular septum morphogenesis,12/2310,43/18805,0.27906976744186046,2.27182120205376,3.124465070566455,0.0045295927675722955,0.047285488387868425,0.03886410461211975,NOG/SOX4/WNT11/SLIT3/HEY2/FGFR2/FZD2/ROBO2/SLIT2/MIR17HG/NSD2/RBM15,12
BP,GO:0045471,response to ethanol,27/2310,131/18805,0.20610687022900764,1.6778526816694757,2.913447793903038,0.004557508932029359,0.047494456166884816,0.039035855944317875,FOS/CDK1/TYMS/MAOB/NPPC/RGS4/GATA3/DRD2/GRIA1/ABAT/RGS2/CDO1/GLRA2/FGFR2/CNR1/PTK2B/ADCY7/TNC/S100A8/CHRNB2/CLDN1/GRIN2B/TP53INP1/CRH/IL13/CLDN5/MSTN,27
BP,GO:0048562,embryonic organ morphogenesis,53/2310,302/18805,0.17549668874172186,1.4286646025056622,2.8103148026265092,0.004575794859517434,0.04760251641916666,0.03912467103521098,ID2/ZIC1/NOG/DLL1/IFT140/EFEMP1/EFNA1/OTX1/HMX3/WNT11/GATA3/HOXB8/VANGL2/CRB2/NTN1/FOXG1/DNAAF19/FRZB/MDFI/HMX2/SHH/CCDC40/CHRNA9/EPHA2/MYCN/NDRG4/GSC/FGFR2/PLS1/INSIG1/SMO/PAX8/FZD2/TFAP2A/TMIE/SPRY2/ANKRD24/GBX2/TGFB3/HOXB9/FBN2/FOXF2/VAX2/HOXD3/STIL/TECTA/NAGLU/HOXB7/STRC/FOLR1/GATA2/MICAL2/IHH,53
BP,GO:0014074,response to purine-containing compound,30/2310,150/18805,0.2,1.628138528138528,2.8904029156524182,0.004603149236673226,0.04780438058741988,0.039290583885430046,FOS/FOSL1/SDC1/HSP90B1/P2RX7/NT5E/CNGA3/ADA/PDE4D/COL1A1/CDO1/ENPP1/AQP1/KCNJ11/CHEK1/STC1/CITED1/PTK2B/INHBB/GSTM2/GATA6/P2RY1/DUOX2/P2RX6/SLC8A1/TRPV1/IL1B/WT1/CASQ2/VGF,30
BP,GO:0043523,regulation of neuron apoptotic process,46/2310,255/18805,0.1803921568627451,1.4685171038112212,2.8188926321399355,0.004685772182824468,0.048437356590664706,0.03981082902713783,ASCL1/BTG2/MAP3K12/SLC1A1/CCL2/DRAXIN/RETREG1/AGAP2/NPPC/AXL/GATA3/GBE1/CCND1/PRODH/VSTM2L/ITGA1/MYB/MYBL2/EPHA4/FAIM2/XRCC2/NRP1/TMBIM4/EN1/TFAP2B/TFAP2A/KIF14/CITED1/PTK2B/FZD9/TGFB3/CNTFR/GCH1/CLN3/SLC25A27/EPHA7/MT3/EGLN3/NTRK2/FCGR2B/NUPR1/BBC3/GDNF/PRKCG/PCSK9/GRIK2,46
BP,GO:0010543,regulation of platelet activation,14/2310,54/18805,0.25925925925925924,2.110549943883277,3.058283268597546,0.004696321119633714,0.048437356590664706,0.03981082902713783,ADAMTS18/EMILIN2/PDGFA/EMILIN1/PRKCD/IL6R/PDGFB/APOE/CEACAM1/SH2B3/PTPRJ/F11R/SVEP1/UBASH3B,14
BP,GO:0048286,lung alveolus development,14/2310,54/18805,0.25925925925925924,2.110549943883277,3.058283268597546,0.004696321119633714,0.048437356590664706,0.03981082902713783,PDGFA/LIF/HS6ST1/ADA/PKDCC/LTBP3/ERRFI1/FGFR2/FOSL2/TGFB3/GATA6/HOPX/SLC7A11/NKX2-1,14
BP,GO:0071622,regulation of granulocyte chemotaxis,14/2310,54/18805,0.25925925925925924,2.110549943883277,3.058283268597546,0.004696321119633714,0.048437356590664706,0.03981082902713783,NOD2/CD74/PERP/DPP4/CSF1R/MCU/THBS4/PTPRJ/RAC2/SLIT2/CMKLR1/TNFSF18/C5AR1/MSTN,14
BP,GO:0071398,cellular response to fatty acid,11/2310,38/18805,0.2894736842105263,2.356516290726817,3.132379234600919,0.004765440162880914,0.04906608167705982,0.040327580325749623,ID3/AKR1C3/PRKCD/LDLR/AKR1C2/KCNK10/AKR1C1/LPL/KCNK2/CLDN1/AKR1C4,11
BP,GO:0034698,response to gonadotropin,9/2310,28/18805,0.32142857142857145,2.6166512059369205,3.203591954873369,0.004858410911476023,0.049937820189239875,0.04104406519006735,ITGA3/GJB2/CCNA2/EFNA5/PAX8/INHBB/GATA6/WT1/PAPPA,9
CC,GO:0062023,collagen-containing extracellular matrix,124/2453,432/19880,0.28703703703703703,2.3262520571937615,10.455990895430686,2.935569388448162e-20,1.9521536433180277e-17,1.566667031519177e-17,SDC3/CSPG4/AGT/SERPINE1/SFRP2/MFAP4/HSP90B1/FBLN5/NCAN/ECM1/ITGB4/L1CAM/A2M/BCAN/THSD4/EMILIN2/PRELP/EFEMP1/LAMB3/CCN3/SRPX/INHBE/EMILIN1/NDP/SPON1/TNN/COL8A1/LEFTY2/COL20A1/AZGP1/COL3A1/ADAMTS15/NTN1/GDF15/CTSF/ADAM19/NPNT/AGRN/SLPI/SHH/ZP1/TIMP3/COL1A1/FMOD/LTBP3/MST1/COL1A2/ANXA11/PDGFB/ANGPTL4/COL16A1/MATN2/LRRC15/SMOC1/LOXL2/FGFR2/EFNA5/MATN3/F3/AEBP1/SERPINF1/ADAMTS9/PZP/LTBP1/PCSK6/SEMA7A/LAMA5/ADAMTS10/THBS4/MMP9/MGP/CHADL/CDH13/COL9A1/FBLN1/THBS2/LTBP2/APOE/POSTN/LOXL3/NID1/ELN/LUM/ADAMTS3/TGFB3/MMP23B/S100A10/BCAM/BGN/ENTPD2/SERPINA5/CBLN4/FBLN2/APLP1/TNC/COL26A1/S100A8/A1BG/NCAM1/FBN2/EFEMP2/CTSD/COL21A1/NTN4/LGALS1/COLQ/MATN4/ADAMTS5/ACAN/HPX/COL28A1/COL23A1/CILP/LMAN1/TGFBI/MYOC/ANGPTL1/IGFBPL1/TNR/SPOCK1/ITIH5/ACTA2/SERPINF2/HMCN2,124
CC,GO:0000775,"chromosome, centromeric region",77/2453,265/19880,0.29056603773584905,2.354852356375328,8.330200931760729,2.210435458338433e-13,7.34969789897529e-11,5.898372512513609e-11,HJURP/TOP2A/AURKA/CENPU/MAD2L1/SGO2/ZWINT/CENPA/KIF2C/CCNB1/NUF2/PLK1/DSN1/DSCC1/CENPE/SKA1/CDCA8/CENPH/ERCC6L/CENPN/SMC4/SGO1/NDC80/NEK2/SKA3/CDCA5/BUB1/ESCO2/CDT1/NCAPD2/TTK/NCAPG/SEPTIN6/HELLS/SUV39H2/SPAG5/CENPK/KNSTRN/SMARCE1/CENPO/AURKB/MIS18A/CENPI/BIRC5/DYNLT3/ACTL6A/H4C8/PLK5/OIP5/KNL1/SUV39H1/CENPW/NUP160/KIF18A/SNAI1/CENPF/ZWILCH/BUB1B/SPC25/CDC20/INCENP/CENPL/NCAPD3/MTCL1/PKHD1/SPDL1/NDE1/RASSF2/FIRRM/H4C9/SPC24/UHRF2/H2AC8/AHCTF1/H4C4/CKAP5/KNTC1,77
CC,GO:0000793,condensed chromosome,79/2453,285/19880,0.2771929824561403,2.246472275266233,7.951831057568246,1.6212139814690855e-12,3.5936909922564727e-10,2.8840543459818474e-10,HJURP/TOP2A/AURKA/CENPU/MAD2L1/CDK2/SGO2/RCC1/ZWINT/CENPA/KIF2C/CCNB1/NUF2/PLK1/RAD51/DSN1/CENPE/SKA1/CENPH/ERCC6L/CENPN/SMC4/FANCD2/PSMC3IP/SGO1/NDC80/NEK2/NCAPH/SKA3/BUB1/HMGB2/CDT1/HSPA2/NCAPD2/TTK/NCAPG/SEPTIN6/SPAG5/CENPK/KNSTRN/SMARCE1/BLM/CENPO/AURKB/BRCA2/CENPI/MKI67/BIRC5/NCAPG2/CHEK1/DYNLT3/ACTL6A/PLK5/KNL1/BRCA1/SUV39H1/CENPW/NUP160/KIF18A/TUBG1/CENPF/C14orf39/ZWILCH/BUB1B/SPC25/CDC20/INCENP/CENPL/NCAPD3/MTCL1/SPDL1/NDE1/RASSF2/FIRRM/SPC24/ESRRB/AHCTF1/CKAP5/KNTC1,79
CC,GO:0000779,"condensed chromosome, centromeric region",59/2453,186/19880,0.3172043010752688,2.570738485681347,8.074731971176275,2.5481909646303084e-12,4.2363674786978875e-10,3.399823208072543e-10,HJURP/AURKA/CENPU/MAD2L1/SGO2/ZWINT/CENPA/KIF2C/CCNB1/NUF2/PLK1/DSN1/CENPE/SKA1/CENPH/ERCC6L/CENPN/SGO1/NDC80/NEK2/SKA3/BUB1/CDT1/NCAPD2/TTK/NCAPG/SEPTIN6/SPAG5/CENPK/KNSTRN/SMARCE1/CENPO/AURKB/CENPI/BIRC5/DYNLT3/ACTL6A/PLK5/KNL1/CENPW/NUP160/KIF18A/CENPF/ZWILCH/BUB1B/SPC25/CDC20/INCENP/CENPL/NCAPD3/MTCL1/SPDL1/NDE1/RASSF2/FIRRM/SPC24/AHCTF1/CKAP5/KNTC1,59
CC,GO:0005819,spindle,105/2453,435/19880,0.2413793103448276,1.9562253117224513,7.56546481085969,5.537845499538814e-12,7.365334514386623e-10,5.910921406876166e-10,AURKA/CDK1/UHRF1/KIF20B/MAD2L1/TPX2/KIFC1/FAM83D/KIF18B/SHCBP1/KIF2C/CCNB1/HASPIN/PLK1/DSN1/CENPE/SKA1/CDCA8/MZT1/ESPL1/CALM1/DIAPH3/WDR62/MAP9/SGO1/KIF4A/HMMR/PRC1/NEK2/RACGAP1/SKA3/MYH9/TUBB/KIF20A/HSPA2/TTK/ODF2/SEPTIN6/SPAG5/TUBB6/CKAP2L/RASSF10/KNSTRN/FBXO5/AUNIP/POC1A/BORA/CDC6/ANXA11/AURKB/DCDC2/HAUS6/BIRC5/DLGAP5/STX1B/KIF15/KIF23/CRMP1/SPAG8/DYNLT3/CEP85/GPSM2/KIF14/PLK5/CCDC57/KIF11/TACC3/HAUS8/KIF18A/MAPRE3/TUBG1/CENPF/ZWILCH/BUB1B/CDC7/TPPP/ECT2/POC1B/CDC20/INCENP/MTCL1/PKHD1/CEP128/SPDL1/ALPK1/NDE1/TUBB4B/FIRRM/PKP4/GEM/FAM110A/HEPACAM2/BBLN/HECW2/CEP162/CEP44/BCL2L10/CKAP2/CKAP5/TTC23L/KNTC1/ASPM/RMDN2/TMEM9/FMN2,105
CC,GO:0000776,kinetochore,55/2453,174/19880,0.3160919540229885,2.5617236224936857,7.762726581447915,1.6273136396313628e-11,1.803605950591427e-9,1.447452658408949e-9,HJURP/AURKA/CENPU/MAD2L1/SGO2/ZWINT/KIF2C/CCNB1/NUF2/PLK1/DSN1/CENPE/SKA1/CENPH/ERCC6L/CENPN/SGO1/NDC80/NEK2/SKA3/BUB1/CDT1/TTK/SEPTIN6/SPAG5/CENPK/KNSTRN/SMARCE1/CENPO/AURKB/CENPI/BIRC5/DYNLT3/ACTL6A/PLK5/KNL1/CENPW/NUP160/KIF18A/CENPF/ZWILCH/BUB1B/SPC25/CDC20/INCENP/CENPL/MTCL1/SPDL1/NDE1/RASSF2/FIRRM/SPC24/AHCTF1/CKAP5/KNTC1,55
CC,GO:0097060,synaptic membrane,106/2453,452/19880,0.2345132743362832,1.9005804703649858,7.266284871024984,2.8250106777381098e-11,2.6837601438512045e-9,2.1538051332529647e-9,ITGA5/ITGA3/FOSL1/GPM6A/LRRC4B/NLGN3/KCNC1/ELFN2/ADCY1/EFNB3/NRXN2/LRRC4/CLSTN3/SHISA9/TENM2/DRD2/PLXNB1/KCNMA1/CNIH3/VANGL2/EFNB1/SLC6A9/CADM4/GRIK3/GRIA1/CRYAB/ACTN2/SHANK3/CHRNA9/EPHA4/LRP8/CACNG7/FAIM2/PCDH17/TMEM108/GLRA2/GABBR2/CNIH2/GABRQ/NTNG2/STX1B/KCND3/NRP1/KCNC4/SLITRK1/SLITRK3/ABCC8/KCNJ11/CHRM1/CSPG5/CACNG8/GRIK4/CNR1/SLC12A5/GPER1/RPH3A/HIP1R/GRIA3/ANK3/SYP/ELFN1/CHRNA5/DGKB/GRIN2D/SHC4/KCNJ2/SORCS2/ADRA2A/FBXO45/P2RY1/ATP2B1/GRIP2/GRID2IP/IGSF9B/GABRA3/LHFPL4/FBXO2/LRRTM2/KCNJ9/KCNK2/KCNA1/CHRNB2/GABRE/P2RX6/PCDH9/GRIA2/SNCAIP/GRIN2B/SLC16A7/OTOF/TRPV1/NRP2/NTNG1/CNR2/PRKCG/TMEM240/CHRNA4/NRCAM/GRIK2/SCN2A/CSMD2/PICK1/GRIN2C/PTCH1/LPAR2/TAMALIN,106
CC,GO:0045211,postsynaptic membrane,82/2453,321/19880,0.2554517133956386,2.0702731603364435,7.252847613953521,6.02462985368065e-11,5.007973565872041e-9,4.019062283968539e-9,ITGA5/ITGA3/LRRC4B/NLGN3/KCNC1/ELFN2/ADCY1/EFNB3/LRRC4/CLSTN3/SHISA9/TENM2/DRD2/PLXNB1/KCNMA1/CNIH3/VANGL2/SLC6A9/GRIK3/GRIA1/ACTN2/SHANK3/CHRNA9/EPHA4/LRP8/CACNG7/FAIM2/PCDH17/TMEM108/GLRA2/GABBR2/CNIH2/GABRQ/KCND3/NRP1/KCNC4/SLITRK1/SLITRK3/CHRM1/CSPG5/CACNG8/GRIK4/SLC12A5/RPH3A/GRIA3/ANK3/ELFN1/CHRNA5/DGKB/GRIN2D/SHC4/KCNJ2/SORCS2/ADRA2A/FBXO45/P2RY1/GRIP2/GRID2IP/IGSF9B/GABRA3/LHFPL4/FBXO2/LRRTM2/KCNK2/KCNA1/CHRNB2/GABRE/P2RX6/GRIA2/GRIN2B/SLC16A7/TRPV1/NRP2/CNR2/TMEM240/CHRNA4/NRCAM/GRIK2/CSMD2/GRIN2C/PTCH1/TAMALIN,82
CC,GO:0098687,chromosomal region,97/2453,408/19880,0.23774509803921567,1.9267723395921759,7.09631017301923,8.820693083847301e-11,6.5175121119538385e-9,5.230516249719979e-9,HJURP/TOP2A/AURKA/MCM3/CDK1/CENPU/ORC1/MAD2L1/CDK2/MCM4/SGO2/ZWINT/CENPA/KIF2C/CCNB1/NUF2/PLK1/RAD51/DSN1/DSCC1/CENPE/SKA1/CDCA8/CENPH/ERCC6L/CENPN/MCM6/SMC4/MCM2/SGO1/NDC80/XRCC3/FEN1/NEK2/SKA3/CDCA5/PCNA/BUB1/ESCO2/CDT1/NCAPD2/TTK/NCAPG/SEPTIN6/HELLS/RAD51AP1/SUV39H2/SPAG5/CENPK/KNSTRN/SMARCE1/BLM/MCM5/CENPO/AURKB/MIS18A/BRCA2/CENPI/BIRC5/DCLRE1B/CHEK1/DYNLT3/ACTL6A/H4C8/PLK5/OIP5/KNL1/SUV39H1/CENPW/NUP160/KIF18A/NABP1/POLD1/SNAI1/CENPF/ZWILCH/BUB1B/SPC25/CDC20/INCENP/CENPL/NCAPD3/DNA2/MTCL1/PKHD1/SPDL1/NDE1/RASSF2/FIRRM/H4C9/SPC24/UHRF2/H2AC8/AHCTF1/H4C4/CKAP5/KNTC1,97
CC,GO:0000940,outer kinetochore,15/2453,20/19880,0.75,6.0782715042804725,8.524639406960269,1.8974427239301129e-10,1.261799411413525e-8,1.0126352221395444e-8,ZWINT/CCNB1/NUF2/PLK1/DSN1/SKA1/NDC80/SKA3/BUB1/KNL1/CENPF/BUB1B/SPC25/SPDL1/SPC24,15
CC,GO:0005874,microtubule,105/2453,486/19880,0.21604938271604937,1.7509424086404652,6.288192028187989,4.723099799258532e-9,2.855328515006294e-7,2.2914943523675365e-7,APC2/AURKA/AKNA/CDK1/CLIP3/KIF20B/NDRG1/TPX2/KIFC1/KIF18B/KIF2C/PLK1/MAP1A/CENPE/SKA1/KIF26B/GTSE1/PBXIP1/CALM1/DCX/MAP9/KIF4A/NCKAP5/PRC1/NEK2/RACGAP1/EFHB/MAP6/CCT5/SKA3/TUBB/KIF20A/SPACA9/FGF13/ODF2/SPAG5/TUBB6/KNSTRN/SHROOM2/AURKB/SYBU/SNPH/DCDC2/HAUS6/BIRC5/RASSF3/KIF15/KIF23/GRAMD2B/ARHGAP18/ARHGAP4/RASSF5/SPAG8/REEP2/DYNLT3/KIF14/PDE4DIP/CASP1/CCDC57/KIF11/TTLL9/HID1/SPRY2/HAUS8/KIF18A/KIF4B/TPPP3/MAPRE3/TUBG1/TEKT2/ZWILCH/TPPP/MEFV/MTCL2/ENKUR/MT3/INCENP/MAP1LC3A/PACRG/MTCL1/TRIM55/CPAP/RADIL/RIBC1/NDE1/TUBB4B/GAS2L3/DNAI1/FAM110A/CFAP45/SVIL/BBLN/SAXO2/CEP162/CKAP2/CKAP5/SHROOM3/KNTC1/KIF26A/ASPM/DYNLRB2/RMDN2/DNAH17/CIMAP1D/IQGAP2,105
CC,GO:0051233,spindle midzone,19/2453,39/19880,0.48717948717948717,3.948278925857401,6.914389149329685,2.9806288493154534e-8,1.6517651539956471e-6,1.3255954619323988e-6,AURKA/KIF20B/KIF18B/PLK1/CENPE/CDCA8/MAP9/PRC1/RACGAP1/CDC6/AURKB/BIRC5/KIF14/KIF18A/MAPRE3/INCENP/FIRRM/PKP4/GEM,19
CC,GO:0045178,basal part of cell,73/2453,317/19880,0.2302839116719243,1.8663041842795984,5.83333665234642,7.440372488171863e-8,3.8060366958725298e-6,3.054468705670554e-6,MLC1/SLC7A5/PHLDB1/ITGA3/AURKA/SLCO4A1/SLC2A1/ITGB4/NOD2/MET/CD34/CLDN4/SLC43A2/SLC16A6/LDLR/SLC1A5/SLC40A1/ABCC3/SLC38A3/ATP1A1/SLC6A9/SLC26A11/CXADR/TF/ITGA1/SLC29A1/CA9/MSN/KCNJ10/ENPP1/PIANP/NDRG4/ITGA9/PDGFB/ABCA1/SLC16A10/TGFA/OSCP1/SLC14A1/AQP1/CA11/SLC43A3/FXYD5/ANK3/CEACAM1/CLDN11/ADRA2A/PLEKHG4B/SLC38A1/P2RY1/ATP2B1/MTTP/MUC20/SLC7A1/SLCO5A1/TACSTD2/PHLDB2/SLC4A7/SLC7A7/CLDN1/AQP4/SLC39A8/SLC16A7/OTOF/ABCC6/SHROOM4/FOLR1/MYO1A/KCNJ16/SLC5A3/SLC13A3/C5AR1/CADM1,73
CC,GO:0000922,spindle pole,48/2453,180/19880,0.26666666666666666,2.161163201521946,5.871257513515497,1.3434510044969071e-07,5.962956529589657e-6,4.7854672900703705e-6,AURKA/KIF20B/MAD2L1/TPX2/FAM83D/CCNB1/PLK1/DSN1/CALM1/DIAPH3/WDR62/SGO1/PRC1/NEK2/ODF2/SPAG5/CKAP2L/RASSF10/KNSTRN/AUNIP/POC1A/CDC6/AURKB/DLGAP5/KIF15/CEP85/GPSM2/PLK5/KIF11/TACC3/HAUS8/TUBG1/CENPF/POC1B/CDC20/MTCL1/CEP128/SPDL1/ALPK1/NDE1/PKP4/FAM110A/CEP44/CKAP2/CKAP5/KNTC1/ASPM/RMDN2,48
CC,GO:0009925,basal plasma membrane,69/2453,298/19880,0.23154362416107382,1.8765133503147768,5.719694982983594,1.345027788629246e-7,5.962956529589657e-6,4.7854672900703705e-6,MLC1/SLC7A5/ITGA3/AURKA/SLCO4A1/SLC2A1/ITGB4/NOD2/MET/CD34/CLDN4/SLC43A2/SLC16A6/LDLR/SLC1A5/SLC40A1/ABCC3/SLC38A3/ATP1A1/SLC6A9/SLC26A11/CXADR/TF/SLC29A1/CA9/MSN/KCNJ10/ENPP1/PIANP/NDRG4/ITGA9/PDGFB/ABCA1/SLC16A10/TGFA/OSCP1/SLC14A1/AQP1/CA11/SLC43A3/FXYD5/ANK3/CEACAM1/ADRA2A/PLEKHG4B/SLC38A1/P2RY1/ATP2B1/MTTP/MUC20/SLC7A1/SLCO5A1/TACSTD2/SLC4A7/SLC7A7/CLDN1/AQP4/SLC39A8/SLC16A7/OTOF/ABCC6/SHROOM4/FOLR1/MYO1A/KCNJ16/SLC5A3/SLC13A3/C5AR1/CADM1,69
CC,GO:0072686,mitotic spindle,48/2453,182/19880,0.26373626373626374,2.137414155351375,5.783330100376655,1.9307890275496292e-7,8.024841895753146e-6,6.440197611629355e-6,AURKA/CDK1/KIF20B/MAD2L1/TPX2/KIFC1/FAM83D/KIF18B/PLK1/CENPE/SKA1/ESPL1/MAP9/PRC1/RACGAP1/SKA3/TUBB/SPAG5/TUBB6/CKAP2L/KNSTRN/CDC6/AURKB/DCDC2/HAUS6/DLGAP5/KIF23/DYNLT3/GPSM2/KIF11/TACC3/HAUS8/KIF18A/MAPRE3/TUBG1/CDC7/TPPP/ECT2/PKHD1/TUBB4B/PKP4/GEM/HEPACAM2/HECW2/CKAP2/ASPM/RMDN2/TMEM9,48
CC,GO:0071162,CMG complex,9/2453,11/19880,0.8181818181818182,6.630841641033244,7.0083595877717215,2.847519548554251e-7,1.113882646934457e-5,8.939271895461333e-6,MCM3/MCM4/CDC45/GINS1/MCM6/MCM2/GINS4/MCM5/GINS2,9
CC,GO:0034702,monoatomic ion channel complex,77/2453,361/19880,0.21329639889196675,1.728631231134243,5.241641649804548,8.887170294918002e-7,3.2833156922891506e-5,2.6349680348090217e-5,TTYH2/KCNC1/KCNF1/CLDN4/CALM1/CACNA1G/KCNN4/SHISA9/KCNMA1/KCNK10/CNIH3/KCNS3/GRIK3/GRIA1/HSPA2/TTYH1/CNGA3/KCNG1/CACNB4/PDE4D/CHRNA9/CACNG7/KCNJ10/KCNIP2/GLRA2/CNIH2/GABRQ/KCND3/MCU/KCNC4/KCNIP3/ABCC8/SCN4B/KCNJ11/KCNAB1/CACNG8/GRIK4/BEST3/KCNH3/GRIA3/SCN5A/PTK2B/CHRNA5/TMEM109/SCN1B/KCNK13/CLIC2/GRIN2D/KCNJ2/KCNH8/CLCN7/KCNMB2/CLIC1/GABRA3/HVCN1/SCN1A/KCNJ9/KCNK2/KCNMB4/KCNA1/CHRNB2/GABRE/TMEM37/GRIA2/GRIN2B/CACNA1E/CATSPERE/LRRC8B/CHRNA4/GRIK2/SCN2A/KCNJ16/CASQ2/GRIN2C/PDE4B/LRRC8C/KCNK6,77
CC,GO:0005876,spindle microtubule,27/2453,83/19880,0.3253012048192771,2.6363587247481566,5.6047029051249195,1.2071080192195217e-6,4.224878067268326e-5,3.390602580300818e-5,AURKA/CDK1/KIF18B/PLK1/CENPE/SKA1/CALM1/MAP9/KIF4A/PRC1/SKA3/AURKB/HAUS6/BIRC5/DYNLT3/CCDC57/KIF11/HAUS8/KIF18A/MAPRE3/TUBG1/ZWILCH/MTCL1/FAM110A/BBLN/KNTC1/RMDN2,27
CC,GO:0098839,postsynaptic density membrane,35/2453,126/19880,0.2777777777777778,2.251211668252027,5.2859525337314865,2.3375823397229768e-6,7.772461279578898e-5,6.237653927576575e-5,LRRC4B/ELFN2/ADCY1/EFNB3/LRRC4/CLSTN3/SHISA9/VANGL2/GRIK3/GRIA1/ACTN2/EPHA4/LRP8/CACNG7/TMEM108/SLITRK1/SLITRK3/CHRM1/CACNG8/GRIK4/GRIA3/ELFN1/GRIN2D/SORCS2/ADRA2A/LRRTM2/KCNK2/GRIA2/GRIN2B/SLC16A7/TMEM240/NRCAM/GRIK2/CSMD2/GRIN2C,35
CC,GO:0045121,membrane raft,64/2453,291/19880,0.21993127147766323,1.782402640430471,5.044352112611919,2.483778442508016e-6,7.865298401275384e-5,6.312158748629393e-5,MLC1/CLIP3/ADRA1B/PECAM1/DLL1/SLC2A1/ATP1A2/SLC1A1/ADGRG1/HAS2/ADCY1/EPHB1/CDH15/MYADM/GPM6B/TRPM8/KCNMA1/ATP1A1/DPP4/EFNB1/TUBB/ENTPD1/CXADR/ERLIN1/SHH/LRP8/TNFRSF1B/FAIM2/RTN4RL1/LYPD6/ABCA1/EFNA5/FAS/LIPE/CDH13/SMO/CNR1/SCN5A/GPRC5B/KIF18A/EFHD2/ABCB4/SORBS1/CORO1C/S100A10/CDH1/CLN3/NFAM1/NPC1/PLVAP/ADD2/CTSD/CHRNB2/MME/PODXL/CAVIN2/NOS1AP/TLR6/MYO1A/RFTN1/KIRREL1/PTCH1/ADCY2/TNR,64
CC,GO:0099572,postsynaptic specialization,81/2453,396/19880,0.20454545454545456,1.657710410258311,4.9599577125648064,2.6795865879695955e-6,8.099659459089914e-5,6.500241148806626e-5,AURKA/LRRC4B/ELFN2/ADCY1/EFNB3/DBNL/LRRC4/CLSTN3/SHISA9/ATP1A1/VANGL2/SLC6A9/GRIK3/GRIA1/DCLK1/ACTN2/SHANK3/CTNND2/WWC1/EPHA4/LRP8/SH2D5/CACNG7/TMEM108/MAPK8IP2/GLRA2/CNIH2/KCND3/INSYN1/SLITRK1/SLITRK3/CHRM1/GPSM2/PAK3/SRCIN1/CACNG8/GRIK4/SLC12A5/GPER1/HIP1R/GRIA3/ELFN1/PTK2B/SEPTIN11/GRIN2D/SORCS2/DRP2/ADRA2A/FBXO45/P2RY1/GRIP2/TNIK/GRID2IP/IGSF9B/LHFPL4/FAM81A/ADD2/ADGRA1/LRRTM2/KCNK2/CHRNB2/NTRK2/P2RX6/GRIA2/PKP4/ADGRB1/GRIN2B/SLC8A1/SLC16A7/PRKCG/TMEM240/NRCAM/GRIK2/CSMD2/PICK1/GRIN2C/PDE4B/SPOCK1/CADM1/TAMALIN/INSYN2A,81
CC,GO:0031261,DNA replication preinitiation complex,9/2453,13/19880,0.6923076923076923,5.6107121577973595,6.238903469353325,2.9298482815955984e-6,8.471083075048143e-5,6.798320726631434e-5,MCM3/MCM4/CDC45/GINS1/MCM6/MCM2/GINS4/MCM5/GINS2,9
CC,GO:0098857,membrane microdomain,64/2453,293/19880,0.21843003412969283,1.7702360695060306,4.983201244016191,3.162799086181407e-6,8.763589134627648e-5,7.033066389008655e-5,MLC1/CLIP3/ADRA1B/PECAM1/DLL1/SLC2A1/ATP1A2/SLC1A1/ADGRG1/HAS2/ADCY1/EPHB1/CDH15/MYADM/GPM6B/TRPM8/KCNMA1/ATP1A1/DPP4/EFNB1/TUBB/ENTPD1/CXADR/ERLIN1/SHH/LRP8/TNFRSF1B/FAIM2/RTN4RL1/LYPD6/ABCA1/EFNA5/FAS/LIPE/CDH13/SMO/CNR1/SCN5A/GPRC5B/KIF18A/EFHD2/ABCB4/SORBS1/CORO1C/S100A10/CDH1/CLN3/NFAM1/NPC1/PLVAP/ADD2/CTSD/CHRNB2/MME/PODXL/CAVIN2/NOS1AP/TLR6/MYO1A/RFTN1/KIRREL1/PTCH1/ADCY2/TNR,64
CC,GO:0099634,postsynaptic specialization membrane,40/2453,156/19880,0.2564102564102564,2.0780415399249477,5.07148357588565,4.1647597037236715e-6,1.1078260811904966e-4,8.890665978054322e-5,LRRC4B/ELFN2/ADCY1/EFNB3/LRRC4/CLSTN3/SHISA9/VANGL2/GRIK3/GRIA1/ACTN2/EPHA4/LRP8/CACNG7/TMEM108/GLRA2/KCND3/SLITRK1/SLITRK3/CHRM1/CACNG8/GRIK4/SLC12A5/GRIA3/ELFN1/GRIN2D/SORCS2/ADRA2A/LRRTM2/KCNK2/CHRNB2/P2RX6/GRIA2/GRIN2B/SLC16A7/TMEM240/NRCAM/GRIK2/CSMD2/GRIN2C,40
CC,GO:0032279,asymmetric synapse,77/2453,376/19880,0.2047872340425532,1.659669878828356,4.844996391296448,4.47490364685618e-6,1.1297799291660609e-4,9.066852775420544e-5,AURKA/SLC1A1/LRRC4B/NLGN3/C1QL1/ELFN2/ADCY1/EFNB3/DBNL/LRRC4/CLSTN3/SHISA9/ATP1A1/VANGL2/SLC6A9/GRIK3/GRIA1/DCLK1/ACTN2/SHANK3/CTNND2/WWC1/EPHA4/LRP8/SH2D5/CACNG7/TMEM108/MAPK8IP2/CNIH2/INSYN1/SLITRK1/SLITRK3/CHRM1/GPSM2/PAK3/SRCIN1/CACNG8/GRIK4/GPER1/HIP1R/GRIA3/ELFN1/PTK2B/GRIN2D/SORCS2/DRP2/ADRA2A/FBXO45/P2RY1/GRIP2/TNIK/GRID2IP/IGSF9B/FAM81A/ADD2/ADGRA1/LRRTM2/KCNK2/NTRK2/GRIA2/PKP4/ADGRB1/GRIN2B/SLC8A1/SLC16A7/PRKCG/TMEM240/NRCAM/GRIK2/CSMD2/PICK1/GRIN2C/PDE4B/SPOCK1/CADM1/TAMALIN/INSYN2A,77
CC,GO:0016328,lateral plasma membrane,23/2453,69/19880,0.3333333333333333,2.701454001902432,5.311611278057699,4.587076404132878e-6,1.1297799291660609e-4,9.066852775420544e-5,ATP1B2/CLDN4/DRD2/ATP1A1/VANGL2/GJB2/IQGAP3/SLC6A9/FGF13/GPSM2/ANK3/SCN5A/CEACAM1/CORO1C/CDH1/DSG2/C1QTNF5/MTCL1/TACSTD2/CLDN1/VANGL1/MYO1A/CLDN5,23
CC,GO:0014069,postsynaptic density,74/2453,360/19880,0.20555555555555555,1.6658966345064998,4.783578321082286,5.928345119363779e-6,1.4079819658488975e-4,1.1299514945554271e-4,AURKA/LRRC4B/ELFN2/ADCY1/EFNB3/DBNL/LRRC4/CLSTN3/SHISA9/ATP1A1/VANGL2/SLC6A9/GRIK3/GRIA1/DCLK1/ACTN2/SHANK3/CTNND2/WWC1/EPHA4/LRP8/SH2D5/CACNG7/TMEM108/MAPK8IP2/CNIH2/INSYN1/SLITRK1/SLITRK3/CHRM1/GPSM2/PAK3/SRCIN1/CACNG8/GRIK4/GPER1/HIP1R/GRIA3/ELFN1/PTK2B/GRIN2D/SORCS2/DRP2/ADRA2A/FBXO45/P2RY1/GRIP2/TNIK/GRID2IP/IGSF9B/FAM81A/ADD2/ADGRA1/LRRTM2/KCNK2/NTRK2/GRIA2/PKP4/ADGRB1/GRIN2B/SLC8A1/SLC16A7/PRKCG/TMEM240/NRCAM/GRIK2/CSMD2/PICK1/GRIN2C/PDE4B/SPOCK1/CADM1/TAMALIN/INSYN2A,74
CC,GO:0005604,basement membrane,28/2453,97/19880,0.28865979381443296,2.3394034655649927,4.96119086413884,1.0523457534846626e-5,2.41313767609414e-4,1.9366217677558038e-4,ITGB4/LAMB3/COL8A1/NTN1/NPNT/AGRN/TIMP3/COL16A1/MATN2/SMOC1/LOXL2/EFNA5/SERPINF1/LAMA5/THBS4/FBLN1/THBS2/NID1/ENTPD2/APLP1/TNC/EFEMP2/NTN4/COLQ/COL28A1/TGFBI/ACTA2/HMCN2,28
CC,GO:0030496,midbody,48/2453,209/19880,0.22966507177033493,1.8612888816935418,4.69616654347739,1.2982363638647799e-5,2.8777572732335957e-4,2.309494163085766e-4,APC2/AURKA/CDK1/KIF20B/HSP90B1/SLC2A1/SHCBP1/PLK1/AGAP2/GNL3/CENPE/CDCA8/ARF6/KIF4A/PRC1/NEK2/RACGAP1/KIF20A/SEPTIN6/SPAG5/CEP55/ANXA11/AURKB/BIRC5/KIF23/CRMP1/ANLN/KIF14/STK17B/MAPRE3/CENPF/ECT2/MTCL2/FAM50B/INCENP/MTCL1/TACC1/FIRRM/PKP4/GEM/HEPACAM2/SVIL/CEP44/RASGEF1B/TTC23L/URB2/ASPM/PTCH1,48
CC,GO:0098984,neuron to neuron synapse,81/2453,414/19880,0.1956521739130435,1.585636044594906,4.517772267243042,1.5238804234563033e-5,3.181743434294835e-4,2.5534529816976354e-4,ATP1B2/AURKA/SLC1A1/LRRC4B/NLGN3/C1QL1/ELFN2/ADCY1/EFNB3/DBNL/LRRC4/CLSTN3/SHISA9/ATP1A1/VANGL2/SLC6A9/GRIK3/GRIA1/DCLK1/ACTN2/SHANK3/CALB1/CTNND2/WWC1/EPHA4/LRP8/SH2D5/CACNG7/TMEM108/MAPK8IP2/CNIH2/INSYN1/SLITRK1/SLITRK3/CHRM1/GPSM2/PAK3/SRCIN1/CACNG8/GRIK4/ROGDI/GPER1/HIP1R/GRIA3/ELFN1/PTK2B/SEPTIN11/GRIN2D/SORCS2/DRP2/ADRA2A/FBXO45/P2RY1/GRIP2/TNIK/GRID2IP/IGSF9B/FAM81A/ADD2/ADGRA1/LRRTM2/KCNK2/NTRK2/GRIA2/PKP4/ADGRB1/GRIN2B/SLC8A1/SLC16A7/PRKCG/TMEM240/NRCAM/GRIK2/CSMD2/PICK1/GRIN2C/PDE4B/SPOCK1/CADM1/TAMALIN/INSYN2A,81
CC,GO:0016323,basolateral plasma membrane,57/2453,264/19880,0.2159090909090909,1.7498054330504391,4.601294656052954,1.5310645097358602e-5,3.181743434294835e-4,2.5534529816976354e-4,MLC1/SLC7A5/ITGA3/AURKA/SLCO4A1/SLC2A1/NOD2/SLC43A2/SLC16A6/LDLR/SLC40A1/ABCC3/SLC38A3/ATP1A1/SLC6A9/SLC26A11/CXADR/SLC29A1/CA9/MSN/KCNJ10/ENPP1/PIANP/NDRG4/PDGFB/ABCA1/SLC16A10/TGFA/SLC14A1/AQP1/CA11/SLC43A3/FXYD5/ANK3/ADRA2A/SLC38A1/P2RY1/ATP2B1/MTTP/MUC20/SLC7A1/SLCO5A1/SLC4A7/SLC7A7/CLDN1/AQP4/SLC39A8/SLC16A7/OTOF/ABCC6/FOLR1/MYO1A/KCNJ16/SLC5A3/SLC13A3/C5AR1/CADM1,57
CC,GO:0005657,replication fork,23/2453,74/19880,0.3108108108108108,2.518923326098214,4.911204852618866,1.6994182043876437e-5,3.4245851694478274e-4,2.748341402311118e-4,MCM3/UHRF1/EME1/TIMELESS/POLH/XRCC3/PCNA/RFC3/PRIM2/POLD3/RFC4/BLM/RFC5/XRCC2/RAD18/WDHD1/MCM10/CHEK1/PRIM1/POLD1/MMS22L/RECQL5/BRIP1,23
CC,GO:0097386,glial cell projection,15/2453,40/19880,0.375,3.0391357521402362,4.843285008095892,4.3560128252542466e-5,8.519848614100217e-4,6.837456663789175e-4,GFAP/ATP1B2/SLC1A1/ADGRG1/HEPACAM/GJB2/CNGA3/KCNJ10/CRB1/ABCA7/LCP1/MT3/KCNK2/AQP4/SLC7A11,15
CC,GO:0008328,ionotropic glutamate receptor complex,15/2453,41/19880,0.36585365853658536,2.9650104898929137,4.725324501822149,6.089791553524951e-5,0.0011570603951697408,9.285787421465112e-4,SHISA9/CNIH3/GRIK3/GRIA1/CACNG7/CNIH2/CACNG8/GRIK4/GRIA3/PTK2B/GRIN2D/GRIA2/GRIN2B/GRIK2/GRIN2C,15
CC,GO:0097449,astrocyte projection,10/2453,21/19880,0.47619047619047616,3.8592200027177603,4.918280096999778,7.765994644143423e-5,0.0014345517884320489,0.0011512746446142442,GFAP/ATP1B2/ADGRG1/HEPACAM/GJB2/KCNJ10/MT3/KCNK2/AQP4/SLC7A11,10
CC,GO:0009897,external side of plasma membrane,76/2453,401/19880,0.18952618453865336,1.535988809061732,4.067984645360493,8.259980908224242e-5,0.0014845641362078704,0.0011914111864778636,ATP1B2/MILR1/CXCR4/SLC7A5/ITGA5/ITGA3/SDC1/PLAUR/PECAM1/P2RX7/SLC1A1/ACKR3/CD34/CD74/PLAU/IL13RA2/FCRLA/LDLR/TRPM8/AZGP1/NT5E/GRIA1/ANPEP/ADA/ITGA1/IL6R/ICOSLG/FCGR2A/ITGA9/ABCA1/EFNA5/F3/FAS/SEMA7A/ENOX1/CDH13/HLA-DRB1/EPOR/GHR/CNTFR/BCAM/SLC38A1/SERPINA5/MBL2/ACKR2/PKHD1/NCAM1/ITGA6/IL21R/CHRNB2/CLEC4F/LRRC24/GRIA2/AQP4/FCGR2B/IL12RB2/IL1RL1/CXCL10/CD83/TNFRSF14/TRPV1/KLRK1/KLRC4-KLRK1/FCGRT/CCR4/MICB/IL13/FOLR1/CHRNA4/ENPP3/PCSK9/NRCAM/ADGRE1/CD163L1/CA4/KIT,76
CC,GO:0042555,MCM complex,7/2453,11/19880,0.6363636363636364,5.1573212763591885,5.174360119506561,9.054554933564451e-5,0.001584547113373779,0.0012716507898385533,MCM3/MCM4/MCM6/MCM2/MCM8/MCM5/MMS22L,7
CC,GO:0014704,intercalated disc,17/2453,52/19880,0.3269230769230769,2.649502963404309,4.468379412359205,1.0352764709526497e-4,0.0017652791107269539,0.001416694118145731,PGM5/SLC2A1/ATP1A2/FGF13/CXADR/ACTN1/SCN4B/KCNJ11/ANK3/SCN5A/SCN1B/KCNJ2/DSG2/SCN1A/TMEM65/SLC8A1/SCN2A,17
CC,GO:0005875,microtubule associated complex,36/2453,157/19880,0.22929936305732485,1.858325045894667,4.050884397252427,1.5370633798374677e-4,0.00255536786897979,0.002050766140993674,AURKA/KIF20B/KIFC1/KIF18B/TTBK1/KIF2C/MAP1A/CDCA8/DCX/KIF4A/KIF20A/DNAAF19/LRP8/AURKB/HAUS6/BIRC5/KIF15/KIF23/DYNLT5/DYNLT3/KIF14/KIF11/CFAP70/HAUS8/KIF18A/KIF4B/DNAI4/MEFV/INCENP/NDE1/DNAI1/DNAI7/FNTB/DYNLRB2/DYNLT4/DNAH17,36
CC,GO:0032432,actin filament bundle,25/2453,95/19880,0.2631578947368421,2.1327268436071836,4.151965090612429,1.605970165128723e-4,0.002560744996890613,0.0020550814616913976,TPM4/PGM5/TPM3/ABLIM3/ROR1/DIAPH3/MYLK/XIRP1/MYH9/CRYAB/ACTN1/LIMCH1/AFAP1L1/PLS1/FAM107A/SEPTIN11/SORBS1/MYH7/RAI14/ABLIM1/LCP1/PDLIM2/SHROOM4/ACTA2/PDLIM1,25
CC,GO:0000228,nuclear chromosome,49/2453,236/19880,0.2076271186440678,1.6826853316934645,3.9581872518770993,1.6173126296151237e-4,0.002560744996890613,0.0020550814616913976,TOP2A/MCM3/ORC1/MCM4/RCC1/CDC45/ORC6/PLK1/RAD51/EME1/GINS1/HMGA2/MCM6/SMC4/MCM2/PSMC3IP/GINS4/TIMELESS/NEK2/NCAPH/PCNA/HSPA2/NCAPD2/PRIM2/NCAPG/POLD3/SMARCE1/BLM/MCM5/BRCA2/BIRC5/GINS2/NCAPG2/POLE2/WDHD1/MCM10/CHEK1/PRIM1/ACTL6A/BRCA1/SUV39H1/POLD1/MMS22L/TUBG1/C14orf39/INCENP/NCAPD3/FIGNL1/UCHL5,49
CC,GO:0031253,cell projection membrane,68/2453,359/19880,0.1894150417827298,1.5350880679334156,3.8384526315488743,1.9366446646556083e-4,0.002995043493013906,0.0024036201835505346,ATP1B2/CSPG4/APC2/SLC7A5/ITGA5/ITGA3/MCHR1/SNTG1/KCNC1/KCNN4/PTPRH/ARF6/SPRY4/SHISA9/ADCY3/DRD2/EFCAB7/DPP4/GPR37L1/GRIA1/TTYH1/GPR88/SHANK3/CDHR2/EPS8L2/WWC1/CA9/MSN/EPHA2/ADGRV1/NDRG4/ADGRE2/KCNC4/PSD4/FAM107A/SMO/DHRS3/AQP1/KCNJ11/ABCA7/SLC12A5/GPER1/HIP1R/SPRY2/ROM1/FZD9/CEACAM1/LAMP5/CORO1C/ROBO2/LCP1/TMEM17/MTTP/MUC20/GPR157/GABRA3/PTPRJ/GABRE/SLC34A3/PLB1/MXRA8/SLC7A11/TRPV1/PODXL/FOLR1/KIRREL1/PTCH1/CA4,68
CC,GO:0005901,caveola,22/2453,81/19880,0.2716049382716049,2.2011847422908706,4.064109624784543,2.385246180529958e-4,0.0036049743410282316,0.002893109601743274,MLC1/ADRA1B/SLC2A1/ATP1A2/CDH15/KCNMA1/ENTPD1/LRP8/EFNA5/LIPE/CDH13/SMO/SCN5A/KIF18A/SORBS1/CORO1C/CDH1/CLN3/PLVAP/CAVIN2/NOS1AP/PTCH1,22
CC,GO:0098878,neurotransmitter receptor complex,15/2453,46/19880,0.32608695652173914,2.64272674099151,4.184791390947533,2.6942644636000404e-4,0.003981524151764505,0.0031953031182344336,SHISA9/CNIH3/GRIK3/GRIA1/CACNG7/CNIH2/CACNG8/GRIK4/GRIA3/PTK2B/GRIN2D/GRIA2/GRIN2B/GRIK2/GRIN2C,15
CC,GO:0043292,contractile muscle fiber,51/2453,254/19880,0.20078740157480315,1.6272537885475282,3.7746699132178416,2.839849818271258e-4,0.004105435063370406,0.003294745670168256,TPM4/PGM5/SLC2A1/TPM3/DEK/CALM1/KRT8/FHL2/NPNT/CRYAB/BAG3/ACTN2/IGFN1/ACTN1/MYBPC2/AHNAK2/KY/TMOD4/MYH15/FHOD3/TMOD1/PDE4DIP/MYH11/ANK3/SCN5A/CFL2/MYH7/KLHL41/CORO1C/CSRP3/MYH7B/MYOZ2/MYH3/SYNPO2L/PDLIM2/SCN1A/NEXN/MYL5/MYPN/LMOD1/CASQ1/SLC8A1/TNNT3/SVIL/LMAN1/NOS1AP/JPH1/CASQ2/PDE4B/ACTA2/PDLIM1,51
CC,GO:0044309,neuron spine,39/2453,180/19880,0.21666666666666667,1.755945101236581,3.8223294965110246,2.940148920931075e-4,0.004159997941317372,0.0033385341610572337,ATP1A2/SLC1A1/GPM6A/LRRC4/SHISA9/TENM2/DRD2/GRIA1/CRYAB/HAP1/ACTN2/SHANK3/CALB1/EPHA4/CNIH2/KCND3/ITPKA/GPER1/RPH3A/HIP1R/GRIA3/PTK2B/SEPTIN11/PTCHD1/KCNJ2/SORCS2/GRIP2/MT3/FBXO2/NTRK2/P2RX6/GRIA2/FCGR2B/ADGRB1/TRPV1/FRMPD4/OPHN1/PRKAR2B/PDE4B,39
CC,GO:0042734,presynaptic membrane,39/2453,181/19880,0.2154696132596685,1.7462437470861027,3.783838814026743,3.3092911495082825e-4,0.004584747113381266,0.003679409238598025,ITGA3/FOSL1/GPM6A/LRRC4B/KCNC1/EFNB3/NRXN2/DRD2/EFNB1/SLC6A9/GRIK3/GRIA1/EPHA4/PCDH17/NTNG2/STX1B/KCNC4/ABCC8/KCNJ11/CHRM1/GRIK4/CNR1/GPER1/SYP/GRIN2D/ADRA2A/FBXO45/P2RY1/ATP2B1/KCNJ9/KCNA1/CHRNB2/SNCAIP/OTOF/NTNG1/GRIK2/SCN2A/PICK1/LPAR2,39
CC,GO:0005881,cytoplasmic microtubule,29/2453,122/19880,0.23770491803278687,1.9264467062746853,3.8509119772614393,3.410432949602085e-4,0.004628444717317115,0.0037144779923700476,APC2/KIF18B/KIF2C/GTSE1/MAP9/EFHB/SPACA9/SYBU/SNPH/BIRC5/GRAMD2B/ARHGAP18/SPAG8/REEP2/DYNLT3/PDE4DIP/HID1/KIF18A/MAPRE3/TUBG1/TEKT2/ENKUR/PACRG/RIBC1/TUBB4B/CFAP45/SAXO2/CEP162/CIMAP1D,29
CC,GO:0016324,apical plasma membrane,75/2453,413/19880,0.18159806295399517,1.4717364417144003,3.634625453143928,3.585633277658165e-4,0.00476889225928536,0.0038271917300477677,ATP1B2/CSPG4/SLC7A5/DLL1/SLC2A1/PDGFRB/SLC1A1/CD34/CLDN4/PTPRH/KCNMA1/SLC38A3/ATP1A1/DPP4/VANGL2/CRB2/SLC6A9/SLC26A11/TF/CDHR2/PDE4D/SLC29A1/IL6R/MSN/STX3/CRB1/SHROOM2/LRRC15/PALM2AKAP2/AQP1/STC1/SLC15A2/HIP1R/STK26/ABCB4/SLC47A2/SLC16A2/CEACAM1/CNTFR/DSG2/C1QTNF5/SLC38A1/P2RY1/MUC20/TNIK/SLC7A1/MTCL1/HVCN1/SLC4A7/ATP8B1/PKHD1/KCNK2/MUC1/DUOX2/KCNA1/CLDN1/SLC34A3/LMO7/PLB1/ADGRG2/SLC39A8/SLC5A12/SHROOM4/PODXL/FOLR1/UPK2/ENPP3/MYO1A/AQP6/SHROOM3/SLC5A3/ASPM/CA4/ABCC11/CYP4F12,75
CC,GO:0001527,microfibril,7/2453,13/19880,0.5384615384615384,4.363887233842391,4.551784413225786,3.756745942647674e-4,0.004898502062471967,0.0039312078285291445,MFAP4/THSD4/LTBP1/ADAMTS10/FBN2/EFEMP2/FBN3,7
CC,GO:0044304,main axon,20/2453,73/19880,0.273972602739726,2.2203731522485746,3.9190377731572745,3.9731866472676324e-4,0.005081094462371107,0.0040777441906167805,KCNC1/MAP1A/CNGA3/IQCJ-SCHIP1/TNFRSF1B/KCNJ11/KCNAB1/ANK3/SCN1B/ROBO2/SCN1A/KCNK2/KCNA1/GJC2/CRH/NRCAM/MYOC/SCN2A/SPOCK1/CLDN5,20
CC,GO:0030315,T-tubule,16/2453,53/19880,0.3018867924528302,2.4465998507795614,3.9563305795174815,4.5724981449321843e-4,0.005654572204081429,0.004537978800901122,ATP1A2/ATP1A1/CACNG7/AHNAK2/KCNJ11/CACNG8/ANK3/SCN5A/SCN1B/TGFB3/KCNJ2/SCN1A/CASQ1/SLC8A1/NOS1AP/SCN2A,16
CC,GO:0098637,protein complex involved in cell-matrix adhesion,8/2453,17/19880,0.47058823529411764,3.8138174144504933,4.354443680710968,4.5916826920360475e-4,0.005654572204081429,0.004537978800901122,PLAUR/EMILIN2/EMILIN1/PLAU/TNN/NID1/TNC/TNR,8
CC,GO:0043197,dendritic spine,38/2453,178/19880,0.21348314606741572,1.7301446978476254,3.671119359136177,4.740913446693754e-4,0.005732195349184266,0.004600273909040637,ATP1A2/SLC1A1/GPM6A/LRRC4/SHISA9/TENM2/DRD2/GRIA1/CRYAB/HAP1/ACTN2/SHANK3/CALB1/EPHA4/CNIH2/KCND3/ITPKA/GPER1/RPH3A/HIP1R/GRIA3/PTK2B/SEPTIN11/PTCHD1/KCNJ2/SORCS2/MT3/FBXO2/NTRK2/P2RX6/GRIA2/FCGR2B/ADGRB1/TRPV1/FRMPD4/OPHN1/PRKAR2B/PDE4B,38
CC,GO:0001725,stress fiber,22/2453,85/19880,0.25882352941176473,2.097599577947771,3.804611940207706,4.975576371816877e-4,0.005804839100453023,0.004658572891064001,TPM4/PGM5/TPM3/ABLIM3/ROR1/MYLK/XIRP1/MYH9/ACTN1/LIMCH1/AFAP1L1/FAM107A/SEPTIN11/SORBS1/MYH7/RAI14/ABLIM1/LCP1/PDLIM2/SHROOM4/ACTA2/PDLIM1,22
CC,GO:0097517,contractile actin filament bundle,22/2453,85/19880,0.25882352941176473,2.097599577947771,3.804611940207706,4.975576371816877e-4,0.005804839100453023,0.004658572891064001,TPM4/PGM5/TPM3/ABLIM3/ROR1/MYLK/XIRP1/MYH9/ACTN1/LIMCH1/AFAP1L1/FAM107A/SEPTIN11/SORBS1/MYH7/RAI14/ABLIM1/LCP1/PDLIM2/SHROOM4/ACTA2/PDLIM1,22
CC,GO:0045177,apical part of cell,84/2453,479/19880,0.17536534446764093,1.4212242348213215,3.5010940249123004,5.226283979442188e-4,0.005992204907463888,0.004808940068198166,ATP1B2/CSPG4/SLC7A5/DLL1/SLC2A1/PDGFRB/SLC1A1/CD34/CLDN4/PTPRH/LDLR/KCNMA1/SLC38A3/ATP1A1/DPP4/VANGL2/CRB2/SLC6A9/SLC26A11/TF/CDHR2/PDE4D/ITPR3/SLC29A1/IL6R/MSN/STX3/CRB1/SHROOM2/LRRC15/PALM2AKAP2/PLAT/AQP1/STC1/SLC15A2/HIP1R/STK26/ABCB4/SLC47A2/TUBG1/SLC16A2/CEACAM1/CNTFR/DSG2/C1QTNF5/SVBP/SLC38A1/P2RY1/MUC20/SLC25A27/TNIK/SLC7A1/MTCL1/HVCN1/SLC4A7/ATP8B1/PKHD1/KCNK2/MUC1/DUOX2/KCNA1/CLDN1/SLC34A3/LMO7/PLB1/ADGRG2/SLC39A8/SLC5A12/SLC7A11/SHROOM4/PODXL/FOLR1/UPK2/ENPP3/MYO1A/AQP6/SHROOM3/SLC5A3/ASPM/PTCH1/C5AR1/CA4/ABCC11/CYP4F12,84
CC,GO:0044306,neuron projection terminus,30/2453,131/19880,0.22900763358778625,1.8559607646657932,3.687666825060873,5.348066762088877e-4,0.006027905757269666,0.004837591165707512,SLC1A1/SCRG1/KCNC1/CALM1/ROR1/TNN/DRD2/GRIK3/SEPTIN6/CALB1/EPHA4/GAD1/KCNC4/CHRM1/GPER1/SYP/ELFN1/ADRA2A/GCH1/CABP4/SLC18A1/KCNK2/KCNA1/NTRK2/SLC8A1/MME/OPHN1/PRKCG/PTPRN/FLRT1,30
CC,GO:0098982,GABA-ergic synapse,26/2453,108/19880,0.24074074074074073,1.95105011248509,3.7181311402883814,5.485608188144182e-4,0.006079882408526469,0.004879304125244036,NLGN3/CLSTN3/DRD2/CALB1/PCDH17/GAD1/GLRA2/EFNA5/KCND3/SEMA7A/INSYN1/CDH13/SLITRK1/SLITRK3/CSPG5/CNR1/SEPTIN11/BAIAP3/LAMP5/ADRA2A/CBLN4/LHFPL4/LRRTM2/SHROOM4/TRPV1/PRAF2,26
CC,GO:0005581,collagen trimer,22/2453,86/19880,0.2558139534883721,2.0732088851809367,3.741979703803028,5.918485500531123e-4,0.006452119439103601,0.005178036494856392,EMILIN2/C1QL1/EMILIN1/COL8A1/COL20A1/C1QTNF6/COL3A1/COL1A1/COL1A2/COL16A1/COL9A1/LUM/EMID1/GLDN/C1QTNF5/MBL2/COL26A1/COL21A1/COLQ/MSR1/COL28A1/COL23A1,22
CC,GO:0060076,excitatory synapse,19/2453,70/19880,0.2714285714285714,2.1997554015491234,3.7725431986154803,6.236715316985234e-4,0.0066893801383793245,0.00536844595197201,ITGA3/GPM6A/NLGN3/C1QL1/LRRC4/SLC6A9/GRIA1/FGFR2/GRIA3/SYP/ELFN1/GRID2IP/LRRTM2/KCNJ9/P2RX6/GRIA2/SLC16A7/TMEM240/PDE4B,19
CC,GO:0045171,intercellular bridge,23/2453,92/19880,0.25,2.0260905014268245,3.7009511737312035,6.376927278288169e-4,0.0067312010159708445,0.005402008571582459,APC2/PHLDB1/KIF20B/TPX2/FAM83D/CENPE/SKA1/CD34/CDCA8/PRC1/TUBB/KIF20A/TUBB6/CEP55/CDC6/PKNOX2/GSTM2/CDC7/FAM50B/TUBB4B/NUPR1/OPN1SW/TMEM9,23
CC,GO:0044853,plasma membrane raft,27/2453,115/19880,0.23478260869565218,1.902763253513887,3.6425800882728563,6.592505370841233e-4,0.006824110418292559,0.005476571400196799,MLC1/ADRA1B/SLC2A1/ATP1A2/HAS2/CDH15/TRPM8/KCNMA1/ENTPD1/LRP8/EFNA5/LIPE/CDH13/SMO/SCN5A/KIF18A/SORBS1/CORO1C/CDH1/CLN3/PLVAP/ADD2/CHRNB2/CAVIN2/NOS1AP/MYO1A/PTCH1,27
CC,GO:1990023,mitotic spindle midzone,7/2453,14/19880,0.5,4.052181002853649,4.286016242714866,6.713893358675116e-4,0.006824110418292559,0.005476571400196799,KIF20B/KIF18B/CENPE/MAP9/PRC1/AURKB/KIF18A,7
CC,GO:0043202,lysosomal lumen,24/2453,98/19880,0.24489795918367346,1.9847417156834197,3.6663591072681943,6.772801317403141e-4,0.006824110418292559,0.005476571400196799,CTSV/SDC3/CSPG4/SDC1/NCAN/PDGFRB/BCAN/PRELP/CD74/CTSF/AGRN/FMOD/FUCA1/HEXA/CSPG5/SGSH/LUM/IDUA/BGN/ARSA/CTSD/ACAN/NAGLU/NEU4,24
CC,GO:0044291,cell-cell contact zone,20/2453,76/19880,0.2631578947368421,2.1327268436071836,3.7118486131301895,6.999912633568762e-4,0.006947674479586906,0.005575735593431834,PGM5/SLC2A1/ATP1A2/CADM4/FGF13/CXADR/ACTN1/SCN4B/KCNJ11/ANK3/SCN5A/SCN1B/KCNJ2/DSG2/SCN1A/TMEM65/PCDH9/PKP4/SLC8A1/SCN2A,20
CC,GO:1902495,transmembrane transporter complex,86/2453,498/19880,0.17269076305220885,1.399548458816923,3.3878140275363133,7.395797883184084e-4,0.007232655282819729,0.0058044419919107285,ATP1B2/TTYH2/ATP1A2/KCNC1/KCNF1/CLDN4/CALM1/CACNA1G/KCNN4/SHISA9/KCNMA1/KCNK10/ATP1A1/CNIH3/KCNS3/GRIK3/GRIA1/HSPA2/TTYH1/CNGA3/KCNG1/CACNB4/PDE4D/CHRNA9/CACNG7/KCNJ10/NDUFV2/KCNIP2/GLRA2/CNIH2/GABRQ/KCND3/MCU/KCNC4/KCNIP3/ABCC8/SCN4B/KCNJ11/KCNAB1/CACNG8/GRIK4/BEST3/KCNH3/GRIA3/SCN5A/PTK2B/CHRNA5/TMEM109/SCN1B/KCNK13/CLIC2/GRIN2D/KCNJ2/ATP1B4/KCNH8/CLCN7/KCNMB2/CLIC1/GABRA3/HVCN1/SCN1A/KCNJ9/KCNK2/KCNMB4/KCNA1/CHRNB2/GABRE/TMEM37/GRIA2/NDUFC2/GRIN2B/CACNA1E/CATSPERE/LRRC8B/MT-ND3/ATP6V1G2/CHRNA4/GRIK2/SCN2A/KCNJ16/CASQ2/GRIN2C/PDE4B/LRRC8C/KCNK6/FXYD2,86
CC,GO:0005814,centriole,35/2453,164/19880,0.21341463414634146,1.729589452437533,3.519863253444022,7.80276824550687e-4,0.007520059251104446,0.006035093059453826,TOP2A/AURKA/AKNA/IFT140/PLK1/CCNF/WDR62/HSPA6/HAP1/PLK4/ODF2/ARMC9/CEP20/POC1A/CEP55/BIRC5/SMO/CEP85/CCDC57/CEP152/TUBG1/POC1B/RTTN/CCP110/CPAP/CEP128/STIL/SAXO2/CROCC/CEP162/CEP44/ODAD3/KIAA0586/FTCD/CEP97,35
CC,GO:1990752,microtubule end,12/2453,36/19880,0.3333333333333333,2.701454001902432,3.8334656773304268,8.717651709459295e-4,0.008281769123986331,0.006646390100294531,CLIP3/KIF18B/KIF2C/NCKAP5/SPAG5/KNSTRN/PDE4DIP/SPRY2/MAPRE3/SVIL/CKAP5/ASPM,12
CC,GO:0034705,potassium channel complex,24/2453,100/19880,0.24,1.9450468813697512,3.554470670450865,9.212350116720696e-4,0.008483511361995426,0.006808294832657984,KCNC1/KCNF1/CALM1/KCNN4/KCNMA1/KCNS3/GRIK3/KCNG1/KCNIP2/KCND3/KCNC4/KCNIP3/ABCC8/KCNJ11/KCNAB1/GRIK4/KCNJ2/KCNMB2/KCNK2/KCNMB4/KCNA1/GRIK2/KCNJ16/KCNK6,24
CC,GO:0097450,astrocyte end-foot,6/2453,11/19880,0.5454545454545454,4.420561094022162,4.257360385373981,9.312726758280692e-4,0.008483511361995426,0.006808294832657984,GFAP/ATP1B2/ADGRG1/HEPACAM/MT3/AQP4,6
CC,GO:1904090,peptidase inhibitor complex,6/2453,11/19880,0.5454545454545454,4.420561094022162,4.257360385373981,9.312726758280692e-4,0.008483511361995426,0.006808294832657984,SERPINE1/PLAU/PLAT/CASP1/SERPINA5/CARD16,6
CC,GO:0000939,inner kinetochore,8/2453,19/19880,0.42105263157894735,3.4123629497714933,3.946877250610451,0.0011367042596671232,0.010214977468630228,0.008197852911112823,CENPU/CENPH/CENPN/CENPK/CENPO/CENPI/CENPW/CENPL,8
CC,GO:0150034,distal axon,52/2453,277/19880,0.18772563176895307,1.521396477605702,3.2785471426138058,0.0012677176883037471,0.011240430169626558,0.009020812182035086,ITGA3/KIF20B/MAP3K12/L1CAM/SLC1A1/GPM6A/KCNC1/NDRG2/CALM1/ROR1/TNN/TENM2/DRD2/GRIK3/FGF13/HAP1/CXADR/SEPTIN6/CALB1/NGEF/BOC/ELAVL4/EPHA4/STX3/GAD1/CRMP1/KCNC4/ARHGAP4/INPP5J/CHRM1/CNR1/GPER1/SYP/ELFN1/PTK2B/NRSN1/STMN3/LAMP5/ADRA2A/CABP4/SLC18A1/KCNK2/KCNA1/NTRK2/PCDH9/SLC8A1/OPHN1/PRKCG/ATCAY/PTCH1/PCDHGB1/PTPRN,52
CC,GO:0042641,actomyosin,22/2453,91/19880,0.24175824175824176,1.9592963090720936,3.4410918957029177,0.001332448963611361,0.01165892843159941,0.009356670700151802,TPM4/PGM5/TPM3/ABLIM3/ROR1/MYLK/XIRP1/MYH9/ACTN1/LIMCH1/AFAP1L1/FAM107A/SEPTIN11/SORBS1/MYH7/RAI14/ABLIM1/LCP1/PDLIM2/SHROOM4/ACTA2/PDLIM1,22
CC,GO:0098636,protein complex involved in cell adhesion,16/2453,58/19880,0.27586206896551724,2.235686070539944,3.5357629223990155,0.0013522613568781212,0.011678620809401956,0.009372474476243437,ITGA5/ITGA3/PLAUR/ITGB4/EMILIN2/PLP1/EMILIN1/PLAU/TNN/ITGA1/ITGA9/NID1/TNC/ITGA6/LGALS1/TNR,16
CC,GO:0030864,cortical actin cytoskeleton,20/2453,80/19880,0.25,2.0260905014268245,3.4501088015896113,0.0013982229999553117,0.011920747371413874,0.009566788947062659,SLC2A1/MYADM/MYH9/ACTN2/CALB1/ACTN1/SPTB/SHROOM2/PLS1/ANLN/HIP1R/PJVK/CDH1/LANCL2/PDLIM2/SHROOM4/EPB41L2/MYO1A/SHROOM3/CLDN5,20
CC,GO:0030863,cortical cytoskeleton,25/2453,109/19880,0.22935779816513763,1.8587986251622242,3.373067225412077,0.0014590144630138688,0.012281577441825606,0.009856366858734596,NOS2/TPM4/SLC2A1/MYADM/MYH9/ACTN2/CALB1/ACTN1/SPTB/SHROOM2/PLS1/ANLN/TMOD1/PDE4DIP/HIP1R/PJVK/GYPC/CDH1/LANCL2/PDLIM2/SHROOM4/EPB41L2/MYO1A/SHROOM3/CLDN5,25
CC,GO:0043679,axon terminus,26/2453,115/19880,0.22608695652173913,1.8322905404207803,3.3582281272461567,0.0014793627102145195,0.012297202528658194,0.009868906501036334,SLC1A1/KCNC1/CALM1/ROR1/TNN/DRD2/GRIK3/SEPTIN6/CALB1/EPHA4/GAD1/KCNC4/CHRM1/GPER1/SYP/ELFN1/ADRA2A/CABP4/SLC18A1/KCNK2/KCNA1/NTRK2/SLC8A1/OPHN1/PRKCG/PTPRN,26
CC,GO:0000794,condensed nuclear chromosome,20/2453,81/19880,0.24691358024691357,2.001077038446246,3.387061693225369,0.001645067262407065,0.013387634134776689,0.01074401346471196,RCC1/PLK1/RAD51/SMC4/PSMC3IP/NEK2/NCAPH/HSPA2/NCAPD2/NCAPG/BLM/BRCA2/NCAPG2/CHEK1/BRCA1/SUV39H1/TUBG1/C14orf39/INCENP/NCAPD3,20
CC,GO:0099535,synapse-associated extracellular matrix,6/2453,12/19880,0.5,4.052181002853649,3.9678802582650086,0.0016684586438058691,0.013387634134776689,0.01074401346471196,NCAN/BCAN/LAMA5/TNC/ACAN/TNR,6
CC,GO:0030018,Z disc,29/2453,134/19880,0.21641791044776118,1.7539290907874001,3.2853228882494174,0.0016814293226806644,0.013387634134776689,0.01074401346471196,PGM5/SLC2A1/KRT8/FHL2/CRYAB/BAG3/ACTN2/IGFN1/ACTN1/KY/FHOD3/ANK3/SCN5A/CFL2/MYH7/CSRP3/MYOZ2/SYNPO2L/PDLIM2/SCN1A/NEXN/MYPN/CASQ1/SLC8A1/NOS1AP/JPH1/CASQ2/PDE4B/PDLIM1,29
CC,GO:0099092,"postsynaptic density, intracellular component",8/2453,20/19880,0.4,3.241744802282919,3.763104447208358,0.0016910695749191606,0.013387634134776689,0.01074401346471196,GRIA1/ACTN2/WWC1/PTK2B/GRIP2/TNIK/GRID2IP/FAM81A,8
CC,GO:0072687,meiotic spindle,7/2453,16/19880,0.4375,3.5456583774969426,3.821743056030705,0.0017883539832843978,0.013991239986872054,0.011228426867185013,AURKA/SKA3/HSPA2/FBXO5/BORA/INCENP/ASPM,7
CC,GO:0030016,myofibril,46/2453,244/19880,0.1885245901639344,1.5278715256661297,3.1126576930406693,0.0021374756786373965,0.01652815495690545,0.013264383954334885,TPM4/PGM5/SLC2A1/TPM3/CALM1/KRT8/FHL2/CRYAB/BAG3/ACTN2/IGFN1/ACTN1/MYBPC2/AHNAK2/KY/TMOD4/MYH15/FHOD3/TMOD1/PDE4DIP/ANK3/SCN5A/CFL2/MYH7/KLHL41/CORO1C/CSRP3/MYH7B/MYOZ2/MYH3/SYNPO2L/PDLIM2/SCN1A/NEXN/MYPN/LMOD1/CASQ1/SLC8A1/TNNT3/SVIL/LMAN1/NOS1AP/JPH1/CASQ2/PDE4B/PDLIM1,46
CC,GO:0000137,Golgi cis cisterna,10/2453,30/19880,0.3333333333333333,2.701454001902432,3.498930449306122,0.0023212753924791007,0.017739299068320637,0.014236366644461517,GOLGA8N/GOLGA8T/GOLGA8K/GOLGA8J/GOLGA8S/GOLGA8M/GOLGA6B/GOLGA8Q/GOLGA8O/XYLT1,10
CC,GO:0042383,sarcolemma,30/2453,143/19880,0.2097902097902098,1.7002158053931393,3.152783021233458,0.002347456117311603,0.017739299068320637,0.014236366644461517,PGM5/SLC2A1/ATP1A2/ATP1A1/KRT8/FGF13/CACNG7/AHNAK2/KCND3/ABCC8/AQP1/KCNJ11/CACNG8/ANK3/SCN5A/SCN1B/CORO1C/TGFB3/KCNJ2/BGN/SLC27A6/SCN1A/KCNK2/SGCG/AQP4/CASQ1/SLC8A1/MLIP/NOS1AP/SCN2A,30
CC,GO:0035371,microtubule plus-end,9/2453,26/19880,0.34615384615384615,2.8053560788986798,3.4558928062790923,0.0028471563458435456,0.021273696291977055,0.017072835805353966,CLIP3/KIF18B/KIF2C/NCKAP5/SPAG5/KNSTRN/PDE4DIP/MAPRE3/CKAP5,9
CC,GO:0098858,actin-based cell projection,44/2453,235/19880,0.18723404255319148,1.5174124606430683,2.9935017982845893,0.0030086700486311093,0.0222307286926632,0.017840885551531842,SLC7A5/ITGA3/GPM6A/EPHB1/PDGFA/PTPRH/ARF6/TENM2/TTYH1/FGF13/CXADR/ACTN2/CALB1/CDHR2/EPS8L2/CA9/EPHA4/MSN/ADGRV1/CRB1/KITLG/PLS1/PJVK/FZD9/ACTG2/ANKRD24/CEACAM1/LCP1/MTTP/MUC20/STARD10/SLC4A7/ATP8B1/ITGA6/MYO1F/SLC7A11/PODXL/STRC/NOS1AP/MYO1A/ACTA2/FSCN2/IQGAP2/FMN2,44
CC,GO:0005775,vacuolar lumen,35/2453,178/19880,0.19662921348314608,1.593554326964918,2.9843519878229596,0.003388057630912,0.024758882687433845,0.01986981167001023,CTSV/SDC3/CSPG4/SDC1/NCAN/PDGFRB/BCAN/PRELP/DSN1/CD74/PRKCD/CTSF/TUBB/AGRN/AGA/GGH/FMOD/FUCA1/HEXA/CSPG5/SGSH/LUM/IDUA/ADA2/BGN/ARSA/CPPED1/STK11IP/CTSD/TUBB4B/ACAN/NAGLU/NEU4/LYZ/DPP7,35
CC,GO:0005652,nuclear lamina,6/2453,14/19880,0.42857142857142855,3.4732980024459845,3.4731214831776533,0.0043554366990713,0.03148223266176538,0.025265519524360975,LMNB2/PCNA/STX1B/LMNB1/SUV39H1/LMNTD2,6
CC,GO:0005796,Golgi lumen,23/2453,106/19880,0.2169811320754717,1.7584936427478097,2.937597826685959,0.0046418070458387984,0.03319141597293334,0.026637194931978168,SDC3/CSPG4/SDC1/NCAN/BCAN/PRELP/PDGFA/PROS1/HS3ST1/AGRN/FMOD/ERO1A/PDGFB/PCSK6/CSPG5/MUC3A/LUM/BGN/MUC20/MUC1/ACAN/RHBDF2/AGRP,23
CC,GO:0032154,cleavage furrow,14/2453,54/19880,0.25925925925925924,2.1011308903685584,3.0398559249756762,0.004892915807325831,0.03461477672203912,0.02777948840217465,PLCD3/DIAPH3/MYLK/ARF6/RACGAP1/MYH9/PLK4/SEPTIN6/MASTL/CEP55/ECT2/NDE1/SVIL/HMCN2,14
CC,GO:0031528,microvillus membrane,10/2453,33/19880,0.30303030303030304,2.4558672744567565,3.1402631604514544,0.005059656772325498,0.03504866409996308,0.028127697188256875,SLC7A5/PTPRH/CDHR2/CA9/MSN/CEACAM1/MTTP/MUC20/SLC7A11/PODXL,10
CC,GO:0048787,presynaptic active zone membrane,10/2453,33/19880,0.30303030303030304,2.4558672744567565,3.1402631604514544,0.005059656772325498,0.03504866409996308,0.028127697188256875,ITGA3/GPM6A/GRIA1/NTNG2/STX1B/GRIN2D/ADRA2A/P2RY1/NTNG1/LPAR2,10
CC,GO:0030017,sarcomere,41/2453,222/19880,0.18468468468468469,1.496751541594591,2.792420198705581,0.005215776908594976,0.03575764581665628,0.028696678162318537,TPM4/PGM5/SLC2A1/TPM3/CALM1/KRT8/FHL2/CRYAB/BAG3/ACTN2/IGFN1/ACTN1/MYBPC2/KY/TMOD4/FHOD3/TMOD1/ANK3/SCN5A/CFL2/MYH7/KLHL41/CORO1C/CSRP3/MYOZ2/MYH3/SYNPO2L/PDLIM2/SCN1A/NEXN/MYPN/LMOD1/CASQ1/SLC8A1/TNNT3/LMAN1/NOS1AP/JPH1/CASQ2/PDE4B/PDLIM1,41
CC,GO:0034703,cation channel complex,41/2453,223/19880,0.18385650224215247,1.490039651273539,2.760957745936101,0.0056475002061950235,0.03832232282775194,0.030754915193779556,KCNC1/KCNF1/CALM1/CACNA1G/KCNN4/KCNMA1/KCNS3/GRIK3/HSPA2/CNGA3/KCNG1/CACNB4/PDE4D/CACNG7/KCNIP2/KCND3/MCU/KCNC4/KCNIP3/ABCC8/SCN4B/KCNJ11/KCNAB1/CACNG8/GRIK4/SCN5A/SCN1B/KCNJ2/KCNMB2/SCN1A/KCNK2/KCNMB4/KCNA1/CACNA1E/CATSPERE/GRIK2/SCN2A/KCNJ16/CASQ2/PDE4B/KCNK6,41
CC,GO:0032982,myosin filament,8/2453,24/19880,0.3333333333333333,2.701454001902432,3.1290656623583453,0.006282418518716141,0.0413644387618439,0.033196312548088414,MYH9/MYBPC2/MYH15/MYH11/ACTG2/MYH7/MYH7B/MYH3,8
CC,GO:0034706,sodium channel complex,8/2453,24/19880,0.3333333333333333,2.701454001902432,3.1290656623583453,0.006282418518716141,0.0413644387618439,0.033196312548088414,GRIK3/SCN4B/GRIK4/SCN5A/SCN1B/SCN1A/GRIK2/SCN2A,8
CC,GO:0099091,"postsynaptic specialization, intracellular component",8/2453,24/19880,0.3333333333333333,2.701454001902432,3.1290656623583453,0.006282418518716141,0.0413644387618439,0.033196312548088414,GRIA1/ACTN2/WWC1/PTK2B/GRIP2/TNIK/GRID2IP/FAM81A,8
CC,GO:0032153,cell division site,16/2453,67/19880,0.23880597014925373,1.935370031213683,2.877268944086114,0.006499704027436553,0.042375521355346155,0.03400773933859992,PLCD3/DIAPH3/MYLK/ARF6/RACGAP1/MYH9/PLK4/SEPTIN6/MASTL/CEP55/ANLN/SEPTIN11/ECT2/NDE1/SVIL/HMCN2,16
CC,GO:0000235,astral microtubule,5/2453,11/19880,0.45454545454545453,3.683800911685135,3.3403606512414012,0.006914584766412622,0.04379237018727994,0.03514480678266867,KIF18B/MAP9/DYNLT3/KIF18A/MAPRE3,5
CC,GO:0005818,aster,5/2453,11/19880,0.45454545454545453,3.683800911685135,3.3403606512414012,0.006914584766412622,0.04379237018727994,0.03514480678266867,KIF18B/MAP9/DYNLT3/KIF18A/MAPRE3,5
CC,GO:0098966,perisynaptic extracellular matrix,5/2453,11/19880,0.45454545454545453,3.683800911685135,3.3403606512414012,0.006914584766412622,0.04379237018727994,0.03514480678266867,NCAN/BCAN/TNC/ACAN/TNR,5
CC,GO:0031252,cell leading edge,71/2453,434/19880,0.16359447004608296,1.3258288073852953,2.5748618236739764,0.007757374641920318,0.0478019280021978,0.03836260783081011,CSPG4/CXCR4/APC2/ITGA5/ITGB4/GDPD2/SNTG1/KCNC1/ABLIM3/DBNL/KCNN4/MYLK/ARF6/MYADM/SPRY4/SHISA9/S100B/FGD3/DPP4/MYH9/CADM4/GRIA1/EPS8L2/WWC1/ACTN1/KNSTRN/EPHA2/ADGRV1/STX3/KITLG/CARMIL3/ADGRE2/KCNC4/ARHGAP18/INPP5J/PSD4/FAM107A/KCNJ11/ABCA7/SLC12A5/GPER1/HIP1R/SPRY2/KIF18A/PTK2B/ACTG2/ARHGEF6/KLHL41/AVIL/TUBG1/LAMP5/CORO1C/ABLIM1/ROBO2/LCP1/MEFV/CDH1/GABRA3/PTPRJ/PHLDB2/RAC2/DUOX2/ARAP3/GABRE/MTSS1/TRPV1/SSX2IP/PODXL/CARMIL1/ACTA2/IQGAP2,71
CC,GO:0033268,node of Ranvier,7/2453,20/19880,0.35,2.836526701997554,3.0828851672438,0.007763320637950921,0.0478019280021978,0.03836260783081011,ANK3/SCN1B/SCN1A/KCNK2/MYOC/SCN2A/SPOCK1,7
CC,GO:0042575,DNA polymerase complex,7/2453,20/19880,0.35,2.836526701997554,3.0828851672438,0.007763320637950921,0.0478019280021978,0.03836260783081011,MCM3/PRIM2/POLD3/POLE2/PRIM1/POLD1/DNA2,7
MF,GO:0005201,extracellular matrix structural constituent,55/2369,168/18639,0.3273809523809524,2.5757929807634325,7.828832582976312,1.0903697055214158e-11,1.3836791563066766e-8,1.2476124946334516e-8,MFAP4/FBLN5/ECM1/THSD4/EMILIN2/PRELP/EFEMP1/LAMB3/SRPX/CHI3L1/EMILIN1/ANOS1/SPON1/COL8A1/COL3A1/NPNT/AGRN/ZP1/COL1A1/FMOD/COL1A2/COL16A1/MATN2/MATN3/AEBP1/LTBP1/LAMA5/MGP/CHADL/COL9A1/FBLN1/THBS2/LTBP2/POSTN/MUC3A/TFPI2/NID1/ELN/LUM/BGN/FBLN2/TNC/FBN2/EFEMP2/COL21A1/COLQ/FBN3/TECTA/ACAN/COL28A1/COL23A1/CILP/TGFBI/SPOCK1/HMCN2,55
MF,GO:0050840,extracellular matrix binding,24/2369,67/18639,0.3582089552238806,2.81834390731022,5.689478978809945,1.1145198799265281e-6,7.071628638133822e-4,6.376226892000717e-4,ITGA3/ADGRG1/SPP1/ADAMTS15/AGRN/SHH/LRRC15/SMOC1/LTBP1/CHADL/LTBP2/NID1/ELN/BCAM/BGN/FBLN2/SLIT2/ITGA6/NTN4/LGALS1/ADAMTS5/ADAMTSL2/TGFBI/SPOCK1,24
MF,GO:0022836,gated channel activity,70/2369,318/18639,0.22012578616352202,1.7319225531033715,5.023339257003423,2.393612361877165e-6,0.0010124980290740408,9.129321534598171e-4,TTYH2/P2RX7/KCNC1/KCNF1/CACNA1G/KCNN4/TRPM8/SLC1A5/KCNMA1/KCNK10/KCNS3/GRIK3/GRIA1/TTYH1/CNGA3/KCNG1/CACNB4/ITPR3/CHRNA9/TMEM150C/CACNG7/KCNJ10/KCNIP2/SHROOM2/GLRA2/GABRQ/KCND3/KCNC4/ABCC8/ANO7/AQP1/KCNJ11/KCNAB1/CACNG8/GRIK4/BEST3/TMEM63C/KCNK3/KCNH3/GRIA3/CHRNA5/TMEM109/KCNK13/GRIN2D/TMC7/KCNJ2/KCNH8/CLCN7/KCNMB2/GABRA3/HVCN1/SCN1A/KCNJ9/KCNK2/KCNMB4/KCNA1/CHRNB2/GABRE/P2RX6/TMEM37/GRIA2/GRIN2B/CACNA1E/TRPV1/CHRNA4/AQP6/GRIK2/KCNJ16/GRIN2C/KCNK6,70
MF,GO:0008017,microtubule binding,62/2369,276/18639,0.2246376811594203,1.7674215868005214,4.901230673649114,4.446483471485167e-6,0.0014106468813286693,0.0012719282982906256,APC2/CLIP3/KIF20B/NDRG1/KIFC1/DCLK2/FAM83D/MAST2/KIF18B/KIF2C/NUF2/PLK1/MAP1A/CENPE/SKA1/KIF26B/GTSE1/DCX/DIAPH3/MAP9/NDC80/KIF4A/PRC1/RACGAP1/MAP6/SKA3/KIF20A/SPACA9/FGF13/CRYAB/SPAG5/KNSTRN/HAUS6/BIRC5/DLGAP5/KIF15/KIF23/SPAG8/REEP2/KIF14/KIF11/KNL1/HAUS8/KIF18A/KIF4B/MAPRE3/CENPF/TPPP/SVBP/MAP1LC3A/MTCL1/S100A8/NDE1/GAS2L3/DNAI7/SPC24/SAXO2/CEP44/CKAP5/KIF26A/FTCD/RMDN2,62
MF,GO:0003779,actin binding,89/2369,443/18639,0.20090293453724606,1.5806795258926676,4.71996545618039,6.3362040721221734e-6,0.0016081285935046078,0.0014499902792414322,CXCR4/TPM4/NCALD/NOD2/TPM3/SNTG1/MAP1A/ABLIM3/AMOTL2/DBNL/DIAPH3/CTNNAL1/MYLK/KCNMA1/XIRP1/FBXO25/IQGAP3/MYH9/ACTN2/SHANK3/TAGLN3/EPS8L2/ACTN1/MSN/MYBPC2/SPTB/TNS1/PKNOX2/SHROOM2/LIMCH1/TMOD4/PLS1/MYH15/FHOD3/ANLN/FAM107A/TMOD1/MYH11/HIP1R/FXYD5/CFL2/KIF18A/SORBS1/MYH7/RAI14/ANKRD24/AVIL/CEACAM1/CORO1C/ABLIM1/CSRP3/MYH7B/LCP1/MEFV/SSH3/MYOZ2/PACRG/CORO2A/LIMD2/MYH3/ADD2/SYNPO2L/PDLIM2/NEXN/MYPN/LMOD1/GAS2L3/MYO1F/TNNT3/SVIL/LSP1/CROCC/MTSS1/SHROOM4/MIB2/OPHN1/EPB41L2/MICAL2/ABLIM2/MYO1A/SHROOM3/PICK1/PPP1R42/PHACTR3/CORO7/PDLIM1/FSCN2/IQGAP2/FMN2,89
MF,GO:0022834,ligand-gated channel activity,45/2369,188/18639,0.2393617021276596,1.8832683689140766,4.644618586950779,1.6539095319041345e-5,0.0034980186599772446,0.003154034493297885,TTYH2/P2RX7/KCNN4/TRPM8/SLC1A5/KCNMA1/GRIK3/GRIA1/TTYH1/CNGA3/ITPR3/CHRNA9/KCNJ10/SHROOM2/GLRA2/GABRQ/ABCC8/ANO7/AQP1/KCNJ11/GRIK4/BEST3/TMEM63C/KCNH3/GRIA3/CHRNA5/GRIN2D/KCNJ2/KCNMB2/GABRA3/KCNJ9/KCNK2/KCNMB4/CHRNB2/GABRE/P2RX6/GRIA2/GRIN2B/TRPV1/CHRNA4/AQP6/GRIK2/KCNJ16/GRIN2C/KCNK6,45
MF,GO:0019838,growth factor binding,35/2369,136/18639,0.25735294117647056,2.0248212201723237,4.5770419911229485,2.7909552046243394e-5,0.004632545019741898,0.004176995094736381,ITGB4/PDGFRB/A2M/PDGFA/IGFBP3/COL3A1/CSF1R/HAP1/IL6R/COL1A1/EPHA2/LTBP3/COL1A2/PDGFB/FGFR2/LTBP1/PCSK6/NRP1/LTBP2/SCN5A/FSTL4/IGFALS/GHR/TGFB3/CNTFR/EPHA7/ITGA6/NTRK2/FGFR3/NRP2/CHRDL1/RHBDF2/IGFBPL1/ACVR1C/KIT,35
MF,GO:0004714,transmembrane receptor protein tyrosine kinase activity,20/2369,60/18639,0.3333333333333333,2.6226255804136764,4.803648087065769,2.9204381527135687e-5,0.004632545019741898,0.004176995094736381,PDGFRB/EFEMP1/MET/EPHB1/EFNB3/AXL/CSF1R/PDGFRL/EPHB3/EPHA4/EPHA2/FGFR2/NRP1/EPHA7/NTRK2/FGFR3/RET/NRP2/EPHA10/KIT,20
MF,GO:0005216,monoatomic ion channel activity,86/2369,448/18639,0.19196428571428573,1.5103513387203764,4.172231387994368,5.215641419675177e-5,0.0064225067079008175,0.0057909375732969936,TTYH2/P2RX7/SLC1A1/GPM6A/KCNC1/KCNF1/CLDN4/CACNA1G/KCNN4/TRPM8/KCNMA1/KCNK10/KCNS3/SLC26A11/GRIK3/GRIA1/TTYH1/CNGA3/KCNG1/CACNB4/ITPR3/CHRNA9/TMEM150C/CACNG7/KCNJ10/FAIM2/KCNIP2/SHROOM2/GLRA2/GABRQ/KCND3/MCU/TMBIM4/KCNC4/KCNIP3/ABCC8/ANO7/SCN4B/AQP1/KCNJ11/KCNAB1/CACNG8/GRIK4/BEST3/TMEM63C/KCNK3/KCNH3/GRIA3/SCN5A/CHRNA5/TMEM109/KCNK13/CLIC2/GRIN2D/TMC7/KCNJ2/KCNH8/CLCN7/KCNMB2/CLIC1/GABRA3/HVCN1/TMEM175/SCN1A/KCNJ9/KCNK2/KCNMB4/KCNA1/CHRNB2/GABRE/P2RX6/STING1/TMEM37/GRIA2/GRIN2B/CACNA1E/LRRC8B/TRPV1/CHRNA4/AQP6/GRIK2/SCN2A/KCNJ16/GRIN2C/LRRC8C/KCNK6,86
MF,GO:0016500,protein-hormone receptor activity,21/2369,67/18639,0.31343283582089554,2.4660509188964426,4.587177294346267,5.2659652918908343e-5,0.0064225067079008175,0.0057909375732969936,PDGFRB/MCHR1/MET/EPHB1/AXL/GPR173/CSF1R/EPHB3/EPHA4/EPHA2/LGR6/FGFR2/PAX8/EPHA7/NTRK2/CMKLR1/FGFR3/RET/LGR5/EPHA10/KIT,21
MF,GO:0005267,potassium channel activity,32/2369,124/18639,0.25806451612903225,2.0304198041912334,4.3929027504679015,5.698757300643873e-5,0.0064225067079008175,0.0057909375732969936,KCNC1/KCNF1/KCNN4/KCNMA1/KCNK10/KCNS3/GRIK3/KCNG1/KCNJ10/KCNIP2/KCND3/KCNC4/KCNIP3/ABCC8/AQP1/KCNJ11/KCNAB1/GRIK4/KCNK3/KCNH3/KCNK13/KCNJ2/KCNH8/KCNMB2/TMEM175/KCNJ9/KCNK2/KCNMB4/KCNA1/GRIK2/KCNJ16/KCNK6,32
MF,GO:0015276,ligand-gated monoatomic ion channel activity,43/2369,186/18639,0.23118279569892472,1.8189177412546464,4.283035447235323,6.073292395178078e-5,0.0064225067079008175,0.0057909375732969936,TTYH2/P2RX7/KCNN4/TRPM8/KCNMA1/GRIK3/GRIA1/TTYH1/CNGA3/ITPR3/CHRNA9/KCNJ10/SHROOM2/GLRA2/GABRQ/ABCC8/ANO7/AQP1/KCNJ11/GRIK4/BEST3/TMEM63C/KCNH3/GRIA3/CHRNA5/GRIN2D/KCNJ2/KCNMB2/GABRA3/KCNJ9/KCNMB4/CHRNB2/GABRE/P2RX6/GRIA2/GRIN2B/TRPV1/CHRNA4/AQP6/GRIK2/KCNJ16/GRIN2C/KCNK6,43
MF,GO:0005539,glycosaminoglycan binding,52/2369,242/18639,0.21487603305785125,1.6906181427460065,4.1262978121465546,8.769165250825112e-5,0.007912430703138627,0.007134347123148512,PTN/SULF2/NCAN/NOD2/ADGRG1/BCAN/PRELP/CCN3/ANOS1/HMMR/ADAMTS15/SLIT3/AGRN/SHH/LGR6/RTN4RL1/LPL/SMOC1/FGFR2/ADGRE2/PCSK6/NRP1/THBS4/JCHAIN/THBS2/LTBP2/APOE/POSTN/FGF1/ADAMTS3/ADA2/DMBT1/BGN/SERPINA5/CCN4/APLP1/NRTN/RSPO4/SLIT2/EFEMP2/COLQ/CXCL10/CEMIP/ADAMTS5/ACAN/NRP2/COL28A1/COL23A1/PTCH1/CEL/ELSPBP1/MSTN,52
MF,GO:0015631,tubulin binding,75/2369,385/18639,0.19480519480519481,1.53270326128072,4.0301861374492844,9.431170746575942e-5,0.007912430703138627,0.007134347123148512,APC2/CLIP3/KIF20B/NDRG1/KIFC1/NCALD/DCLK2/FAM83D/MAST2/KIF18B/KIF2C/NUF2/PLK1/MAP1A/CENPE/SKA1/KIF26B/GTSE1/DCX/DIAPH3/MAP9/NDC80/KIF4A/PRC1/RACGAP1/MAP6/CCT5/SKA3/CIMAP3/KIF20A/SPACA9/FGF13/CRYAB/SPAG5/RGS2/KNSTRN/BRCA2/HAUS6/BIRC5/DLGAP5/KIF15/KIF23/SPAG8/REEP2/KIF14/KIF11/KNL1/BRCA1/TTLL9/HAUS8/KIF18A/KIF4B/TPPP3/MAPRE3/STMN3/CENPF/TPPP/SVBP/MAP1LC3A/PACRG/MTCL1/CPAP/S100A8/NDE1/GAS2L3/DNAI7/SPC24/SAXO2/CEP44/CKAP5/KIF26A/FTCD/RMDN2/PDE4B/PPP1R42,75
MF,GO:0005261,monoatomic cation channel activity,68/2369,341/18639,0.19941348973607037,1.568960757784135,4.046188382910738,9.505214365943494e-5,0.007912430703138627,0.007134347123148512,P2RX7/GPM6A/KCNC1/KCNF1/CACNA1G/KCNN4/TRPM8/KCNMA1/KCNK10/KCNS3/GRIK3/GRIA1/CNGA3/KCNG1/CACNB4/ITPR3/CHRNA9/TMEM150C/CACNG7/KCNJ10/FAIM2/KCNIP2/SHROOM2/KCND3/MCU/TMBIM4/KCNC4/KCNIP3/ABCC8/SCN4B/AQP1/KCNJ11/KCNAB1/CACNG8/GRIK4/TMEM63C/KCNK3/KCNH3/GRIA3/SCN5A/CHRNA5/TMEM109/KCNK13/GRIN2D/KCNJ2/KCNH8/KCNMB2/HVCN1/TMEM175/SCN1A/KCNJ9/KCNK2/KCNMB4/KCNA1/CHRNB2/P2RX6/STING1/TMEM37/GRIA2/GRIN2B/CACNA1E/TRPV1/CHRNA4/GRIK2/SCN2A/KCNJ16/GRIN2C/KCNK6,68
MF,GO:0005178,integrin binding,38/2369,161/18639,0.2360248447204969,1.8570143861314232,4.1673691882798405,9.976271966132233e-5,0.007912430703138627,0.007134347123148512,GFAP/ITGA5/ITGA3/SFRP2/PTN/FBLN5/ITGB4/CCN3/EMILIN1/SPP1/TNN/COL3A1/MYH9/NPNT/CXADR/ACTN2/ITGA1/ACTN1/ITGA9/COL16A1/ADAMTS13/SEMA7A/LAMA5/MADCAM1/THBS4/FBLN1/TSPAN8/FGF1/S1PR3/LCP1/CCN4/TNC/ITGA6/F11R/ADAMTS5/SVEP1/IL1B/TGFBI,38
MF,GO:0005021,vascular endothelial growth factor receptor activity,17/2369,51/18639,0.3333333333333333,2.6226255804136764,4.427672417565269,1.1396188529629893e-4,0.008506919555353137,0.007670375809106933,PDGFRB/MET/EPHB1/AXL/CSF1R/EPHB3/EPHA4/EPHA2/FGFR2/NRP1/EPHA7/NTRK2/FGFR3/RET/NRP2/EPHA10/KIT,17
MF,GO:0015171,amino acid transmembrane transporter activity,27/2369,102/18639,0.2647058823529412,2.0826732550343903,4.183754352389457,1.3257831973087999e-4,0.00934677154102704,0.008427639388740735,SLC7A5/SLC25A18/SLC1A1/SLC43A2/SLC38A11/SLC1A5/SLC38A3/SLC6A9/GRIK3/GRIA1/SLC25A15/SLC16A10/SLC38A7/GRIK4/GRIA3/SLC16A2/GRIN2D/SLC38A1/SLC7A1/SLC7A7/SLC7A2/GRIA2/GRIN2B/SLC7A11/GRIK2/GRIN2C/SLC6A15,27
MF,GO:0004970,glutamate-gated receptor activity,9/2369,18/18639,0.5,3.933938370620515,4.7519749986099065,0.00014054844407325148,0.009387156606787163,0.00846405311399581,GRIK3/GRIA1/GRIK4/GRIA3/GRIN2D/GRIA2/GRIN2B/GRIK2/GRIN2C,9
MF,GO:0099094,ligand-gated monoatomic cation channel activity,33/2369,136/18639,0.2426470588235294,1.9091171504481912,4.0602861167840825,1.5953509000545918e-4,0.010122501460846386,0.009127086465049165,P2RX7/KCNN4/TRPM8/KCNMA1/GRIK3/GRIA1/CNGA3/ITPR3/CHRNA9/KCNJ10/SHROOM2/ABCC8/AQP1/KCNJ11/GRIK4/TMEM63C/KCNH3/GRIA3/CHRNA5/GRIN2D/KCNJ2/KCNMB2/KCNJ9/KCNMB4/CHRNB2/P2RX6/GRIA2/GRIN2B/TRPV1/CHRNA4/GRIK2/KCNJ16/KCNK6,33
MF,GO:0000217,DNA secondary structure binding,14/2369,39/18639,0.358974358974359,2.8243660096762673,4.351872982326887,1.8592037311971024e-4,0.01098336602180656,0.009903296309322494,NEIL3/HMGA2/XRCC3/HMGB2/CLSPN/RAD51AP1/HMGA1/BLM/XRCC2/RAD18/FANCM/LIN54/MSH6/GEN1,14
MF,GO:0015079,potassium ion transmembrane transporter activity,37/2369,160/18639,0.23125,1.8194464964119883,3.972187760772193,1.904129649170562e-4,0.01098336602180656,0.009903296309322494,ATP1A2/KCNC1/KCNF1/KCNN4/KCNMA1/KCNK10/ATP1A1/KCNS3/GRIK3/KCNG1/KCNJ10/KCNIP2/TMCO3/KCND3/KCNC4/KCNIP3/ABCC8/AQP1/KCNJ11/KCNAB1/GRIK4/SLC12A5/KCNK3/KCNH3/SLC9A9/KCNK13/KCNJ2/KCNH8/KCNMB2/TMEM175/KCNJ9/KCNK2/KCNMB4/KCNA1/GRIK2/KCNJ16/KCNK6,37
MF,GO:0019199,transmembrane receptor protein kinase activity,22/2369,78/18639,0.28205128205128205,2.2191447218884957,4.117089294034256,2.0182740610279524e-4,0.011135607754106398,0.01004056706790565,PDGFRB/EFEMP1/MET/EPHB1/EFNB3/AXL/CSF1R/PDGFRL/EPHB3/EPHA4/EPHA2/FGFR2/LTBP1/NRP1/EPHA7/NTRK2/FGFR3/RET/NRP2/EPHA10/ACVR1C/KIT,22
MF,GO:0046873,metal ion transmembrane transporter activity,83/2369,450/18639,0.18444444444444444,1.4511861544955675,3.696970771544452,2.767176616412651e-4,0.013883395224417994,0.01251814575002477,ATP1A2/SLC1A1/GPM6A/KCNC1/KCNF1/CACNA1G/KCNN4/TRPM8/SLC40A1/KCNMA1/SLC38A3/KCNK10/ATP1A1/SLC6A9/KCNS3/GRIK3/GRIA1/TTYH1/CNGA3/KCNG1/SLC20A1/CACNB4/ITPR3/SLC29A1/CHRNA9/CACNG7/KCNJ10/FAIM2/KCNIP2/TMCO3/SHROOM2/TMEM94/KCND3/MCU/TMBIM4/KCNC4/KCNIP3/ABCC8/TUSC3/SLC38A7/SCN4B/AQP1/KCNJ11/KCNAB1/CACNG8/GRIK4/SLC12A5/KCNK3/KCNH3/GRIA3/SCN5A/SLC9A9/KCNK13/GRIN2D/KCNJ2/KCNH8/SLC38A1/ATP2B1/KCNMB2/TMEM175/SLC4A7/MFSD2A/SCN1A/SLC18A1/KCNJ9/KCNK2/KCNMB4/KCNA1/TMEM37/SLC34A3/GRIN2B/CACNA1E/SLC39A8/SLC8A1/SLC5A12/TRPV1/GRIK2/SCN2A/KCNJ16/SLC5A3/SLC13A3/SLC6A15/KCNK6,83
MF,GO:0004713,protein tyrosine kinase activity,33/2369,140/18639,0.2357142857142857,1.8545709461496716,3.8728120663646783,2.8413212629638485e-4,0.013883395224417994,0.01251814575002477,MELK/PBK/PDGFRB/TTBK1/EFEMP1/MET/EPHB1/EFNB3/AXL/PRKCD/CSF1R/TTK/PDGFRL/EPHB3/EPHA4/EPHA2/PKDCC/WEE1/DYRK1B/MAP2K6/FGFR2/NRP1/PTK2B/EPHA7/DYRK3/NTRK2/AATK/FGFR3/RET/NRP2/EPHA10/DYRK2/KIT,33
MF,GO:0005006,epidermal growth factor receptor activity,16/2369,50/18639,0.32,2.51772055719713,4.100503742820933,3.0633180952222526e-4,0.013883395224417994,0.01251814575002477,PDGFRB/EFEMP1/MET/EPHB1/AXL/CSF1R/EPHB3/EPHA4/EPHA2/FGFR2/EPHA7/NTRK2/FGFR3/RET/EPHA10/KIT,16
MF,GO:0005017,platelet-derived growth factor receptor activity,16/2369,50/18639,0.32,2.51772055719713,4.100503742820933,3.0633180952222526e-4,0.013883395224417994,0.01251814575002477,PDGFRB/MET/EPHB1/AXL/CSF1R/PDGFRL/EPHB3/EPHA4/EPHA2/FGFR2/EPHA7/NTRK2/FGFR3/RET/EPHA10/KIT,16
MF,GO:0005019,platelet-derived growth factor beta-receptor activity,16/2369,50/18639,0.32,2.51772055719713,4.100503742820933,3.0633180952222526e-4,0.013883395224417994,0.01251814575002477,PDGFRB/MET/EPHB1/AXL/CSF1R/PDGFRL/EPHB3/EPHA4/EPHA2/FGFR2/EPHA7/NTRK2/FGFR3/RET/EPHA10/KIT,16
MF,GO:0005516,calmodulin binding,44/2369,207/18639,0.21256038647342995,1.672398920843504,3.7120546140380077,3.7705468267189616e-4,0.0164993928382978,0.014876894376201495,NOS2/ADCY1/PHKG1/KCNN4/MYLK/RGS4/ADCY3/MAP6/IQGAP3/MYH9/RGS2/PHKA2/AEBP1/FAS/MYH15/ITPKC/PCP4/MYH11/PLA2G6/ITPKA/SCN5A/CAMK1G/MYH7/AKAP12/CEACAM1/PNCK/ENKUR/ATP2B1/RRAD/CAMKV/MYH3/ADD2/MYO1F/GEM/CFAP221/SLC8A1/TRPV1/SPHK1/ARPP21/MYO1A/SCN2A/ASPM/CEP97/IQGAP2,44
MF,GO:0008201,heparin binding,38/2369,172/18639,0.22093023255813954,1.738251838181158,3.7115814323527023,4.165571186978628e-4,0.017620366120919596,0.015887634667529012,PTN/ADGRG1/PRELP/CCN3/ANOS1/ADAMTS15/SLIT3/LGR6/RTN4RL1/LPL/SMOC1/FGFR2/PCSK6/NRP1/THBS4/THBS2/LTBP2/APOE/POSTN/FGF1/ADAMTS3/ADA2/SERPINA5/CCN4/APLP1/RSPO4/SLIT2/EFEMP2/COLQ/CXCL10/ADAMTS5/NRP2/COL28A1/COL23A1/PTCH1/CEL/ELSPBP1/MSTN,38
MF,GO:0005244,voltage-gated monoatomic ion channel activity,38/2369,173/18639,0.21965317919075145,1.7282041396945615,3.6717929786408887,4.6958327149945766e-4,0.019222618436542317,0.01733232652359628,KCNC1/KCNF1/CACNA1G/KCNMA1/KCNK10/KCNS3/KCNG1/CACNB4/CACNG7/KCNJ10/KCNIP2/KCND3/KCNC4/ABCC8/KCNJ11/KCNAB1/CACNG8/KCNK3/KCNH3/TMEM109/KCNK13/GRIN2D/KCNJ2/KCNH8/CLCN7/HVCN1/SCN1A/KCNJ9/KCNK2/KCNMB4/KCNA1/TMEM37/GRIN2B/CACNA1E/TRPV1/KCNJ16/GRIN2C/KCNK6,38
MF,GO:0005230,extracellular ligand-gated monoatomic ion channel activity,20/2369,73/18639,0.273972602739726,2.155582668833159,3.774780339096087,5.84053492953687e-4,0.02186112462502748,0.019711370301857968,P2RX7/GRIK3/GRIA1/CHRNA9/GLRA2/GABRQ/GRIK4/GRIA3/CHRNA5/GRIN2D/GABRA3/CHRNB2/GABRE/P2RX6/GRIA2/GRIN2B/TRPV1/CHRNA4/GRIK2/GRIN2C,20
MF,GO:0022832,voltage-gated channel activity,38/2369,175/18639,0.21714285714285714,1.7084532352409094,3.592987647238954,5.939265988817817e-4,0.02186112462502748,0.019711370301857968,KCNC1/KCNF1/CACNA1G/KCNMA1/KCNK10/KCNS3/KCNG1/CACNB4/CACNG7/KCNJ10/KCNIP2/KCND3/KCNC4/ABCC8/KCNJ11/KCNAB1/CACNG8/KCNK3/KCNH3/TMEM109/KCNK13/GRIN2D/KCNJ2/KCNH8/CLCN7/HVCN1/SCN1A/KCNJ9/KCNK2/KCNMB4/KCNA1/TMEM37/GRIN2B/CACNA1E/TRPV1/KCNJ16/GRIN2C/KCNK6,38
MF,GO:0005003,ephrin receptor activity,16/2369,53/18639,0.3018867924528302,2.3752080728274807,3.825619646433849,6.366497473690958e-4,0.02186112462502748,0.019711370301857968,PDGFRB/MET/EPHB1/EFNB3/AXL/CSF1R/EPHB3/EPHA4/EPHA2/FGFR2/EPHA7/NTRK2/FGFR3/RET/EPHA10/KIT,16
MF,GO:0005005,transmembrane-ephrin receptor activity,16/2369,53/18639,0.3018867924528302,2.3752080728274807,3.825619646433849,6.366497473690958e-4,0.02186112462502748,0.019711370301857968,PDGFRB/MET/EPHB1/EFNB3/AXL/CSF1R/EPHB3/EPHA4/EPHA2/FGFR2/EPHA7/NTRK2/FGFR3/RET/EPHA10/KIT,16
MF,GO:0017116,single-stranded DNA helicase activity,17/2369,58/18639,0.29310344827586204,2.306101803467198,3.801411566809463,6.372619911918011e-4,0.02186112462502748,0.019711370301857968,MCM3/MCM4/RAD51/DSCC1/ERCC6L/MCM6/MCM2/RAD54L/RFC3/RFC4/MCM8/BLM/MCM5/RFC5/RECQL5/DNA2/POLQ,17
MF,GO:0005004,GPI-linked ephrin receptor activity,15/2369,49/18639,0.30612244897959184,2.4085336962982744,3.7671593727700188,7.924442338465438e-4,0.02186112462502748,0.019711370301857968,PDGFRB/MET/EPHB1/AXL/CSF1R/EPHB3/EPHA4/EPHA2/FGFR2/EPHA7/NTRK2/FGFR3/RET/EPHA10/KIT,15
MF,GO:0005008,hepatocyte growth factor receptor activity,15/2369,49/18639,0.30612244897959184,2.4085336962982744,3.7671593727700188,7.924442338465438e-4,0.02186112462502748,0.019711370301857968,PDGFRB/MET/EPHB1/AXL/CSF1R/EPHB3/EPHA4/EPHA2/FGFR2/EPHA7/NTRK2/FGFR3/RET/EPHA10/KIT,15
MF,GO:0005009,insulin receptor activity,15/2369,49/18639,0.30612244897959184,2.4085336962982744,3.7671593727700188,7.924442338465438e-4,0.02186112462502748,0.019711370301857968,PDGFRB/MET/EPHB1/AXL/CSF1R/EPHB3/EPHA4/EPHA2/FGFR2/EPHA7/NTRK2/FGFR3/RET/EPHA10/KIT,15
MF,GO:0005011,macrophage colony-stimulating factor receptor activity,15/2369,49/18639,0.30612244897959184,2.4085336962982744,3.7671593727700188,7.924442338465438e-4,0.02186112462502748,0.019711370301857968,PDGFRB/MET/EPHB1/AXL/CSF1R/EPHB3/EPHA4/EPHA2/FGFR2/EPHA7/NTRK2/FGFR3/RET/EPHA10/KIT,15
MF,GO:0005018,platelet-derived growth factor alpha-receptor activity,15/2369,49/18639,0.30612244897959184,2.4085336962982744,3.7671593727700188,7.924442338465438e-4,0.02186112462502748,0.019711370301857968,PDGFRB/MET/EPHB1/AXL/CSF1R/EPHB3/EPHA4/EPHA2/FGFR2/EPHA7/NTRK2/FGFR3/RET/EPHA10/KIT,15
MF,GO:0005020,stem cell factor receptor activity,15/2369,49/18639,0.30612244897959184,2.4085336962982744,3.7671593727700188,7.924442338465438e-4,0.02186112462502748,0.019711370301857968,PDGFRB/MET/EPHB1/AXL/CSF1R/EPHB3/EPHA4/EPHA2/FGFR2/EPHA7/NTRK2/FGFR3/RET/EPHA10/KIT,15
MF,GO:0008288,boss receptor activity,15/2369,49/18639,0.30612244897959184,2.4085336962982744,3.7671593727700188,7.924442338465438e-4,0.02186112462502748,0.019711370301857968,PDGFRB/MET/EPHB1/AXL/CSF1R/EPHB3/EPHA4/EPHA2/FGFR2/EPHA7/NTRK2/FGFR3/RET/EPHA10/KIT,15
MF,GO:0036332,placental growth factor receptor activity,15/2369,49/18639,0.30612244897959184,2.4085336962982744,3.7671593727700188,7.924442338465438e-4,0.02186112462502748,0.019711370301857968,PDGFRB/MET/EPHB1/AXL/CSF1R/EPHB3/EPHA4/EPHA2/FGFR2/EPHA7/NTRK2/FGFR3/RET/EPHA10/KIT,15
MF,GO:0038062,protein tyrosine kinase collagen receptor activity,15/2369,49/18639,0.30612244897959184,2.4085336962982744,3.7671593727700188,7.924442338465438e-4,0.02186112462502748,0.019711370301857968,PDGFRB/MET/EPHB1/AXL/CSF1R/EPHB3/EPHA4/EPHA2/FGFR2/EPHA7/NTRK2/FGFR3/RET/EPHA10/KIT,15
MF,GO:0060175,brain-derived neurotrophic factor receptor activity,15/2369,49/18639,0.30612244897959184,2.4085336962982744,3.7671593727700188,7.924442338465438e-4,0.02186112462502748,0.019711370301857968,PDGFRB/MET/EPHB1/AXL/CSF1R/EPHB3/EPHA4/EPHA2/FGFR2/EPHA7/NTRK2/FGFR3/RET/EPHA10/KIT,15
MF,GO:0005112,Notch binding,10/2369,26/18639,0.38461538461538464,3.0261064389388577,3.9448377875027827,8.265835057377292e-4,0.02231775465491869,0.02012309676902378,DLL1/CCN3/SNED1/DLL3/NOTCH2NLA/CHAC1/JAG2/DNER/DTX1/DLK2,10
MF,GO:0005096,GTPase activator activity,53/2369,271/18639,0.19557195571955718,1.5387360416449245,3.4089305123017977,8.522622445505089e-4,0.022531683090304077,0.020315988154087788,ARHGAP25/PDGFRB/AGAP2/SRGAP1/DEPDC1/RGS4/PLXNB1/RACGAP1/RIN3/RGS17/IQGAP3/ARHGEF10L/ARHGAP22/DEPDC1B/RGS2/RGS6/RGS20/ERRFI1/ALS2CL/AGFG2/NRP1/TBC1D2/STARD8/ARHGAP11A/ARHGAP18/ARHGAP4/SRGAP3/TBC1D8/ARHGEF6/TBC1D4/TBC1D3E/ECT2/TBC1D3/TBC1D3L/ARHGAP11B/ARHGAP26/CHML/ELMOD1/SGSM3/RIN2/VAV3/TBC1D3D/ANKRD27/ADAP2/TBC1D17/RABGAP1L/OPHN1/RGS8/ARHGAP10/TBC1D3C/ARHGAP29/TBC1D3G/IQGAP2,53
MF,GO:0022843,voltage-gated monoatomic cation channel activity,32/2369,143/18639,0.22377622377622378,1.7606437462916988,3.4841658280985897,9.087394506792911e-4,0.02353449720228613,0.02122018867644231,KCNC1/KCNF1/CACNA1G/KCNMA1/KCNK10/KCNS3/KCNG1/CACNB4/CACNG7/KCNJ10/KCNIP2/KCND3/KCNC4/ABCC8/KCNJ11/KCNAB1/CACNG8/KCNK3/KCNH3/TMEM109/KCNK13/GRIN2D/KCNJ2/KCNH8/HVCN1/KCNJ9/KCNK2/KCNA1/CACNA1E/TRPV1/KCNJ16/KCNK6,32
MF,GO:0015101,organic cation transmembrane transporter activity,21/2369,81/18639,0.25925925925925924,2.039819895877304,3.5786848502025013,9.507537614619771e-4,0.024130130465904977,0.02175724923598251,SLC7A5/SLC1A1/SLC43A2/SLC1A5/SLC38A3/SLC29A3/SLC6A9/SLC25A15/SLC16A10/SLC44A5/SLC38A7/SLC47A2/FLVCR2/SLC44A1/SLC22A16/SLC38A1/SLC7A1/SLC7A7/SLC7A2/SLC16A9/ATP13A3,21
MF,GO:0005007,fibroblast growth factor receptor activity,15/2369,50/18639,0.3,2.360363022372309,3.6753627921693415,0.001000778129985536,0.024901714646110688,0.022452958251687877,PDGFRB/MET/EPHB1/AXL/CSF1R/EPHB3/EPHA4/EPHA2/FGFR2/EPHA7/NTRK2/FGFR3/RET/EPHA10/KIT,15
MF,GO:0008046,axon guidance receptor activity,6/2369,11/18639,0.5454545454545454,4.291569131586016,4.1668188137071605,0.0010928534379521647,0.025682055791875873,0.0231565631004679,L1CAM/EPHB1/EPHB3/ROBO2/EPHA7/HMCN2,6
MF,GO:0048407,platelet-derived growth factor binding,6/2369,11/18639,0.5454545454545454,4.291569131586016,4.1668188137071605,0.0010928534379521647,0.025682055791875873,0.0231565631004679,PDGFRB/PDGFA/COL3A1/COL1A1/COL1A2/PDGFB,6
MF,GO:0097493,structural molecule activity conferring elasticity,6/2369,11/18639,0.5454545454545454,4.291569131586016,4.1668188137071605,0.0010928534379521647,0.025682055791875873,0.0231565631004679,FBLN5/EMILIN2/EMILIN1/ELN/FBLN2/FBN2,6
MF,GO:0005010,insulin-like growth factor receptor activity,15/2369,51/18639,0.29411764705882354,2.3140813944826557,3.585745236003996,0.0012534888731831684,0.028355119491727396,0.025566766112983853,PDGFRB/MET/EPHB1/AXL/CSF1R/EPHB3/EPHA4/EPHA2/FGFR2/EPHA7/NTRK2/FGFR3/RET/EPHA10/KIT,15
MF,GO:0005030,neurotrophin receptor activity,15/2369,51/18639,0.29411764705882354,2.3140813944826557,3.585745236003996,0.0012534888731831684,0.028355119491727396,0.025566766112983853,PDGFRB/MET/EPHB1/AXL/CSF1R/EPHB3/EPHA4/EPHA2/FGFR2/EPHA7/NTRK2/FGFR3/RET/EPHA10/KIT,15
MF,GO:0046943,carboxylic acid transmembrane transporter activity,39/2369,188/18639,0.2074468085106383,1.6321659197255327,3.324210040945859,0.0012736342088482755,0.028355119491727396,0.025566766112983853,SLC7A5/SLC2A1/SLC25A18/SLC1A1/SLC43A2/SLC16A6/SLC38A11/SLC1A5/ABCC3/SLC38A3/SLC6A9/GRIK3/GRIA1/SLC25A15/SLC16A10/SLC38A7/GRIK4/SLC43A3/GRIA3/CEACAM1/GRIN2D/SLC38A1/SLC27A6/SLC7A1/MFSD2A/SLC7A7/SLC7A2/GRIA2/GRIN2B/AKR1C4/SLC16A7/SLC5A12/SLC16A9/SLC7A11/GRIK2/SLC13A3/GRIN2C/ABCC11/SLC6A15,39
MF,GO:0035173,histone kinase activity,66/2369,360/18639,0.18333333333333332,1.442444069227522,3.234609215259117,0.001298763670682603,0.028416053415452128,0.02562170798606152,AURKA/CIITA/CDK1/MELK/PBK/CDK2/DCLK2/SGK1/PDGFRB/MAST2/TTBK1/HASPIN/MET/EPHB1/PHKG1/AXL/RPS6KA1/PRKCD/NEK2/VRK1/STK33/BUB1/TAOK3/DCLK1/CSF1R/HUNK/PASK/LMTK3/TTK/CIT/EPHB3/MASTL/EPHA4/STK36/EPHA2/PKDCC/WEE1/DYRK1B/MAP2K6/FGFR2/CHEK1/PAK3/STK17B/PKMYT1/STK26/PTK2B/BUB1B/CDC7/EPHA7/TNIK/DYRK3/ALPK1/NTRK2/SRPK1/RPS6KA3/AATK/PRKY/AKT3/NIM1K/FGFR3/RET/PRKAA2/EPHA10/DYRK2/STK32A/KIT,66
MF,GO:0071813,lipoprotein particle binding,11/2369,32/18639,0.34375,2.704582629801604,3.682504417385587,0.0013622569396451263,0.02881173427349442,0.02597847883147811,PLTP/LDLR/LRP8/LPL/ABCA1/CDH13/APOE/MSR1/SCARF1/PCSK9/IHH,11
MF,GO:0071814,protein-lipid complex binding,11/2369,32/18639,0.34375,2.704582629801604,3.682504417385587,0.0013622569396451263,0.02881173427349442,0.02597847883147811,PLTP/LDLR/LRP8/LPL/ABCA1/CDH13/APOE/MSR1/SCARF1/PCSK9/IHH,11
MF,GO:0005342,organic acid transmembrane transporter activity,39/2369,189/18639,0.20634920634920634,1.6235301212084663,3.287596901429417,0.0014120281453521278,0.02937481502380082,0.026486187989607644,SLC7A5/SLC2A1/SLC25A18/SLC1A1/SLC43A2/SLC16A6/SLC38A11/SLC1A5/ABCC3/SLC38A3/SLC6A9/GRIK3/GRIA1/SLC25A15/SLC16A10/SLC38A7/GRIK4/SLC43A3/GRIA3/CEACAM1/GRIN2D/SLC38A1/SLC27A6/SLC7A1/MFSD2A/SLC7A7/SLC7A2/GRIA2/GRIN2B/AKR1C4/SLC16A7/SLC5A12/SLC16A9/SLC7A11/GRIK2/SLC13A3/GRIN2C/ABCC11/SLC6A15,39
MF,GO:0045499,chemorepellent activity,10/2369,28/18639,0.35714285714285715,2.8099559790146538,3.6572157462867216,0.001607304403214453,0.03279866790791437,0.029573349936462972,SEMA5B/DPP4/SEMA6B/EFNA5/SEMA7A/SEMA3A/SEMA6C/EPHA7/SEMA6A/SEMA6D,10
MF,GO:0051015,actin filament binding,42/2369,209/18639,0.20095693779904306,1.5811044169001112,3.223688422392493,0.00162830266209504,0.03279866790791437,0.029573349936462972,TPM4/TPM3/ABLIM3/AMOTL2/DBNL/CTNNAL1/XIRP1/IQGAP3/MYH9/ACTN2/TAGLN3/ACTN1/SPTB/PKNOX2/SHROOM2/PLS1/MYH15/FHOD3/MYH11/HIP1R/CFL2/MYH7/AVIL/CORO1C/ABLIM1/MYH7B/LCP1/CORO2A/LIMD2/MYH3/ADD2/NEXN/GAS2L3/MYO1F/SVIL/SHROOM4/ABLIM2/MYO1A/SHROOM3/PICK1/FSCN2/IQGAP2,42
MF,GO:0022824,transmitter-gated monoatomic ion channel activity,17/2369,63/18639,0.2698412698412698,2.1230778508110717,3.4071593321174105,0.0017575979541203319,0.034313720058133865,0.030939416617470454,GRIK3/GRIA1/CHRNA9/GLRA2/GABRQ/GRIK4/GRIA3/CHRNA5/GRIN2D/GABRA3/CHRNB2/GABRE/GRIA2/GRIN2B/CHRNA4/GRIK2/GRIN2C,17
MF,GO:0022835,transmitter-gated channel activity,17/2369,63/18639,0.2698412698412698,2.1230778508110717,3.4071593321174105,0.0017575979541203319,0.034313720058133865,0.030939416617470454,GRIK3/GRIA1/CHRNA9/GLRA2/GABRQ/GRIK4/GRIA3/CHRNA5/GRIN2D/GABRA3/CHRNB2/GABRE/GRIA2/GRIN2B/CHRNA4/GRIK2/GRIN2C,17
MF,GO:0003678,DNA helicase activity,19/2369,74/18639,0.25675675675675674,2.0201305146429673,3.3551545437882875,0.001839745082908795,0.035373280457746376,0.03189478317578724,MCM3/MCM4/RAD51/DSCC1/ERCC6L/MCM6/MCM2/RAD54L/RFC3/RFC4/MCM8/BLM/MCM5/RFC5/RECQL5/DNA2/POLQ/FANCM/BRIP1,19
MF,GO:0038064,collagen receptor activity,15/2369,53/18639,0.2830188679245283,2.2267575682757634,3.412652926737089,0.0019212821794500597,0.03589121242450786,0.032361783339919584,PDGFRB/MET/EPHB1/AXL/CSF1R/EPHB3/EPHA4/EPHA2/FGFR2/EPHA7/NTRK2/FGFR3/RET/EPHA10/KIT,15
MF,GO:0005496,steroid binding,25/2369,108/18639,0.23148148148148148,1.8212677641761643,3.2661462979204505,0.0019232485775149998,0.03589121242450786,0.032361783339919584,ATP1A2/PMP2/ATP1A1/ERLIN1/CALB1/ABCA1/INSIG1/SMO/VDR/GPER1/CYP21A2/SYP/GAS1/PAQR5/NPC1/OSBPL7/RORC/PAQR8/SIDT1/PAQR6/SHBG/ESRRB/HSD17B1/APOD/PTCH1,25
MF,GO:0004712,protein serine/threonine/tyrosine kinase activity,13/2369,43/18639,0.3023255813953488,2.3786604101426367,3.45358517289155,0.001974180207153051,0.03630774902720611,0.032737359041576916,AURKA/PBK/SGK1/RPS6KA1/TTK/DYRK1B/AURKB/MAP2K6/PAK3/DYRK3/PRKAA2/PRKCG/DYRK2,13
MF,GO:0008083,growth factor activity,34/2369,162/18639,0.20987654320987653,1.6512827728530557,3.176872433668837,0.002053771136800179,0.03723193675142039,0.03357066504814729,AGT/PTN/EFEMP1/CCN3/INHBE/PDGFA/LIF/LEFTY2/BMP2/GDF15/FGF13/IL11/KITLG/PDGFB/FGF21/TGFA/THBS4/CSPG5/FGF1/JAG2/INHBB/INHBC/TGFB3/ADA2/BMP8A/PROK1/NRTN/BMP6/GDNF/LEFTY1/FGF18/EPGN/VGF/MSTN,34
MF,GO:0099507,ligand-gated monoatomic ion channel activity involved in regulation of presynaptic membrane potential,7/2369,16/18639,0.4375,3.4421960742929505,3.7291006566579945,0.0021304508718395236,0.03784484998965482,0.034123306323881046,GRIK3/GRIA1/GRIK4/GRIA3/GRIN2D/GRIN2B/GRIK2,7
MF,GO:0141003,histone H2AX kinase activity,64/2369,354/18639,0.1807909604519774,1.4224409927667399,3.0620241444434226,0.00216164261367085,0.03784484998965482,0.034123306323881046,AURKA/CIITA/MELK/PBK/DCLK2/SGK1/PDGFRB/MAST2/TTBK1/HASPIN/MET/EPHB1/PHKG1/AXL/RPS6KA1/PRKCD/NEK2/VRK1/STK33/BUB1/TAOK3/DCLK1/CSF1R/HUNK/PASK/LMTK3/TTK/CIT/EPHB3/MASTL/EPHA4/STK36/EPHA2/PKDCC/WEE1/DYRK1B/MAP2K6/FGFR2/CHEK1/PAK3/STK17B/PKMYT1/STK26/PTK2B/BUB1B/CDC7/EPHA7/TNIK/DYRK3/ALPK1/NTRK2/SRPK1/RPS6KA3/AATK/PRKY/AKT3/NIM1K/FGFR3/RET/PRKAA2/EPHA10/DYRK2/STK32A/KIT,64
MF,GO:0043236,laminin binding,10/2369,29/18639,0.3448275862068966,2.7130609452555277,3.522792264514932,0.0021770481081519323,0.03784484998965482,0.034123306323881046,ITGA3/AGRN/SHH/LRRC15/NID1/BCAM/SLIT2/ITGA6/NTN4/LGALS1,10
MF,GO:0035401,histone H3Y41 kinase activity,26/2369,115/18639,0.22608695652173913,1.7788243067153633,3.1967556304995206,0.0022522815655059993,0.03810860408836151,0.034361123673052926,MELK/PBK/PDGFRB/MET/EPHB1/AXL/PRKCD/CSF1R/TTK/EPHB3/EPHA4/EPHA2/PKDCC/WEE1/DYRK1B/MAP2K6/FGFR2/PTK2B/EPHA7/DYRK3/NTRK2/FGFR3/RET/EPHA10/DYRK2/KIT,26
MF,GO:0140801,histone H2AXY142 kinase activity,26/2369,115/18639,0.22608695652173913,1.7788243067153633,3.1967556304995206,0.0022522815655059993,0.03810860408836151,0.034361123673052926,MELK/PBK/PDGFRB/MET/EPHB1/AXL/PRKCD/CSF1R/TTK/EPHB3/EPHA4/EPHA2/PKDCC/WEE1/DYRK1B/MAP2K6/FGFR2/PTK2B/EPHA7/DYRK3/NTRK2/FGFR3/RET/EPHA10/DYRK2/KIT,26
MF,GO:0005249,voltage-gated potassium channel activity,23/2369,98/18639,0.23469387755102042,1.846542500495344,3.2061485098291556,0.0023647513470114443,0.03948512446523056,0.03560228136013075,KCNC1/KCNF1/KCNMA1/KCNK10/KCNS3/KCNG1/KCNJ10/KCNIP2/KCND3/KCNC4/ABCC8/KCNJ11/KCNAB1/KCNK3/KCNH3/KCNK13/KCNJ2/KCNH8/KCNJ9/KCNK2/KCNA1/KCNJ16/KCNK6,23
MF,GO:0098631,cell adhesion mediator activity,19/2369,76/18639,0.25,1.9669691853102576,3.223174035538791,0.002561727183737868,0.04221859475536824,0.038066950768599624,KRT18/EMILIN1/CLSTN3/CXADR/ITGA1/PLXNB3/ITGA9/LAMA5/MADCAM1/GLDN/BCAM/DSG2/NEXN/MYPN/SVEP1/NTNG1/NRCAM/TRIM29/PDLIM1,19
MF,GO:0140996,histone H3 kinase activity,64/2369,357/18639,0.1792717086834734,1.410487707113238,2.988207966028063,0.0026585570158183186,0.04325267760350573,0.038999345157820685,AURKA/CIITA/MELK/PBK/DCLK2/SGK1/PDGFRB/MAST2/TTBK1/HASPIN/MET/EPHB1/PHKG1/AXL/RPS6KA1/PRKCD/NEK2/VRK1/STK33/BUB1/TAOK3/DCLK1/CSF1R/HUNK/PASK/LMTK3/TTK/CIT/EPHB3/MASTL/EPHA4/STK36/EPHA2/PKDCC/WEE1/DYRK1B/MAP2K6/FGFR2/CHEK1/PAK3/STK17B/PKMYT1/STK26/PTK2B/BUB1B/CDC7/EPHA7/TNIK/DYRK3/ALPK1/NTRK2/SRPK1/RPS6KA3/AATK/PRKY/AKT3/NIM1K/FGFR3/RET/PRKAA2/EPHA10/DYRK2/STK32A/KIT,64
