[2026-04-30 19:19:33,084] multiqc                                            [DEBUG  ]  No MultiQC config found: /rds/bear-apps/2019b/EL8-cas/software/MultiQC/1.9-foss-2019b-Python-3.7.4/lib/python3.7/site-packages/multiqc_config.yaml
[2026-04-30 19:19:33,084] multiqc                                            [DEBUG  ]  No MultiQC config found: /rds/homes/z/zxl749/.multiqc_config.yaml
[2026-04-30 19:19:33,085] multiqc                                            [DEBUG  ]  No MultiQC config found: multiqc_config.yaml
[2026-04-30 19:19:33,085] multiqc                                            [DEBUG  ]  Command used: /rds/bear-apps/2019b/EL8-cas/software/MultiQC/1.9-foss-2019b-Python-3.7.4/bin/multiqc /rds/projects/g/gendood-preclinomics/260306_Singh-RNAseq/QualityControl/FastQC/
[2026-04-30 19:19:33,261] multiqc                                            [WARNING]  MultiQC Version v1.34 now available!
[2026-04-30 19:19:33,261] multiqc                                            [INFO   ]  This is MultiQC v1.9
[2026-04-30 19:19:33,261] multiqc                                            [DEBUG  ]  Command     : /rds/bear-apps/2019b/EL8-cas/software/MultiQC/1.9-foss-2019b-Python-3.7.4/bin/multiqc /rds/projects/g/gendood-preclinomics/260306_Singh-RNAseq/QualityControl/FastQC/
[2026-04-30 19:19:33,261] multiqc                                            [DEBUG  ]  Working dir : /rds/projects/g/gendood-preclinomics/260306_Singh-RNAseq/QualityControl/MultiQC
[2026-04-30 19:19:33,261] multiqc                                            [INFO   ]  Template    : default
[2026-04-30 19:19:33,261] multiqc                                            [DEBUG  ]  Running Python 3.7.4 (default, Sep  8 2020, 13:50:53)  [GCC 8.3.0]
[2026-04-30 19:19:33,261] multiqc                                            [INFO   ]  Searching   : /rds/projects/g/gendood-preclinomics/260306_Singh-RNAseq/QualityControl/FastQC
[2026-04-30 19:19:33,261] multiqc                                            [DEBUG  ]  Analysing modules: custom_content, conpair, peddy, somalier, methylQA, mosdepth, phantompeakqualtools, qualimap, preseq, quast, qorts, rna_seqc, rockhopper, rsem, rseqc, busco, goleft_indexcov, disambiguate, supernova, deeptools, sargasso, verifybamid, mirtrace, happy, mirtop, homer, macs2, theta2, snpeff, gatk, htseq, bcftools, featureCounts, fgbio, dragen, dedup, damageprofiler, biobambam2, mtnucratio, picard, prokka, samblaster, samtools, sexdeterrmine, bamtools, jellyfish, vcftools, longranger, stacks, varscan2, bbmap, bismark, biscuit, hicexplorer, hicup, hicpro, salmon, kallisto, slamdunk, star, hisat2, tophat, bowtie2, bowtie1, snpsplit, kat, leehom, adapterRemoval, clipandmerge, cutadapt, flexbar, kaiju, kraken, malt, trimmomatic, sickle, skewer, sortmerna, biobloomtools, fastq_screen, afterqc, fastp, fastqc, pycoqc, minionqc, multivcfanalyzer, clusterflow, bcl2fastq, interop, ivar, flash, seqyclean
[2026-04-30 19:19:33,261] multiqc                                            [DEBUG  ]  Using temporary directory for creating report: /tmp/tmpqaefeabq
[2026-04-30 19:19:33,552] multiqc                                            [DEBUG  ]  File ignored by hicexplorer because it exceeded search pattern filesize limit: MTOP13-BT-241-AAVS1_S13_L001_R2_001_fastqc.html
[2026-04-30 19:19:33,555] multiqc                                            [DEBUG  ]  File ignored by longranger/invocation because it exceeded search pattern filesize limit: MTOP13-BT-241-AAVS1_S13_L001_R2_001_fastqc.html
[2026-04-30 19:19:33,555] multiqc                                            [DEBUG  ]  File ignored by rockhopper because it exceeded search pattern filesize limit: MTOP13-BT-241-AAVS1_S13_L001_R2_001_fastqc.html
[2026-04-30 19:19:33,555] multiqc                                            [DEBUG  ]  File ignored by rseqc/bam_stat because it exceeded search pattern filesize limit: MTOP13-BT-241-AAVS1_S13_L001_R2_001_fastqc.html
[2026-04-30 19:19:33,555] multiqc                                            [DEBUG  ]  File ignored by rseqc/junction_annotation because it exceeded search pattern filesize limit: MTOP13-BT-241-AAVS1_S13_L001_R2_001_fastqc.html
[2026-04-30 19:19:33,555] multiqc                                            [DEBUG  ]  File ignored by rseqc/read_distribution because it exceeded search pattern filesize limit: MTOP13-BT-241-AAVS1_S13_L001_R2_001_fastqc.html
[2026-04-30 19:19:33,555] multiqc                                            [DEBUG  ]  File ignored by rseqc/infer_experiment because it exceeded search pattern filesize limit: MTOP13-BT-241-AAVS1_S13_L001_R2_001_fastqc.html
[2026-04-30 19:19:33,634] multiqc                                            [DEBUG  ]  File ignored by hicexplorer because it exceeded search pattern filesize limit: MTOP18-BT-241-HTT-4-1_S18_L001_R2_001_fastqc.html
[2026-04-30 19:19:33,637] multiqc                                            [DEBUG  ]  File ignored by longranger/invocation because it exceeded search pattern filesize limit: MTOP18-BT-241-HTT-4-1_S18_L001_R2_001_fastqc.html
[2026-04-30 19:19:33,637] multiqc                                            [DEBUG  ]  File ignored by rockhopper because it exceeded search pattern filesize limit: MTOP18-BT-241-HTT-4-1_S18_L001_R2_001_fastqc.html
[2026-04-30 19:19:33,637] multiqc                                            [DEBUG  ]  File ignored by rseqc/bam_stat because it exceeded search pattern filesize limit: MTOP18-BT-241-HTT-4-1_S18_L001_R2_001_fastqc.html
[2026-04-30 19:19:33,637] multiqc                                            [DEBUG  ]  File ignored by rseqc/junction_annotation because it exceeded search pattern filesize limit: MTOP18-BT-241-HTT-4-1_S18_L001_R2_001_fastqc.html
[2026-04-30 19:19:33,637] multiqc                                            [DEBUG  ]  File ignored by rseqc/read_distribution because it exceeded search pattern filesize limit: MTOP18-BT-241-HTT-4-1_S18_L001_R2_001_fastqc.html
[2026-04-30 19:19:33,637] multiqc                                            [DEBUG  ]  File ignored by rseqc/infer_experiment because it exceeded search pattern filesize limit: MTOP18-BT-241-HTT-4-1_S18_L001_R2_001_fastqc.html
[2026-04-30 19:19:33,708] multiqc                                            [DEBUG  ]  File ignored by hicexplorer because it exceeded search pattern filesize limit: MTOP6-BT-241-Bramaplam_S6_L001_R2_001_fastqc.html
[2026-04-30 19:19:33,710] multiqc                                            [DEBUG  ]  File ignored by longranger/invocation because it exceeded search pattern filesize limit: MTOP6-BT-241-Bramaplam_S6_L001_R2_001_fastqc.html
[2026-04-30 19:19:33,710] multiqc                                            [DEBUG  ]  File ignored by rockhopper because it exceeded search pattern filesize limit: MTOP6-BT-241-Bramaplam_S6_L001_R2_001_fastqc.html
[2026-04-30 19:19:33,710] multiqc                                            [DEBUG  ]  File ignored by rseqc/bam_stat because it exceeded search pattern filesize limit: MTOP6-BT-241-Bramaplam_S6_L001_R2_001_fastqc.html
[2026-04-30 19:19:33,710] multiqc                                            [DEBUG  ]  File ignored by rseqc/junction_annotation because it exceeded search pattern filesize limit: MTOP6-BT-241-Bramaplam_S6_L001_R2_001_fastqc.html
[2026-04-30 19:19:33,710] multiqc                                            [DEBUG  ]  File ignored by rseqc/read_distribution because it exceeded search pattern filesize limit: MTOP6-BT-241-Bramaplam_S6_L001_R2_001_fastqc.html
[2026-04-30 19:19:33,710] multiqc                                            [DEBUG  ]  File ignored by rseqc/infer_experiment because it exceeded search pattern filesize limit: MTOP6-BT-241-Bramaplam_S6_L001_R2_001_fastqc.html
[2026-04-30 19:19:33,793] multiqc                                            [DEBUG  ]  File ignored by hicexplorer because it exceeded search pattern filesize limit: SS4-AAVS1-1_S28_L001_R2_001_fastqc.html
[2026-04-30 19:19:33,795] multiqc                                            [DEBUG  ]  File ignored by longranger/invocation because it exceeded search pattern filesize limit: SS4-AAVS1-1_S28_L001_R2_001_fastqc.html
[2026-04-30 19:19:33,795] multiqc                                            [DEBUG  ]  File ignored by rockhopper because it exceeded search pattern filesize limit: SS4-AAVS1-1_S28_L001_R2_001_fastqc.html
[2026-04-30 19:19:33,795] multiqc                                            [DEBUG  ]  File ignored by rseqc/bam_stat because it exceeded search pattern filesize limit: SS4-AAVS1-1_S28_L001_R2_001_fastqc.html
[2026-04-30 19:19:33,795] multiqc                                            [DEBUG  ]  File ignored by rseqc/junction_annotation because it exceeded search pattern filesize limit: SS4-AAVS1-1_S28_L001_R2_001_fastqc.html
[2026-04-30 19:19:33,795] multiqc                                            [DEBUG  ]  File ignored by rseqc/read_distribution because it exceeded search pattern filesize limit: SS4-AAVS1-1_S28_L001_R2_001_fastqc.html
[2026-04-30 19:19:33,795] multiqc                                            [DEBUG  ]  File ignored by rseqc/infer_experiment because it exceeded search pattern filesize limit: SS4-AAVS1-1_S28_L001_R2_001_fastqc.html
[2026-04-30 19:19:33,857] multiqc                                            [DEBUG  ]  File ignored by hicexplorer because it exceeded search pattern filesize limit: MTOP11-BT-972-HTT-2-1_S11_L001_R1_001_fastqc.html
[2026-04-30 19:19:33,859] multiqc                                            [DEBUG  ]  File ignored by longranger/invocation because it exceeded search pattern filesize limit: MTOP11-BT-972-HTT-2-1_S11_L001_R1_001_fastqc.html
[2026-04-30 19:19:33,859] multiqc                                            [DEBUG  ]  File ignored by rockhopper because it exceeded search pattern filesize limit: MTOP11-BT-972-HTT-2-1_S11_L001_R1_001_fastqc.html
[2026-04-30 19:19:33,859] multiqc                                            [DEBUG  ]  File ignored by rseqc/bam_stat because it exceeded search pattern filesize limit: MTOP11-BT-972-HTT-2-1_S11_L001_R1_001_fastqc.html
[2026-04-30 19:19:33,859] multiqc                                            [DEBUG  ]  File ignored by rseqc/junction_annotation because it exceeded search pattern filesize limit: MTOP11-BT-972-HTT-2-1_S11_L001_R1_001_fastqc.html
[2026-04-30 19:19:33,859] multiqc                                            [DEBUG  ]  File ignored by rseqc/read_distribution because it exceeded search pattern filesize limit: MTOP11-BT-972-HTT-2-1_S11_L001_R1_001_fastqc.html
[2026-04-30 19:19:33,859] multiqc                                            [DEBUG  ]  File ignored by rseqc/infer_experiment because it exceeded search pattern filesize limit: MTOP11-BT-972-HTT-2-1_S11_L001_R1_001_fastqc.html
[2026-04-30 19:19:33,935] multiqc                                            [DEBUG  ]  File ignored by hicexplorer because it exceeded search pattern filesize limit: MTOP10-BT-972-HTT-2-1_S10_L001_R1_001_fastqc.html
[2026-04-30 19:19:33,937] multiqc                                            [DEBUG  ]  File ignored by longranger/invocation because it exceeded search pattern filesize limit: MTOP10-BT-972-HTT-2-1_S10_L001_R1_001_fastqc.html
[2026-04-30 19:19:33,937] multiqc                                            [DEBUG  ]  File ignored by rockhopper because it exceeded search pattern filesize limit: MTOP10-BT-972-HTT-2-1_S10_L001_R1_001_fastqc.html
[2026-04-30 19:19:33,937] multiqc                                            [DEBUG  ]  File ignored by rseqc/bam_stat because it exceeded search pattern filesize limit: MTOP10-BT-972-HTT-2-1_S10_L001_R1_001_fastqc.html
[2026-04-30 19:19:33,937] multiqc                                            [DEBUG  ]  File ignored by rseqc/junction_annotation because it exceeded search pattern filesize limit: MTOP10-BT-972-HTT-2-1_S10_L001_R1_001_fastqc.html
[2026-04-30 19:19:33,937] multiqc                                            [DEBUG  ]  File ignored by rseqc/read_distribution because it exceeded search pattern filesize limit: MTOP10-BT-972-HTT-2-1_S10_L001_R1_001_fastqc.html
[2026-04-30 19:19:33,937] multiqc                                            [DEBUG  ]  File ignored by rseqc/infer_experiment because it exceeded search pattern filesize limit: MTOP10-BT-972-HTT-2-1_S10_L001_R1_001_fastqc.html
[2026-04-30 19:19:34,009] multiqc                                            [DEBUG  ]  File ignored by hicexplorer because it exceeded search pattern filesize limit: MTOP1-BT241-DMSO_S1_L001_R2_001_fastqc.html
[2026-04-30 19:19:34,011] multiqc                                            [DEBUG  ]  File ignored by longranger/invocation because it exceeded search pattern filesize limit: MTOP1-BT241-DMSO_S1_L001_R2_001_fastqc.html
[2026-04-30 19:19:34,011] multiqc                                            [DEBUG  ]  File ignored by rockhopper because it exceeded search pattern filesize limit: MTOP1-BT241-DMSO_S1_L001_R2_001_fastqc.html
[2026-04-30 19:19:34,011] multiqc                                            [DEBUG  ]  File ignored by rseqc/bam_stat because it exceeded search pattern filesize limit: MTOP1-BT241-DMSO_S1_L001_R2_001_fastqc.html
[2026-04-30 19:19:34,011] multiqc                                            [DEBUG  ]  File ignored by rseqc/junction_annotation because it exceeded search pattern filesize limit: MTOP1-BT241-DMSO_S1_L001_R2_001_fastqc.html
[2026-04-30 19:19:34,011] multiqc                                            [DEBUG  ]  File ignored by rseqc/read_distribution because it exceeded search pattern filesize limit: MTOP1-BT241-DMSO_S1_L001_R2_001_fastqc.html
[2026-04-30 19:19:34,011] multiqc                                            [DEBUG  ]  File ignored by rseqc/infer_experiment because it exceeded search pattern filesize limit: MTOP1-BT241-DMSO_S1_L001_R2_001_fastqc.html
[2026-04-30 19:19:34,089] multiqc                                            [DEBUG  ]  File ignored by hicexplorer because it exceeded search pattern filesize limit: MTOP2-BT241-DMSO_S2_L001_R1_001_fastqc.html
[2026-04-30 19:19:34,092] multiqc                                            [DEBUG  ]  File ignored by longranger/invocation because it exceeded search pattern filesize limit: MTOP2-BT241-DMSO_S2_L001_R1_001_fastqc.html
[2026-04-30 19:19:34,092] multiqc                                            [DEBUG  ]  File ignored by rockhopper because it exceeded search pattern filesize limit: MTOP2-BT241-DMSO_S2_L001_R1_001_fastqc.html
[2026-04-30 19:19:34,092] multiqc                                            [DEBUG  ]  File ignored by rseqc/bam_stat because it exceeded search pattern filesize limit: MTOP2-BT241-DMSO_S2_L001_R1_001_fastqc.html
[2026-04-30 19:19:34,092] multiqc                                            [DEBUG  ]  File ignored by rseqc/junction_annotation because it exceeded search pattern filesize limit: MTOP2-BT241-DMSO_S2_L001_R1_001_fastqc.html
[2026-04-30 19:19:34,092] multiqc                                            [DEBUG  ]  File ignored by rseqc/read_distribution because it exceeded search pattern filesize limit: MTOP2-BT241-DMSO_S2_L001_R1_001_fastqc.html
[2026-04-30 19:19:34,092] multiqc                                            [DEBUG  ]  File ignored by rseqc/infer_experiment because it exceeded search pattern filesize limit: MTOP2-BT241-DMSO_S2_L001_R1_001_fastqc.html
[2026-04-30 19:19:34,170] multiqc                                            [DEBUG  ]  File ignored by hicexplorer because it exceeded search pattern filesize limit: MTOP3-BT241-DMSO_S3_L001_R2_001_fastqc.html
[2026-04-30 19:19:34,172] multiqc                                            [DEBUG  ]  File ignored by longranger/invocation because it exceeded search pattern filesize limit: MTOP3-BT241-DMSO_S3_L001_R2_001_fastqc.html
[2026-04-30 19:19:34,172] multiqc                                            [DEBUG  ]  File ignored by rockhopper because it exceeded search pattern filesize limit: MTOP3-BT241-DMSO_S3_L001_R2_001_fastqc.html
[2026-04-30 19:19:34,172] multiqc                                            [DEBUG  ]  File ignored by rseqc/bam_stat because it exceeded search pattern filesize limit: MTOP3-BT241-DMSO_S3_L001_R2_001_fastqc.html
[2026-04-30 19:19:34,172] multiqc                                            [DEBUG  ]  File ignored by rseqc/junction_annotation because it exceeded search pattern filesize limit: MTOP3-BT241-DMSO_S3_L001_R2_001_fastqc.html
[2026-04-30 19:19:34,172] multiqc                                            [DEBUG  ]  File ignored by rseqc/read_distribution because it exceeded search pattern filesize limit: MTOP3-BT241-DMSO_S3_L001_R2_001_fastqc.html
[2026-04-30 19:19:34,172] multiqc                                            [DEBUG  ]  File ignored by rseqc/infer_experiment because it exceeded search pattern filesize limit: MTOP3-BT241-DMSO_S3_L001_R2_001_fastqc.html
[2026-04-30 19:19:34,249] multiqc                                            [DEBUG  ]  File ignored by hicexplorer because it exceeded search pattern filesize limit: SS5-AAVS1-2_S29_L001_R1_001_fastqc.html
[2026-04-30 19:19:34,251] multiqc                                            [DEBUG  ]  File ignored by longranger/invocation because it exceeded search pattern filesize limit: SS5-AAVS1-2_S29_L001_R1_001_fastqc.html
[2026-04-30 19:19:34,251] multiqc                                            [DEBUG  ]  File ignored by rockhopper because it exceeded search pattern filesize limit: SS5-AAVS1-2_S29_L001_R1_001_fastqc.html
[2026-04-30 19:19:34,251] multiqc                                            [DEBUG  ]  File ignored by rseqc/bam_stat because it exceeded search pattern filesize limit: SS5-AAVS1-2_S29_L001_R1_001_fastqc.html
[2026-04-30 19:19:34,251] multiqc                                            [DEBUG  ]  File ignored by rseqc/junction_annotation because it exceeded search pattern filesize limit: SS5-AAVS1-2_S29_L001_R1_001_fastqc.html
[2026-04-30 19:19:34,251] multiqc                                            [DEBUG  ]  File ignored by rseqc/read_distribution because it exceeded search pattern filesize limit: SS5-AAVS1-2_S29_L001_R1_001_fastqc.html
[2026-04-30 19:19:34,251] multiqc                                            [DEBUG  ]  File ignored by rseqc/infer_experiment because it exceeded search pattern filesize limit: SS5-AAVS1-2_S29_L001_R1_001_fastqc.html
[2026-04-30 19:19:34,334] multiqc                                            [DEBUG  ]  File ignored by hicexplorer because it exceeded search pattern filesize limit: MTOP4-BT-241-Bramaplam_S4_L001_R1_001_fastqc.html
[2026-04-30 19:19:34,336] multiqc                                            [DEBUG  ]  File ignored by longranger/invocation because it exceeded search pattern filesize limit: MTOP4-BT-241-Bramaplam_S4_L001_R1_001_fastqc.html
[2026-04-30 19:19:34,336] multiqc                                            [DEBUG  ]  File ignored by rockhopper because it exceeded search pattern filesize limit: MTOP4-BT-241-Bramaplam_S4_L001_R1_001_fastqc.html
[2026-04-30 19:19:34,336] multiqc                                            [DEBUG  ]  File ignored by rseqc/bam_stat because it exceeded search pattern filesize limit: MTOP4-BT-241-Bramaplam_S4_L001_R1_001_fastqc.html
[2026-04-30 19:19:34,336] multiqc                                            [DEBUG  ]  File ignored by rseqc/junction_annotation because it exceeded search pattern filesize limit: MTOP4-BT-241-Bramaplam_S4_L001_R1_001_fastqc.html
[2026-04-30 19:19:34,336] multiqc                                            [DEBUG  ]  File ignored by rseqc/read_distribution because it exceeded search pattern filesize limit: MTOP4-BT-241-Bramaplam_S4_L001_R1_001_fastqc.html
[2026-04-30 19:19:34,337] multiqc                                            [DEBUG  ]  File ignored by rseqc/infer_experiment because it exceeded search pattern filesize limit: MTOP4-BT-241-Bramaplam_S4_L001_R1_001_fastqc.html
[2026-04-30 19:19:34,412] multiqc                                            [DEBUG  ]  File ignored by hicexplorer because it exceeded search pattern filesize limit: MTOP20-BT-935-AAVS1_S20_L001_R1_001_fastqc.html
[2026-04-30 19:19:34,414] multiqc                                            [DEBUG  ]  File ignored by longranger/invocation because it exceeded search pattern filesize limit: MTOP20-BT-935-AAVS1_S20_L001_R1_001_fastqc.html
[2026-04-30 19:19:34,414] multiqc                                            [DEBUG  ]  File ignored by rockhopper because it exceeded search pattern filesize limit: MTOP20-BT-935-AAVS1_S20_L001_R1_001_fastqc.html
[2026-04-30 19:19:34,414] multiqc                                            [DEBUG  ]  File ignored by rseqc/bam_stat because it exceeded search pattern filesize limit: MTOP20-BT-935-AAVS1_S20_L001_R1_001_fastqc.html
[2026-04-30 19:19:34,414] multiqc                                            [DEBUG  ]  File ignored by rseqc/junction_annotation because it exceeded search pattern filesize limit: MTOP20-BT-935-AAVS1_S20_L001_R1_001_fastqc.html
[2026-04-30 19:19:34,414] multiqc                                            [DEBUG  ]  File ignored by rseqc/read_distribution because it exceeded search pattern filesize limit: MTOP20-BT-935-AAVS1_S20_L001_R1_001_fastqc.html
[2026-04-30 19:19:34,414] multiqc                                            [DEBUG  ]  File ignored by rseqc/infer_experiment because it exceeded search pattern filesize limit: MTOP20-BT-935-AAVS1_S20_L001_R1_001_fastqc.html
[2026-04-30 19:19:34,492] multiqc                                            [DEBUG  ]  File ignored by hicexplorer because it exceeded search pattern filesize limit: SS2-KO-2_S26_L001_R1_001_fastqc.html
[2026-04-30 19:19:34,494] multiqc                                            [DEBUG  ]  File ignored by longranger/invocation because it exceeded search pattern filesize limit: SS2-KO-2_S26_L001_R1_001_fastqc.html
[2026-04-30 19:19:34,494] multiqc                                            [DEBUG  ]  File ignored by rockhopper because it exceeded search pattern filesize limit: SS2-KO-2_S26_L001_R1_001_fastqc.html
[2026-04-30 19:19:34,494] multiqc                                            [DEBUG  ]  File ignored by rseqc/bam_stat because it exceeded search pattern filesize limit: SS2-KO-2_S26_L001_R1_001_fastqc.html
[2026-04-30 19:19:34,494] multiqc                                            [DEBUG  ]  File ignored by rseqc/junction_annotation because it exceeded search pattern filesize limit: SS2-KO-2_S26_L001_R1_001_fastqc.html
[2026-04-30 19:19:34,494] multiqc                                            [DEBUG  ]  File ignored by rseqc/read_distribution because it exceeded search pattern filesize limit: SS2-KO-2_S26_L001_R1_001_fastqc.html
[2026-04-30 19:19:34,494] multiqc                                            [DEBUG  ]  File ignored by rseqc/infer_experiment because it exceeded search pattern filesize limit: SS2-KO-2_S26_L001_R1_001_fastqc.html
[2026-04-30 19:19:34,552] multiqc                                            [DEBUG  ]  File ignored by hicexplorer because it exceeded search pattern filesize limit: MTOP5-BT-241-Bramaplam_S5_L001_R2_001_fastqc.html
[2026-04-30 19:19:34,554] multiqc                                            [DEBUG  ]  File ignored by longranger/invocation because it exceeded search pattern filesize limit: MTOP5-BT-241-Bramaplam_S5_L001_R2_001_fastqc.html
[2026-04-30 19:19:34,554] multiqc                                            [DEBUG  ]  File ignored by rockhopper because it exceeded search pattern filesize limit: MTOP5-BT-241-Bramaplam_S5_L001_R2_001_fastqc.html
[2026-04-30 19:19:34,554] multiqc                                            [DEBUG  ]  File ignored by rseqc/bam_stat because it exceeded search pattern filesize limit: MTOP5-BT-241-Bramaplam_S5_L001_R2_001_fastqc.html
[2026-04-30 19:19:34,554] multiqc                                            [DEBUG  ]  File ignored by rseqc/junction_annotation because it exceeded search pattern filesize limit: MTOP5-BT-241-Bramaplam_S5_L001_R2_001_fastqc.html
[2026-04-30 19:19:34,555] multiqc                                            [DEBUG  ]  File ignored by rseqc/read_distribution because it exceeded search pattern filesize limit: MTOP5-BT-241-Bramaplam_S5_L001_R2_001_fastqc.html
[2026-04-30 19:19:34,555] multiqc                                            [DEBUG  ]  File ignored by rseqc/infer_experiment because it exceeded search pattern filesize limit: MTOP5-BT-241-Bramaplam_S5_L001_R2_001_fastqc.html
[2026-04-30 19:19:34,615] multiqc                                            [DEBUG  ]  File ignored by hicexplorer because it exceeded search pattern filesize limit: SS6-AAVS1-3_S30_L001_R2_001_fastqc.html
[2026-04-30 19:19:34,617] multiqc                                            [DEBUG  ]  File ignored by longranger/invocation because it exceeded search pattern filesize limit: SS6-AAVS1-3_S30_L001_R2_001_fastqc.html
[2026-04-30 19:19:34,617] multiqc                                            [DEBUG  ]  File ignored by rockhopper because it exceeded search pattern filesize limit: SS6-AAVS1-3_S30_L001_R2_001_fastqc.html
[2026-04-30 19:19:34,617] multiqc                                            [DEBUG  ]  File ignored by rseqc/bam_stat because it exceeded search pattern filesize limit: SS6-AAVS1-3_S30_L001_R2_001_fastqc.html
[2026-04-30 19:19:34,617] multiqc                                            [DEBUG  ]  File ignored by rseqc/junction_annotation because it exceeded search pattern filesize limit: SS6-AAVS1-3_S30_L001_R2_001_fastqc.html
[2026-04-30 19:19:34,617] multiqc                                            [DEBUG  ]  File ignored by rseqc/read_distribution because it exceeded search pattern filesize limit: SS6-AAVS1-3_S30_L001_R2_001_fastqc.html
[2026-04-30 19:19:34,617] multiqc                                            [DEBUG  ]  File ignored by rseqc/infer_experiment because it exceeded search pattern filesize limit: SS6-AAVS1-3_S30_L001_R2_001_fastqc.html
[2026-04-30 19:19:34,696] multiqc                                            [DEBUG  ]  File ignored by hicexplorer because it exceeded search pattern filesize limit: MTOP13-BT-241-AAVS1_S13_L001_R1_001_fastqc.html
[2026-04-30 19:19:34,698] multiqc                                            [DEBUG  ]  File ignored by longranger/invocation because it exceeded search pattern filesize limit: MTOP13-BT-241-AAVS1_S13_L001_R1_001_fastqc.html
[2026-04-30 19:19:34,698] multiqc                                            [DEBUG  ]  File ignored by rockhopper because it exceeded search pattern filesize limit: MTOP13-BT-241-AAVS1_S13_L001_R1_001_fastqc.html
[2026-04-30 19:19:34,698] multiqc                                            [DEBUG  ]  File ignored by rseqc/bam_stat because it exceeded search pattern filesize limit: MTOP13-BT-241-AAVS1_S13_L001_R1_001_fastqc.html
[2026-04-30 19:19:34,698] multiqc                                            [DEBUG  ]  File ignored by rseqc/junction_annotation because it exceeded search pattern filesize limit: MTOP13-BT-241-AAVS1_S13_L001_R1_001_fastqc.html
[2026-04-30 19:19:34,698] multiqc                                            [DEBUG  ]  File ignored by rseqc/read_distribution because it exceeded search pattern filesize limit: MTOP13-BT-241-AAVS1_S13_L001_R1_001_fastqc.html
[2026-04-30 19:19:34,698] multiqc                                            [DEBUG  ]  File ignored by rseqc/infer_experiment because it exceeded search pattern filesize limit: MTOP13-BT-241-AAVS1_S13_L001_R1_001_fastqc.html
[2026-04-30 19:19:34,782] multiqc                                            [DEBUG  ]  File ignored by hicexplorer because it exceeded search pattern filesize limit: MTOP6-BT-241-Bramaplam_S6_L001_R1_001_fastqc.html
[2026-04-30 19:19:34,784] multiqc                                            [DEBUG  ]  File ignored by longranger/invocation because it exceeded search pattern filesize limit: MTOP6-BT-241-Bramaplam_S6_L001_R1_001_fastqc.html
[2026-04-30 19:19:34,784] multiqc                                            [DEBUG  ]  File ignored by rockhopper because it exceeded search pattern filesize limit: MTOP6-BT-241-Bramaplam_S6_L001_R1_001_fastqc.html
[2026-04-30 19:19:34,784] multiqc                                            [DEBUG  ]  File ignored by rseqc/bam_stat because it exceeded search pattern filesize limit: MTOP6-BT-241-Bramaplam_S6_L001_R1_001_fastqc.html
[2026-04-30 19:19:34,784] multiqc                                            [DEBUG  ]  File ignored by rseqc/junction_annotation because it exceeded search pattern filesize limit: MTOP6-BT-241-Bramaplam_S6_L001_R1_001_fastqc.html
[2026-04-30 19:19:34,784] multiqc                                            [DEBUG  ]  File ignored by rseqc/read_distribution because it exceeded search pattern filesize limit: MTOP6-BT-241-Bramaplam_S6_L001_R1_001_fastqc.html
[2026-04-30 19:19:34,784] multiqc                                            [DEBUG  ]  File ignored by rseqc/infer_experiment because it exceeded search pattern filesize limit: MTOP6-BT-241-Bramaplam_S6_L001_R1_001_fastqc.html
[2026-04-30 19:19:34,860] multiqc                                            [DEBUG  ]  File ignored by hicexplorer because it exceeded search pattern filesize limit: MTOP7-BT-972-AAVS1_S7_L001_R1_001_fastqc.html
[2026-04-30 19:19:34,862] multiqc                                            [DEBUG  ]  File ignored by longranger/invocation because it exceeded search pattern filesize limit: MTOP7-BT-972-AAVS1_S7_L001_R1_001_fastqc.html
[2026-04-30 19:19:34,862] multiqc                                            [DEBUG  ]  File ignored by rockhopper because it exceeded search pattern filesize limit: MTOP7-BT-972-AAVS1_S7_L001_R1_001_fastqc.html
[2026-04-30 19:19:34,862] multiqc                                            [DEBUG  ]  File ignored by rseqc/bam_stat because it exceeded search pattern filesize limit: MTOP7-BT-972-AAVS1_S7_L001_R1_001_fastqc.html
[2026-04-30 19:19:34,862] multiqc                                            [DEBUG  ]  File ignored by rseqc/junction_annotation because it exceeded search pattern filesize limit: MTOP7-BT-972-AAVS1_S7_L001_R1_001_fastqc.html
[2026-04-30 19:19:34,862] multiqc                                            [DEBUG  ]  File ignored by rseqc/read_distribution because it exceeded search pattern filesize limit: MTOP7-BT-972-AAVS1_S7_L001_R1_001_fastqc.html
[2026-04-30 19:19:34,862] multiqc                                            [DEBUG  ]  File ignored by rseqc/infer_experiment because it exceeded search pattern filesize limit: MTOP7-BT-972-AAVS1_S7_L001_R1_001_fastqc.html
[2026-04-30 19:19:34,933] multiqc                                            [DEBUG  ]  File ignored by hicexplorer because it exceeded search pattern filesize limit: SS4-AAVS1-1_S28_L001_R1_001_fastqc.html
[2026-04-30 19:19:34,936] multiqc                                            [DEBUG  ]  File ignored by longranger/invocation because it exceeded search pattern filesize limit: SS4-AAVS1-1_S28_L001_R1_001_fastqc.html
[2026-04-30 19:19:34,936] multiqc                                            [DEBUG  ]  File ignored by rockhopper because it exceeded search pattern filesize limit: SS4-AAVS1-1_S28_L001_R1_001_fastqc.html
[2026-04-30 19:19:34,936] multiqc                                            [DEBUG  ]  File ignored by rseqc/bam_stat because it exceeded search pattern filesize limit: SS4-AAVS1-1_S28_L001_R1_001_fastqc.html
[2026-04-30 19:19:34,936] multiqc                                            [DEBUG  ]  File ignored by rseqc/junction_annotation because it exceeded search pattern filesize limit: SS4-AAVS1-1_S28_L001_R1_001_fastqc.html
[2026-04-30 19:19:34,936] multiqc                                            [DEBUG  ]  File ignored by rseqc/read_distribution because it exceeded search pattern filesize limit: SS4-AAVS1-1_S28_L001_R1_001_fastqc.html
[2026-04-30 19:19:34,936] multiqc                                            [DEBUG  ]  File ignored by rseqc/infer_experiment because it exceeded search pattern filesize limit: SS4-AAVS1-1_S28_L001_R1_001_fastqc.html
[2026-04-30 19:19:35,006] multiqc                                            [DEBUG  ]  File ignored by hicexplorer because it exceeded search pattern filesize limit: MTOP22-BT-935-HTT-4-1_S22_L001_R1_001_fastqc.html
[2026-04-30 19:19:35,008] multiqc                                            [DEBUG  ]  File ignored by longranger/invocation because it exceeded search pattern filesize limit: MTOP22-BT-935-HTT-4-1_S22_L001_R1_001_fastqc.html
[2026-04-30 19:19:35,008] multiqc                                            [DEBUG  ]  File ignored by rockhopper because it exceeded search pattern filesize limit: MTOP22-BT-935-HTT-4-1_S22_L001_R1_001_fastqc.html
[2026-04-30 19:19:35,008] multiqc                                            [DEBUG  ]  File ignored by rseqc/bam_stat because it exceeded search pattern filesize limit: MTOP22-BT-935-HTT-4-1_S22_L001_R1_001_fastqc.html
[2026-04-30 19:19:35,008] multiqc                                            [DEBUG  ]  File ignored by rseqc/junction_annotation because it exceeded search pattern filesize limit: MTOP22-BT-935-HTT-4-1_S22_L001_R1_001_fastqc.html
[2026-04-30 19:19:35,008] multiqc                                            [DEBUG  ]  File ignored by rseqc/read_distribution because it exceeded search pattern filesize limit: MTOP22-BT-935-HTT-4-1_S22_L001_R1_001_fastqc.html
[2026-04-30 19:19:35,008] multiqc                                            [DEBUG  ]  File ignored by rseqc/infer_experiment because it exceeded search pattern filesize limit: MTOP22-BT-935-HTT-4-1_S22_L001_R1_001_fastqc.html
[2026-04-30 19:19:35,088] multiqc                                            [DEBUG  ]  File ignored by hicexplorer because it exceeded search pattern filesize limit: MTOP8-BT-972-AAVS1_S8_L001_R2_001_fastqc.html
[2026-04-30 19:19:35,090] multiqc                                            [DEBUG  ]  File ignored by longranger/invocation because it exceeded search pattern filesize limit: MTOP8-BT-972-AAVS1_S8_L001_R2_001_fastqc.html
[2026-04-30 19:19:35,090] multiqc                                            [DEBUG  ]  File ignored by rockhopper because it exceeded search pattern filesize limit: MTOP8-BT-972-AAVS1_S8_L001_R2_001_fastqc.html
[2026-04-30 19:19:35,090] multiqc                                            [DEBUG  ]  File ignored by rseqc/bam_stat because it exceeded search pattern filesize limit: MTOP8-BT-972-AAVS1_S8_L001_R2_001_fastqc.html
[2026-04-30 19:19:35,090] multiqc                                            [DEBUG  ]  File ignored by rseqc/junction_annotation because it exceeded search pattern filesize limit: MTOP8-BT-972-AAVS1_S8_L001_R2_001_fastqc.html
[2026-04-30 19:19:35,090] multiqc                                            [DEBUG  ]  File ignored by rseqc/read_distribution because it exceeded search pattern filesize limit: MTOP8-BT-972-AAVS1_S8_L001_R2_001_fastqc.html
[2026-04-30 19:19:35,090] multiqc                                            [DEBUG  ]  File ignored by rseqc/infer_experiment because it exceeded search pattern filesize limit: MTOP8-BT-972-AAVS1_S8_L001_R2_001_fastqc.html
[2026-04-30 19:19:35,165] multiqc                                            [DEBUG  ]  File ignored by hicexplorer because it exceeded search pattern filesize limit: SS2-KO-2_S26_L001_R2_001_fastqc.html
[2026-04-30 19:19:35,167] multiqc                                            [DEBUG  ]  File ignored by longranger/invocation because it exceeded search pattern filesize limit: SS2-KO-2_S26_L001_R2_001_fastqc.html
[2026-04-30 19:19:35,167] multiqc                                            [DEBUG  ]  File ignored by rockhopper because it exceeded search pattern filesize limit: SS2-KO-2_S26_L001_R2_001_fastqc.html
[2026-04-30 19:19:35,168] multiqc                                            [DEBUG  ]  File ignored by rseqc/bam_stat because it exceeded search pattern filesize limit: SS2-KO-2_S26_L001_R2_001_fastqc.html
[2026-04-30 19:19:35,168] multiqc                                            [DEBUG  ]  File ignored by rseqc/junction_annotation because it exceeded search pattern filesize limit: SS2-KO-2_S26_L001_R2_001_fastqc.html
[2026-04-30 19:19:35,168] multiqc                                            [DEBUG  ]  File ignored by rseqc/read_distribution because it exceeded search pattern filesize limit: SS2-KO-2_S26_L001_R2_001_fastqc.html
[2026-04-30 19:19:35,168] multiqc                                            [DEBUG  ]  File ignored by rseqc/infer_experiment because it exceeded search pattern filesize limit: SS2-KO-2_S26_L001_R2_001_fastqc.html
[2026-04-30 19:19:35,249] multiqc                                            [DEBUG  ]  File ignored by hicexplorer because it exceeded search pattern filesize limit: MTOP3-BT241-DMSO_S3_L001_R1_001_fastqc.html
[2026-04-30 19:19:35,251] multiqc                                            [DEBUG  ]  File ignored by longranger/invocation because it exceeded search pattern filesize limit: MTOP3-BT241-DMSO_S3_L001_R1_001_fastqc.html
[2026-04-30 19:19:35,251] multiqc                                            [DEBUG  ]  File ignored by rockhopper because it exceeded search pattern filesize limit: MTOP3-BT241-DMSO_S3_L001_R1_001_fastqc.html
[2026-04-30 19:19:35,251] multiqc                                            [DEBUG  ]  File ignored by rseqc/bam_stat because it exceeded search pattern filesize limit: MTOP3-BT241-DMSO_S3_L001_R1_001_fastqc.html
[2026-04-30 19:19:35,251] multiqc                                            [DEBUG  ]  File ignored by rseqc/junction_annotation because it exceeded search pattern filesize limit: MTOP3-BT241-DMSO_S3_L001_R1_001_fastqc.html
[2026-04-30 19:19:35,251] multiqc                                            [DEBUG  ]  File ignored by rseqc/read_distribution because it exceeded search pattern filesize limit: MTOP3-BT241-DMSO_S3_L001_R1_001_fastqc.html
[2026-04-30 19:19:35,252] multiqc                                            [DEBUG  ]  File ignored by rseqc/infer_experiment because it exceeded search pattern filesize limit: MTOP3-BT241-DMSO_S3_L001_R1_001_fastqc.html
[2026-04-30 19:19:35,329] multiqc                                            [DEBUG  ]  File ignored by hicexplorer because it exceeded search pattern filesize limit: MTOP21-BT-935-AAVS1_S21_L001_R2_001_fastqc.html
[2026-04-30 19:19:35,331] multiqc                                            [DEBUG  ]  File ignored by longranger/invocation because it exceeded search pattern filesize limit: MTOP21-BT-935-AAVS1_S21_L001_R2_001_fastqc.html
[2026-04-30 19:19:35,331] multiqc                                            [DEBUG  ]  File ignored by rockhopper because it exceeded search pattern filesize limit: MTOP21-BT-935-AAVS1_S21_L001_R2_001_fastqc.html
[2026-04-30 19:19:35,332] multiqc                                            [DEBUG  ]  File ignored by rseqc/bam_stat because it exceeded search pattern filesize limit: MTOP21-BT-935-AAVS1_S21_L001_R2_001_fastqc.html
[2026-04-30 19:19:35,332] multiqc                                            [DEBUG  ]  File ignored by rseqc/junction_annotation because it exceeded search pattern filesize limit: MTOP21-BT-935-AAVS1_S21_L001_R2_001_fastqc.html
[2026-04-30 19:19:35,332] multiqc                                            [DEBUG  ]  File ignored by rseqc/read_distribution because it exceeded search pattern filesize limit: MTOP21-BT-935-AAVS1_S21_L001_R2_001_fastqc.html
[2026-04-30 19:19:35,332] multiqc                                            [DEBUG  ]  File ignored by rseqc/infer_experiment because it exceeded search pattern filesize limit: MTOP21-BT-935-AAVS1_S21_L001_R2_001_fastqc.html
[2026-04-30 19:19:35,406] multiqc                                            [DEBUG  ]  File ignored by hicexplorer because it exceeded search pattern filesize limit: MTOP17-BT-241-HTT-4-1_S17_L001_R1_001_fastqc.html
[2026-04-30 19:19:35,408] multiqc                                            [DEBUG  ]  File ignored by longranger/invocation because it exceeded search pattern filesize limit: MTOP17-BT-241-HTT-4-1_S17_L001_R1_001_fastqc.html
[2026-04-30 19:19:35,408] multiqc                                            [DEBUG  ]  File ignored by rockhopper because it exceeded search pattern filesize limit: MTOP17-BT-241-HTT-4-1_S17_L001_R1_001_fastqc.html
[2026-04-30 19:19:35,408] multiqc                                            [DEBUG  ]  File ignored by rseqc/bam_stat because it exceeded search pattern filesize limit: MTOP17-BT-241-HTT-4-1_S17_L001_R1_001_fastqc.html
[2026-04-30 19:19:35,408] multiqc                                            [DEBUG  ]  File ignored by rseqc/junction_annotation because it exceeded search pattern filesize limit: MTOP17-BT-241-HTT-4-1_S17_L001_R1_001_fastqc.html
[2026-04-30 19:19:35,408] multiqc                                            [DEBUG  ]  File ignored by rseqc/read_distribution because it exceeded search pattern filesize limit: MTOP17-BT-241-HTT-4-1_S17_L001_R1_001_fastqc.html
[2026-04-30 19:19:35,408] multiqc                                            [DEBUG  ]  File ignored by rseqc/infer_experiment because it exceeded search pattern filesize limit: MTOP17-BT-241-HTT-4-1_S17_L001_R1_001_fastqc.html
[2026-04-30 19:19:35,486] multiqc                                            [DEBUG  ]  File ignored by hicexplorer because it exceeded search pattern filesize limit: MTOP19-BT-935-AAVS1_S19_L001_R1_001_fastqc.html
[2026-04-30 19:19:35,488] multiqc                                            [DEBUG  ]  File ignored by longranger/invocation because it exceeded search pattern filesize limit: MTOP19-BT-935-AAVS1_S19_L001_R1_001_fastqc.html
[2026-04-30 19:19:35,488] multiqc                                            [DEBUG  ]  File ignored by rockhopper because it exceeded search pattern filesize limit: MTOP19-BT-935-AAVS1_S19_L001_R1_001_fastqc.html
[2026-04-30 19:19:35,488] multiqc                                            [DEBUG  ]  File ignored by rseqc/bam_stat because it exceeded search pattern filesize limit: MTOP19-BT-935-AAVS1_S19_L001_R1_001_fastqc.html
[2026-04-30 19:19:35,488] multiqc                                            [DEBUG  ]  File ignored by rseqc/junction_annotation because it exceeded search pattern filesize limit: MTOP19-BT-935-AAVS1_S19_L001_R1_001_fastqc.html
[2026-04-30 19:19:35,488] multiqc                                            [DEBUG  ]  File ignored by rseqc/read_distribution because it exceeded search pattern filesize limit: MTOP19-BT-935-AAVS1_S19_L001_R1_001_fastqc.html
[2026-04-30 19:19:35,488] multiqc                                            [DEBUG  ]  File ignored by rseqc/infer_experiment because it exceeded search pattern filesize limit: MTOP19-BT-935-AAVS1_S19_L001_R1_001_fastqc.html
[2026-04-30 19:19:35,568] multiqc                                            [DEBUG  ]  File ignored by hicexplorer because it exceeded search pattern filesize limit: MTOP10-BT-972-HTT-2-1_S10_L001_R2_001_fastqc.html
[2026-04-30 19:19:35,570] multiqc                                            [DEBUG  ]  File ignored by longranger/invocation because it exceeded search pattern filesize limit: MTOP10-BT-972-HTT-2-1_S10_L001_R2_001_fastqc.html
[2026-04-30 19:19:35,570] multiqc                                            [DEBUG  ]  File ignored by rockhopper because it exceeded search pattern filesize limit: MTOP10-BT-972-HTT-2-1_S10_L001_R2_001_fastqc.html
[2026-04-30 19:19:35,570] multiqc                                            [DEBUG  ]  File ignored by rseqc/bam_stat because it exceeded search pattern filesize limit: MTOP10-BT-972-HTT-2-1_S10_L001_R2_001_fastqc.html
[2026-04-30 19:19:35,570] multiqc                                            [DEBUG  ]  File ignored by rseqc/junction_annotation because it exceeded search pattern filesize limit: MTOP10-BT-972-HTT-2-1_S10_L001_R2_001_fastqc.html
[2026-04-30 19:19:35,570] multiqc                                            [DEBUG  ]  File ignored by rseqc/read_distribution because it exceeded search pattern filesize limit: MTOP10-BT-972-HTT-2-1_S10_L001_R2_001_fastqc.html
[2026-04-30 19:19:35,570] multiqc                                            [DEBUG  ]  File ignored by rseqc/infer_experiment because it exceeded search pattern filesize limit: MTOP10-BT-972-HTT-2-1_S10_L001_R2_001_fastqc.html
[2026-04-30 19:19:35,650] multiqc                                            [DEBUG  ]  File ignored by hicexplorer because it exceeded search pattern filesize limit: MTOP22-BT-935-HTT-4-1_S22_L001_R2_001_fastqc.html
[2026-04-30 19:19:35,652] multiqc                                            [DEBUG  ]  File ignored by longranger/invocation because it exceeded search pattern filesize limit: MTOP22-BT-935-HTT-4-1_S22_L001_R2_001_fastqc.html
[2026-04-30 19:19:35,652] multiqc                                            [DEBUG  ]  File ignored by rockhopper because it exceeded search pattern filesize limit: MTOP22-BT-935-HTT-4-1_S22_L001_R2_001_fastqc.html
[2026-04-30 19:19:35,652] multiqc                                            [DEBUG  ]  File ignored by rseqc/bam_stat because it exceeded search pattern filesize limit: MTOP22-BT-935-HTT-4-1_S22_L001_R2_001_fastqc.html
[2026-04-30 19:19:35,652] multiqc                                            [DEBUG  ]  File ignored by rseqc/junction_annotation because it exceeded search pattern filesize limit: MTOP22-BT-935-HTT-4-1_S22_L001_R2_001_fastqc.html
[2026-04-30 19:19:35,652] multiqc                                            [DEBUG  ]  File ignored by rseqc/read_distribution because it exceeded search pattern filesize limit: MTOP22-BT-935-HTT-4-1_S22_L001_R2_001_fastqc.html
[2026-04-30 19:19:35,653] multiqc                                            [DEBUG  ]  File ignored by rseqc/infer_experiment because it exceeded search pattern filesize limit: MTOP22-BT-935-HTT-4-1_S22_L001_R2_001_fastqc.html
[2026-04-30 19:19:35,725] multiqc                                            [DEBUG  ]  File ignored by hicexplorer because it exceeded search pattern filesize limit: MTOP15-BT-241-AAVS1_S15_L001_R1_001_fastqc.html
[2026-04-30 19:19:35,727] multiqc                                            [DEBUG  ]  File ignored by longranger/invocation because it exceeded search pattern filesize limit: MTOP15-BT-241-AAVS1_S15_L001_R1_001_fastqc.html
[2026-04-30 19:19:35,727] multiqc                                            [DEBUG  ]  File ignored by rockhopper because it exceeded search pattern filesize limit: MTOP15-BT-241-AAVS1_S15_L001_R1_001_fastqc.html
[2026-04-30 19:19:35,727] multiqc                                            [DEBUG  ]  File ignored by rseqc/bam_stat because it exceeded search pattern filesize limit: MTOP15-BT-241-AAVS1_S15_L001_R1_001_fastqc.html
[2026-04-30 19:19:35,727] multiqc                                            [DEBUG  ]  File ignored by rseqc/junction_annotation because it exceeded search pattern filesize limit: MTOP15-BT-241-AAVS1_S15_L001_R1_001_fastqc.html
[2026-04-30 19:19:35,727] multiqc                                            [DEBUG  ]  File ignored by rseqc/read_distribution because it exceeded search pattern filesize limit: MTOP15-BT-241-AAVS1_S15_L001_R1_001_fastqc.html
[2026-04-30 19:19:35,727] multiqc                                            [DEBUG  ]  File ignored by rseqc/infer_experiment because it exceeded search pattern filesize limit: MTOP15-BT-241-AAVS1_S15_L001_R1_001_fastqc.html
[2026-04-30 19:19:35,810] multiqc                                            [DEBUG  ]  File ignored by hicexplorer because it exceeded search pattern filesize limit: MTOP9-BT-972-AAVS1_S9_L001_R2_001_fastqc.html
[2026-04-30 19:19:35,812] multiqc                                            [DEBUG  ]  File ignored by longranger/invocation because it exceeded search pattern filesize limit: MTOP9-BT-972-AAVS1_S9_L001_R2_001_fastqc.html
[2026-04-30 19:19:35,812] multiqc                                            [DEBUG  ]  File ignored by rockhopper because it exceeded search pattern filesize limit: MTOP9-BT-972-AAVS1_S9_L001_R2_001_fastqc.html
[2026-04-30 19:19:35,812] multiqc                                            [DEBUG  ]  File ignored by rseqc/bam_stat because it exceeded search pattern filesize limit: MTOP9-BT-972-AAVS1_S9_L001_R2_001_fastqc.html
[2026-04-30 19:19:35,812] multiqc                                            [DEBUG  ]  File ignored by rseqc/junction_annotation because it exceeded search pattern filesize limit: MTOP9-BT-972-AAVS1_S9_L001_R2_001_fastqc.html
[2026-04-30 19:19:35,812] multiqc                                            [DEBUG  ]  File ignored by rseqc/read_distribution because it exceeded search pattern filesize limit: MTOP9-BT-972-AAVS1_S9_L001_R2_001_fastqc.html
[2026-04-30 19:19:35,812] multiqc                                            [DEBUG  ]  File ignored by rseqc/infer_experiment because it exceeded search pattern filesize limit: MTOP9-BT-972-AAVS1_S9_L001_R2_001_fastqc.html
[2026-04-30 19:19:35,889] multiqc                                            [DEBUG  ]  File ignored by hicexplorer because it exceeded search pattern filesize limit: MTOP4-BT-241-Bramaplam_S4_L001_R2_001_fastqc.html
[2026-04-30 19:19:35,891] multiqc                                            [DEBUG  ]  File ignored by longranger/invocation because it exceeded search pattern filesize limit: MTOP4-BT-241-Bramaplam_S4_L001_R2_001_fastqc.html
[2026-04-30 19:19:35,891] multiqc                                            [DEBUG  ]  File ignored by rockhopper because it exceeded search pattern filesize limit: MTOP4-BT-241-Bramaplam_S4_L001_R2_001_fastqc.html
[2026-04-30 19:19:35,891] multiqc                                            [DEBUG  ]  File ignored by rseqc/bam_stat because it exceeded search pattern filesize limit: MTOP4-BT-241-Bramaplam_S4_L001_R2_001_fastqc.html
[2026-04-30 19:19:35,891] multiqc                                            [DEBUG  ]  File ignored by rseqc/junction_annotation because it exceeded search pattern filesize limit: MTOP4-BT-241-Bramaplam_S4_L001_R2_001_fastqc.html
[2026-04-30 19:19:35,891] multiqc                                            [DEBUG  ]  File ignored by rseqc/read_distribution because it exceeded search pattern filesize limit: MTOP4-BT-241-Bramaplam_S4_L001_R2_001_fastqc.html
[2026-04-30 19:19:35,891] multiqc                                            [DEBUG  ]  File ignored by rseqc/infer_experiment because it exceeded search pattern filesize limit: MTOP4-BT-241-Bramaplam_S4_L001_R2_001_fastqc.html
[2026-04-30 19:19:35,967] multiqc                                            [DEBUG  ]  File ignored by hicexplorer because it exceeded search pattern filesize limit: SS1-KO-1_S25_L001_R2_001_fastqc.html
[2026-04-30 19:19:35,969] multiqc                                            [DEBUG  ]  File ignored by longranger/invocation because it exceeded search pattern filesize limit: SS1-KO-1_S25_L001_R2_001_fastqc.html
[2026-04-30 19:19:35,969] multiqc                                            [DEBUG  ]  File ignored by rockhopper because it exceeded search pattern filesize limit: SS1-KO-1_S25_L001_R2_001_fastqc.html
[2026-04-30 19:19:35,969] multiqc                                            [DEBUG  ]  File ignored by rseqc/bam_stat because it exceeded search pattern filesize limit: SS1-KO-1_S25_L001_R2_001_fastqc.html
[2026-04-30 19:19:35,969] multiqc                                            [DEBUG  ]  File ignored by rseqc/junction_annotation because it exceeded search pattern filesize limit: SS1-KO-1_S25_L001_R2_001_fastqc.html
[2026-04-30 19:19:35,969] multiqc                                            [DEBUG  ]  File ignored by rseqc/read_distribution because it exceeded search pattern filesize limit: SS1-KO-1_S25_L001_R2_001_fastqc.html
[2026-04-30 19:19:35,969] multiqc                                            [DEBUG  ]  File ignored by rseqc/infer_experiment because it exceeded search pattern filesize limit: SS1-KO-1_S25_L001_R2_001_fastqc.html
[2026-04-30 19:19:36,042] multiqc                                            [DEBUG  ]  File ignored by hicexplorer because it exceeded search pattern filesize limit: MTOP9-BT-972-AAVS1_S9_L001_R1_001_fastqc.html
[2026-04-30 19:19:36,045] multiqc                                            [DEBUG  ]  File ignored by longranger/invocation because it exceeded search pattern filesize limit: MTOP9-BT-972-AAVS1_S9_L001_R1_001_fastqc.html
[2026-04-30 19:19:36,045] multiqc                                            [DEBUG  ]  File ignored by rockhopper because it exceeded search pattern filesize limit: MTOP9-BT-972-AAVS1_S9_L001_R1_001_fastqc.html
[2026-04-30 19:19:36,045] multiqc                                            [DEBUG  ]  File ignored by rseqc/bam_stat because it exceeded search pattern filesize limit: MTOP9-BT-972-AAVS1_S9_L001_R1_001_fastqc.html
[2026-04-30 19:19:36,045] multiqc                                            [DEBUG  ]  File ignored by rseqc/junction_annotation because it exceeded search pattern filesize limit: MTOP9-BT-972-AAVS1_S9_L001_R1_001_fastqc.html
[2026-04-30 19:19:36,045] multiqc                                            [DEBUG  ]  File ignored by rseqc/read_distribution because it exceeded search pattern filesize limit: MTOP9-BT-972-AAVS1_S9_L001_R1_001_fastqc.html
[2026-04-30 19:19:36,045] multiqc                                            [DEBUG  ]  File ignored by rseqc/infer_experiment because it exceeded search pattern filesize limit: MTOP9-BT-972-AAVS1_S9_L001_R1_001_fastqc.html
[2026-04-30 19:19:36,124] multiqc                                            [DEBUG  ]  File ignored by hicexplorer because it exceeded search pattern filesize limit: MTOP5-BT-241-Bramaplam_S5_L001_R1_001_fastqc.html
[2026-04-30 19:19:36,126] multiqc                                            [DEBUG  ]  File ignored by longranger/invocation because it exceeded search pattern filesize limit: MTOP5-BT-241-Bramaplam_S5_L001_R1_001_fastqc.html
[2026-04-30 19:19:36,126] multiqc                                            [DEBUG  ]  File ignored by rockhopper because it exceeded search pattern filesize limit: MTOP5-BT-241-Bramaplam_S5_L001_R1_001_fastqc.html
[2026-04-30 19:19:36,126] multiqc                                            [DEBUG  ]  File ignored by rseqc/bam_stat because it exceeded search pattern filesize limit: MTOP5-BT-241-Bramaplam_S5_L001_R1_001_fastqc.html
[2026-04-30 19:19:36,126] multiqc                                            [DEBUG  ]  File ignored by rseqc/junction_annotation because it exceeded search pattern filesize limit: MTOP5-BT-241-Bramaplam_S5_L001_R1_001_fastqc.html
[2026-04-30 19:19:36,126] multiqc                                            [DEBUG  ]  File ignored by rseqc/read_distribution because it exceeded search pattern filesize limit: MTOP5-BT-241-Bramaplam_S5_L001_R1_001_fastqc.html
[2026-04-30 19:19:36,126] multiqc                                            [DEBUG  ]  File ignored by rseqc/infer_experiment because it exceeded search pattern filesize limit: MTOP5-BT-241-Bramaplam_S5_L001_R1_001_fastqc.html
[2026-04-30 19:19:36,209] multiqc                                            [DEBUG  ]  File ignored by hicexplorer because it exceeded search pattern filesize limit: MTOP21-BT-935-AAVS1_S21_L001_R1_001_fastqc.html
[2026-04-30 19:19:36,211] multiqc                                            [DEBUG  ]  File ignored by longranger/invocation because it exceeded search pattern filesize limit: MTOP21-BT-935-AAVS1_S21_L001_R1_001_fastqc.html
[2026-04-30 19:19:36,211] multiqc                                            [DEBUG  ]  File ignored by rockhopper because it exceeded search pattern filesize limit: MTOP21-BT-935-AAVS1_S21_L001_R1_001_fastqc.html
[2026-04-30 19:19:36,211] multiqc                                            [DEBUG  ]  File ignored by rseqc/bam_stat because it exceeded search pattern filesize limit: MTOP21-BT-935-AAVS1_S21_L001_R1_001_fastqc.html
[2026-04-30 19:19:36,211] multiqc                                            [DEBUG  ]  File ignored by rseqc/junction_annotation because it exceeded search pattern filesize limit: MTOP21-BT-935-AAVS1_S21_L001_R1_001_fastqc.html
[2026-04-30 19:19:36,211] multiqc                                            [DEBUG  ]  File ignored by rseqc/read_distribution because it exceeded search pattern filesize limit: MTOP21-BT-935-AAVS1_S21_L001_R1_001_fastqc.html
[2026-04-30 19:19:36,211] multiqc                                            [DEBUG  ]  File ignored by rseqc/infer_experiment because it exceeded search pattern filesize limit: MTOP21-BT-935-AAVS1_S21_L001_R1_001_fastqc.html
[2026-04-30 19:19:36,271] multiqc                                            [DEBUG  ]  File ignored by hicexplorer because it exceeded search pattern filesize limit: MTOP8-BT-972-AAVS1_S8_L001_R1_001_fastqc.html
[2026-04-30 19:19:36,273] multiqc                                            [DEBUG  ]  File ignored by longranger/invocation because it exceeded search pattern filesize limit: MTOP8-BT-972-AAVS1_S8_L001_R1_001_fastqc.html
[2026-04-30 19:19:36,273] multiqc                                            [DEBUG  ]  File ignored by rockhopper because it exceeded search pattern filesize limit: MTOP8-BT-972-AAVS1_S8_L001_R1_001_fastqc.html
[2026-04-30 19:19:36,273] multiqc                                            [DEBUG  ]  File ignored by rseqc/bam_stat because it exceeded search pattern filesize limit: MTOP8-BT-972-AAVS1_S8_L001_R1_001_fastqc.html
[2026-04-30 19:19:36,273] multiqc                                            [DEBUG  ]  File ignored by rseqc/junction_annotation because it exceeded search pattern filesize limit: MTOP8-BT-972-AAVS1_S8_L001_R1_001_fastqc.html
[2026-04-30 19:19:36,273] multiqc                                            [DEBUG  ]  File ignored by rseqc/read_distribution because it exceeded search pattern filesize limit: MTOP8-BT-972-AAVS1_S8_L001_R1_001_fastqc.html
[2026-04-30 19:19:36,273] multiqc                                            [DEBUG  ]  File ignored by rseqc/infer_experiment because it exceeded search pattern filesize limit: MTOP8-BT-972-AAVS1_S8_L001_R1_001_fastqc.html
[2026-04-30 19:19:36,352] multiqc                                            [DEBUG  ]  File ignored by hicexplorer because it exceeded search pattern filesize limit: MTOP14-BT-241-AAVS1_S14_L001_R1_001_fastqc.html
[2026-04-30 19:19:36,354] multiqc                                            [DEBUG  ]  File ignored by longranger/invocation because it exceeded search pattern filesize limit: MTOP14-BT-241-AAVS1_S14_L001_R1_001_fastqc.html
[2026-04-30 19:19:36,354] multiqc                                            [DEBUG  ]  File ignored by rockhopper because it exceeded search pattern filesize limit: MTOP14-BT-241-AAVS1_S14_L001_R1_001_fastqc.html
[2026-04-30 19:19:36,354] multiqc                                            [DEBUG  ]  File ignored by rseqc/bam_stat because it exceeded search pattern filesize limit: MTOP14-BT-241-AAVS1_S14_L001_R1_001_fastqc.html
[2026-04-30 19:19:36,354] multiqc                                            [DEBUG  ]  File ignored by rseqc/junction_annotation because it exceeded search pattern filesize limit: MTOP14-BT-241-AAVS1_S14_L001_R1_001_fastqc.html
[2026-04-30 19:19:36,354] multiqc                                            [DEBUG  ]  File ignored by rseqc/read_distribution because it exceeded search pattern filesize limit: MTOP14-BT-241-AAVS1_S14_L001_R1_001_fastqc.html
[2026-04-30 19:19:36,354] multiqc                                            [DEBUG  ]  File ignored by rseqc/infer_experiment because it exceeded search pattern filesize limit: MTOP14-BT-241-AAVS1_S14_L001_R1_001_fastqc.html
[2026-04-30 19:19:36,432] multiqc                                            [DEBUG  ]  File ignored by hicexplorer because it exceeded search pattern filesize limit: MTOP11-BT-972-HTT-2-1_S11_L001_R2_001_fastqc.html
[2026-04-30 19:19:36,434] multiqc                                            [DEBUG  ]  File ignored by longranger/invocation because it exceeded search pattern filesize limit: MTOP11-BT-972-HTT-2-1_S11_L001_R2_001_fastqc.html
[2026-04-30 19:19:36,434] multiqc                                            [DEBUG  ]  File ignored by rockhopper because it exceeded search pattern filesize limit: MTOP11-BT-972-HTT-2-1_S11_L001_R2_001_fastqc.html
[2026-04-30 19:19:36,434] multiqc                                            [DEBUG  ]  File ignored by rseqc/bam_stat because it exceeded search pattern filesize limit: MTOP11-BT-972-HTT-2-1_S11_L001_R2_001_fastqc.html
[2026-04-30 19:19:36,434] multiqc                                            [DEBUG  ]  File ignored by rseqc/junction_annotation because it exceeded search pattern filesize limit: MTOP11-BT-972-HTT-2-1_S11_L001_R2_001_fastqc.html
[2026-04-30 19:19:36,434] multiqc                                            [DEBUG  ]  File ignored by rseqc/read_distribution because it exceeded search pattern filesize limit: MTOP11-BT-972-HTT-2-1_S11_L001_R2_001_fastqc.html
[2026-04-30 19:19:36,434] multiqc                                            [DEBUG  ]  File ignored by rseqc/infer_experiment because it exceeded search pattern filesize limit: MTOP11-BT-972-HTT-2-1_S11_L001_R2_001_fastqc.html
[2026-04-30 19:19:36,517] multiqc                                            [DEBUG  ]  File ignored by hicexplorer because it exceeded search pattern filesize limit: MTOP12-BT-972-HTT-2-1_S12_L001_R2_001_fastqc.html
[2026-04-30 19:19:36,519] multiqc                                            [DEBUG  ]  File ignored by longranger/invocation because it exceeded search pattern filesize limit: MTOP12-BT-972-HTT-2-1_S12_L001_R2_001_fastqc.html
[2026-04-30 19:19:36,519] multiqc                                            [DEBUG  ]  File ignored by rockhopper because it exceeded search pattern filesize limit: MTOP12-BT-972-HTT-2-1_S12_L001_R2_001_fastqc.html
[2026-04-30 19:19:36,519] multiqc                                            [DEBUG  ]  File ignored by rseqc/bam_stat because it exceeded search pattern filesize limit: MTOP12-BT-972-HTT-2-1_S12_L001_R2_001_fastqc.html
[2026-04-30 19:19:36,519] multiqc                                            [DEBUG  ]  File ignored by rseqc/junction_annotation because it exceeded search pattern filesize limit: MTOP12-BT-972-HTT-2-1_S12_L001_R2_001_fastqc.html
[2026-04-30 19:19:36,519] multiqc                                            [DEBUG  ]  File ignored by rseqc/read_distribution because it exceeded search pattern filesize limit: MTOP12-BT-972-HTT-2-1_S12_L001_R2_001_fastqc.html
[2026-04-30 19:19:36,519] multiqc                                            [DEBUG  ]  File ignored by rseqc/infer_experiment because it exceeded search pattern filesize limit: MTOP12-BT-972-HTT-2-1_S12_L001_R2_001_fastqc.html
[2026-04-30 19:19:36,595] multiqc                                            [DEBUG  ]  File ignored by hicexplorer because it exceeded search pattern filesize limit: MTOP17-BT-241-HTT-4-1_S17_L001_R2_001_fastqc.html
[2026-04-30 19:19:36,597] multiqc                                            [DEBUG  ]  File ignored by longranger/invocation because it exceeded search pattern filesize limit: MTOP17-BT-241-HTT-4-1_S17_L001_R2_001_fastqc.html
[2026-04-30 19:19:36,597] multiqc                                            [DEBUG  ]  File ignored by rockhopper because it exceeded search pattern filesize limit: MTOP17-BT-241-HTT-4-1_S17_L001_R2_001_fastqc.html
[2026-04-30 19:19:36,597] multiqc                                            [DEBUG  ]  File ignored by rseqc/bam_stat because it exceeded search pattern filesize limit: MTOP17-BT-241-HTT-4-1_S17_L001_R2_001_fastqc.html
[2026-04-30 19:19:36,597] multiqc                                            [DEBUG  ]  File ignored by rseqc/junction_annotation because it exceeded search pattern filesize limit: MTOP17-BT-241-HTT-4-1_S17_L001_R2_001_fastqc.html
[2026-04-30 19:19:36,597] multiqc                                            [DEBUG  ]  File ignored by rseqc/read_distribution because it exceeded search pattern filesize limit: MTOP17-BT-241-HTT-4-1_S17_L001_R2_001_fastqc.html
[2026-04-30 19:19:36,597] multiqc                                            [DEBUG  ]  File ignored by rseqc/infer_experiment because it exceeded search pattern filesize limit: MTOP17-BT-241-HTT-4-1_S17_L001_R2_001_fastqc.html
[2026-04-30 19:19:36,681] multiqc                                            [DEBUG  ]  File ignored by hicexplorer because it exceeded search pattern filesize limit: MTOP24-BT-935-HTT-4-1_S24_L001_R1_001_fastqc.html
[2026-04-30 19:19:36,683] multiqc                                            [DEBUG  ]  File ignored by longranger/invocation because it exceeded search pattern filesize limit: MTOP24-BT-935-HTT-4-1_S24_L001_R1_001_fastqc.html
[2026-04-30 19:19:36,683] multiqc                                            [DEBUG  ]  File ignored by rockhopper because it exceeded search pattern filesize limit: MTOP24-BT-935-HTT-4-1_S24_L001_R1_001_fastqc.html
[2026-04-30 19:19:36,683] multiqc                                            [DEBUG  ]  File ignored by rseqc/bam_stat because it exceeded search pattern filesize limit: MTOP24-BT-935-HTT-4-1_S24_L001_R1_001_fastqc.html
[2026-04-30 19:19:36,683] multiqc                                            [DEBUG  ]  File ignored by rseqc/junction_annotation because it exceeded search pattern filesize limit: MTOP24-BT-935-HTT-4-1_S24_L001_R1_001_fastqc.html
[2026-04-30 19:19:36,683] multiqc                                            [DEBUG  ]  File ignored by rseqc/read_distribution because it exceeded search pattern filesize limit: MTOP24-BT-935-HTT-4-1_S24_L001_R1_001_fastqc.html
[2026-04-30 19:19:36,683] multiqc                                            [DEBUG  ]  File ignored by rseqc/infer_experiment because it exceeded search pattern filesize limit: MTOP24-BT-935-HTT-4-1_S24_L001_R1_001_fastqc.html
[2026-04-30 19:19:36,753] multiqc                                            [DEBUG  ]  File ignored by hicexplorer because it exceeded search pattern filesize limit: MTOP16-BT-241-HTT-4-1_S16_L001_R2_001_fastqc.html
[2026-04-30 19:19:36,755] multiqc                                            [DEBUG  ]  File ignored by longranger/invocation because it exceeded search pattern filesize limit: MTOP16-BT-241-HTT-4-1_S16_L001_R2_001_fastqc.html
[2026-04-30 19:19:36,755] multiqc                                            [DEBUG  ]  File ignored by rockhopper because it exceeded search pattern filesize limit: MTOP16-BT-241-HTT-4-1_S16_L001_R2_001_fastqc.html
[2026-04-30 19:19:36,755] multiqc                                            [DEBUG  ]  File ignored by rseqc/bam_stat because it exceeded search pattern filesize limit: MTOP16-BT-241-HTT-4-1_S16_L001_R2_001_fastqc.html
[2026-04-30 19:19:36,755] multiqc                                            [DEBUG  ]  File ignored by rseqc/junction_annotation because it exceeded search pattern filesize limit: MTOP16-BT-241-HTT-4-1_S16_L001_R2_001_fastqc.html
[2026-04-30 19:19:36,755] multiqc                                            [DEBUG  ]  File ignored by rseqc/read_distribution because it exceeded search pattern filesize limit: MTOP16-BT-241-HTT-4-1_S16_L001_R2_001_fastqc.html
[2026-04-30 19:19:36,755] multiqc                                            [DEBUG  ]  File ignored by rseqc/infer_experiment because it exceeded search pattern filesize limit: MTOP16-BT-241-HTT-4-1_S16_L001_R2_001_fastqc.html
[2026-04-30 19:19:36,833] multiqc                                            [DEBUG  ]  File ignored by hicexplorer because it exceeded search pattern filesize limit: MTOP23-BT-935-HTT-4-1_S23_L001_R2_001_fastqc.html
[2026-04-30 19:19:36,835] multiqc                                            [DEBUG  ]  File ignored by longranger/invocation because it exceeded search pattern filesize limit: MTOP23-BT-935-HTT-4-1_S23_L001_R2_001_fastqc.html
[2026-04-30 19:19:36,836] multiqc                                            [DEBUG  ]  File ignored by rockhopper because it exceeded search pattern filesize limit: MTOP23-BT-935-HTT-4-1_S23_L001_R2_001_fastqc.html
[2026-04-30 19:19:36,836] multiqc                                            [DEBUG  ]  File ignored by rseqc/bam_stat because it exceeded search pattern filesize limit: MTOP23-BT-935-HTT-4-1_S23_L001_R2_001_fastqc.html
[2026-04-30 19:19:36,836] multiqc                                            [DEBUG  ]  File ignored by rseqc/junction_annotation because it exceeded search pattern filesize limit: MTOP23-BT-935-HTT-4-1_S23_L001_R2_001_fastqc.html
[2026-04-30 19:19:36,836] multiqc                                            [DEBUG  ]  File ignored by rseqc/read_distribution because it exceeded search pattern filesize limit: MTOP23-BT-935-HTT-4-1_S23_L001_R2_001_fastqc.html
[2026-04-30 19:19:36,836] multiqc                                            [DEBUG  ]  File ignored by rseqc/infer_experiment because it exceeded search pattern filesize limit: MTOP23-BT-935-HTT-4-1_S23_L001_R2_001_fastqc.html
[2026-04-30 19:19:36,916] multiqc                                            [DEBUG  ]  File ignored by hicexplorer because it exceeded search pattern filesize limit: MTOP18-BT-241-HTT-4-1_S18_L001_R1_001_fastqc.html
[2026-04-30 19:19:36,918] multiqc                                            [DEBUG  ]  File ignored by longranger/invocation because it exceeded search pattern filesize limit: MTOP18-BT-241-HTT-4-1_S18_L001_R1_001_fastqc.html
[2026-04-30 19:19:36,918] multiqc                                            [DEBUG  ]  File ignored by rockhopper because it exceeded search pattern filesize limit: MTOP18-BT-241-HTT-4-1_S18_L001_R1_001_fastqc.html
[2026-04-30 19:19:36,918] multiqc                                            [DEBUG  ]  File ignored by rseqc/bam_stat because it exceeded search pattern filesize limit: MTOP18-BT-241-HTT-4-1_S18_L001_R1_001_fastqc.html
[2026-04-30 19:19:36,918] multiqc                                            [DEBUG  ]  File ignored by rseqc/junction_annotation because it exceeded search pattern filesize limit: MTOP18-BT-241-HTT-4-1_S18_L001_R1_001_fastqc.html
[2026-04-30 19:19:36,918] multiqc                                            [DEBUG  ]  File ignored by rseqc/read_distribution because it exceeded search pattern filesize limit: MTOP18-BT-241-HTT-4-1_S18_L001_R1_001_fastqc.html
[2026-04-30 19:19:36,918] multiqc                                            [DEBUG  ]  File ignored by rseqc/infer_experiment because it exceeded search pattern filesize limit: MTOP18-BT-241-HTT-4-1_S18_L001_R1_001_fastqc.html
[2026-04-30 19:19:36,981] multiqc                                            [DEBUG  ]  File ignored by hicexplorer because it exceeded search pattern filesize limit: MTOP12-BT-972-HTT-2-1_S12_L001_R1_001_fastqc.html
[2026-04-30 19:19:36,983] multiqc                                            [DEBUG  ]  File ignored by longranger/invocation because it exceeded search pattern filesize limit: MTOP12-BT-972-HTT-2-1_S12_L001_R1_001_fastqc.html
[2026-04-30 19:19:36,983] multiqc                                            [DEBUG  ]  File ignored by rockhopper because it exceeded search pattern filesize limit: MTOP12-BT-972-HTT-2-1_S12_L001_R1_001_fastqc.html
[2026-04-30 19:19:36,983] multiqc                                            [DEBUG  ]  File ignored by rseqc/bam_stat because it exceeded search pattern filesize limit: MTOP12-BT-972-HTT-2-1_S12_L001_R1_001_fastqc.html
[2026-04-30 19:19:36,983] multiqc                                            [DEBUG  ]  File ignored by rseqc/junction_annotation because it exceeded search pattern filesize limit: MTOP12-BT-972-HTT-2-1_S12_L001_R1_001_fastqc.html
[2026-04-30 19:19:36,983] multiqc                                            [DEBUG  ]  File ignored by rseqc/read_distribution because it exceeded search pattern filesize limit: MTOP12-BT-972-HTT-2-1_S12_L001_R1_001_fastqc.html
[2026-04-30 19:19:36,983] multiqc                                            [DEBUG  ]  File ignored by rseqc/infer_experiment because it exceeded search pattern filesize limit: MTOP12-BT-972-HTT-2-1_S12_L001_R1_001_fastqc.html
[2026-04-30 19:19:37,045] multiqc                                            [DEBUG  ]  File ignored by hicexplorer because it exceeded search pattern filesize limit: MTOP14-BT-241-AAVS1_S14_L001_R2_001_fastqc.html
[2026-04-30 19:19:37,047] multiqc                                            [DEBUG  ]  File ignored by longranger/invocation because it exceeded search pattern filesize limit: MTOP14-BT-241-AAVS1_S14_L001_R2_001_fastqc.html
[2026-04-30 19:19:37,047] multiqc                                            [DEBUG  ]  File ignored by rockhopper because it exceeded search pattern filesize limit: MTOP14-BT-241-AAVS1_S14_L001_R2_001_fastqc.html
[2026-04-30 19:19:37,047] multiqc                                            [DEBUG  ]  File ignored by rseqc/bam_stat because it exceeded search pattern filesize limit: MTOP14-BT-241-AAVS1_S14_L001_R2_001_fastqc.html
[2026-04-30 19:19:37,047] multiqc                                            [DEBUG  ]  File ignored by rseqc/junction_annotation because it exceeded search pattern filesize limit: MTOP14-BT-241-AAVS1_S14_L001_R2_001_fastqc.html
[2026-04-30 19:19:37,047] multiqc                                            [DEBUG  ]  File ignored by rseqc/read_distribution because it exceeded search pattern filesize limit: MTOP14-BT-241-AAVS1_S14_L001_R2_001_fastqc.html
[2026-04-30 19:19:37,047] multiqc                                            [DEBUG  ]  File ignored by rseqc/infer_experiment because it exceeded search pattern filesize limit: MTOP14-BT-241-AAVS1_S14_L001_R2_001_fastqc.html
[2026-04-30 19:19:37,127] multiqc                                            [DEBUG  ]  File ignored by hicexplorer because it exceeded search pattern filesize limit: SS5-AAVS1-2_S29_L001_R2_001_fastqc.html
[2026-04-30 19:19:37,129] multiqc                                            [DEBUG  ]  File ignored by longranger/invocation because it exceeded search pattern filesize limit: SS5-AAVS1-2_S29_L001_R2_001_fastqc.html
[2026-04-30 19:19:37,129] multiqc                                            [DEBUG  ]  File ignored by rockhopper because it exceeded search pattern filesize limit: SS5-AAVS1-2_S29_L001_R2_001_fastqc.html
[2026-04-30 19:19:37,129] multiqc                                            [DEBUG  ]  File ignored by rseqc/bam_stat because it exceeded search pattern filesize limit: SS5-AAVS1-2_S29_L001_R2_001_fastqc.html
[2026-04-30 19:19:37,129] multiqc                                            [DEBUG  ]  File ignored by rseqc/junction_annotation because it exceeded search pattern filesize limit: SS5-AAVS1-2_S29_L001_R2_001_fastqc.html
[2026-04-30 19:19:37,129] multiqc                                            [DEBUG  ]  File ignored by rseqc/read_distribution because it exceeded search pattern filesize limit: SS5-AAVS1-2_S29_L001_R2_001_fastqc.html
[2026-04-30 19:19:37,129] multiqc                                            [DEBUG  ]  File ignored by rseqc/infer_experiment because it exceeded search pattern filesize limit: SS5-AAVS1-2_S29_L001_R2_001_fastqc.html
[2026-04-30 19:19:37,208] multiqc                                            [DEBUG  ]  File ignored by hicexplorer because it exceeded search pattern filesize limit: MTOP23-BT-935-HTT-4-1_S23_L001_R1_001_fastqc.html
[2026-04-30 19:19:37,210] multiqc                                            [DEBUG  ]  File ignored by longranger/invocation because it exceeded search pattern filesize limit: MTOP23-BT-935-HTT-4-1_S23_L001_R1_001_fastqc.html
[2026-04-30 19:19:37,210] multiqc                                            [DEBUG  ]  File ignored by rockhopper because it exceeded search pattern filesize limit: MTOP23-BT-935-HTT-4-1_S23_L001_R1_001_fastqc.html
[2026-04-30 19:19:37,210] multiqc                                            [DEBUG  ]  File ignored by rseqc/bam_stat because it exceeded search pattern filesize limit: MTOP23-BT-935-HTT-4-1_S23_L001_R1_001_fastqc.html
[2026-04-30 19:19:37,210] multiqc                                            [DEBUG  ]  File ignored by rseqc/junction_annotation because it exceeded search pattern filesize limit: MTOP23-BT-935-HTT-4-1_S23_L001_R1_001_fastqc.html
[2026-04-30 19:19:37,210] multiqc                                            [DEBUG  ]  File ignored by rseqc/read_distribution because it exceeded search pattern filesize limit: MTOP23-BT-935-HTT-4-1_S23_L001_R1_001_fastqc.html
[2026-04-30 19:19:37,210] multiqc                                            [DEBUG  ]  File ignored by rseqc/infer_experiment because it exceeded search pattern filesize limit: MTOP23-BT-935-HTT-4-1_S23_L001_R1_001_fastqc.html
[2026-04-30 19:19:37,289] multiqc                                            [DEBUG  ]  File ignored by hicexplorer because it exceeded search pattern filesize limit: MTOP15-BT-241-AAVS1_S15_L001_R2_001_fastqc.html
[2026-04-30 19:19:37,292] multiqc                                            [DEBUG  ]  File ignored by longranger/invocation because it exceeded search pattern filesize limit: MTOP15-BT-241-AAVS1_S15_L001_R2_001_fastqc.html
[2026-04-30 19:19:37,292] multiqc                                            [DEBUG  ]  File ignored by rockhopper because it exceeded search pattern filesize limit: MTOP15-BT-241-AAVS1_S15_L001_R2_001_fastqc.html
[2026-04-30 19:19:37,292] multiqc                                            [DEBUG  ]  File ignored by rseqc/bam_stat because it exceeded search pattern filesize limit: MTOP15-BT-241-AAVS1_S15_L001_R2_001_fastqc.html
[2026-04-30 19:19:37,292] multiqc                                            [DEBUG  ]  File ignored by rseqc/junction_annotation because it exceeded search pattern filesize limit: MTOP15-BT-241-AAVS1_S15_L001_R2_001_fastqc.html
[2026-04-30 19:19:37,292] multiqc                                            [DEBUG  ]  File ignored by rseqc/read_distribution because it exceeded search pattern filesize limit: MTOP15-BT-241-AAVS1_S15_L001_R2_001_fastqc.html
[2026-04-30 19:19:37,292] multiqc                                            [DEBUG  ]  File ignored by rseqc/infer_experiment because it exceeded search pattern filesize limit: MTOP15-BT-241-AAVS1_S15_L001_R2_001_fastqc.html
[2026-04-30 19:19:37,365] multiqc                                            [DEBUG  ]  File ignored by hicexplorer because it exceeded search pattern filesize limit: MTOP2-BT241-DMSO_S2_L001_R2_001_fastqc.html
[2026-04-30 19:19:37,367] multiqc                                            [DEBUG  ]  File ignored by longranger/invocation because it exceeded search pattern filesize limit: MTOP2-BT241-DMSO_S2_L001_R2_001_fastqc.html
[2026-04-30 19:19:37,367] multiqc                                            [DEBUG  ]  File ignored by rockhopper because it exceeded search pattern filesize limit: MTOP2-BT241-DMSO_S2_L001_R2_001_fastqc.html
[2026-04-30 19:19:37,367] multiqc                                            [DEBUG  ]  File ignored by rseqc/bam_stat because it exceeded search pattern filesize limit: MTOP2-BT241-DMSO_S2_L001_R2_001_fastqc.html
[2026-04-30 19:19:37,367] multiqc                                            [DEBUG  ]  File ignored by rseqc/junction_annotation because it exceeded search pattern filesize limit: MTOP2-BT241-DMSO_S2_L001_R2_001_fastqc.html
[2026-04-30 19:19:37,367] multiqc                                            [DEBUG  ]  File ignored by rseqc/read_distribution because it exceeded search pattern filesize limit: MTOP2-BT241-DMSO_S2_L001_R2_001_fastqc.html
[2026-04-30 19:19:37,367] multiqc                                            [DEBUG  ]  File ignored by rseqc/infer_experiment because it exceeded search pattern filesize limit: MTOP2-BT241-DMSO_S2_L001_R2_001_fastqc.html
[2026-04-30 19:19:37,448] multiqc                                            [DEBUG  ]  File ignored by hicexplorer because it exceeded search pattern filesize limit: MTOP7-BT-972-AAVS1_S7_L001_R2_001_fastqc.html
[2026-04-30 19:19:37,450] multiqc                                            [DEBUG  ]  File ignored by longranger/invocation because it exceeded search pattern filesize limit: MTOP7-BT-972-AAVS1_S7_L001_R2_001_fastqc.html
[2026-04-30 19:19:37,451] multiqc                                            [DEBUG  ]  File ignored by rockhopper because it exceeded search pattern filesize limit: MTOP7-BT-972-AAVS1_S7_L001_R2_001_fastqc.html
[2026-04-30 19:19:37,451] multiqc                                            [DEBUG  ]  File ignored by rseqc/bam_stat because it exceeded search pattern filesize limit: MTOP7-BT-972-AAVS1_S7_L001_R2_001_fastqc.html
[2026-04-30 19:19:37,451] multiqc                                            [DEBUG  ]  File ignored by rseqc/junction_annotation because it exceeded search pattern filesize limit: MTOP7-BT-972-AAVS1_S7_L001_R2_001_fastqc.html
[2026-04-30 19:19:37,451] multiqc                                            [DEBUG  ]  File ignored by rseqc/read_distribution because it exceeded search pattern filesize limit: MTOP7-BT-972-AAVS1_S7_L001_R2_001_fastqc.html
[2026-04-30 19:19:37,451] multiqc                                            [DEBUG  ]  File ignored by rseqc/infer_experiment because it exceeded search pattern filesize limit: MTOP7-BT-972-AAVS1_S7_L001_R2_001_fastqc.html
[2026-04-30 19:19:37,528] multiqc                                            [DEBUG  ]  File ignored by hicexplorer because it exceeded search pattern filesize limit: MTOP16-BT-241-HTT-4-1_S16_L001_R1_001_fastqc.html
[2026-04-30 19:19:37,530] multiqc                                            [DEBUG  ]  File ignored by longranger/invocation because it exceeded search pattern filesize limit: MTOP16-BT-241-HTT-4-1_S16_L001_R1_001_fastqc.html
[2026-04-30 19:19:37,530] multiqc                                            [DEBUG  ]  File ignored by rockhopper because it exceeded search pattern filesize limit: MTOP16-BT-241-HTT-4-1_S16_L001_R1_001_fastqc.html
[2026-04-30 19:19:37,530] multiqc                                            [DEBUG  ]  File ignored by rseqc/bam_stat because it exceeded search pattern filesize limit: MTOP16-BT-241-HTT-4-1_S16_L001_R1_001_fastqc.html
[2026-04-30 19:19:37,530] multiqc                                            [DEBUG  ]  File ignored by rseqc/junction_annotation because it exceeded search pattern filesize limit: MTOP16-BT-241-HTT-4-1_S16_L001_R1_001_fastqc.html
[2026-04-30 19:19:37,530] multiqc                                            [DEBUG  ]  File ignored by rseqc/read_distribution because it exceeded search pattern filesize limit: MTOP16-BT-241-HTT-4-1_S16_L001_R1_001_fastqc.html
[2026-04-30 19:19:37,530] multiqc                                            [DEBUG  ]  File ignored by rseqc/infer_experiment because it exceeded search pattern filesize limit: MTOP16-BT-241-HTT-4-1_S16_L001_R1_001_fastqc.html
[2026-04-30 19:19:37,609] multiqc                                            [DEBUG  ]  File ignored by hicexplorer because it exceeded search pattern filesize limit: MTOP20-BT-935-AAVS1_S20_L001_R2_001_fastqc.html
[2026-04-30 19:19:37,611] multiqc                                            [DEBUG  ]  File ignored by longranger/invocation because it exceeded search pattern filesize limit: MTOP20-BT-935-AAVS1_S20_L001_R2_001_fastqc.html
[2026-04-30 19:19:37,611] multiqc                                            [DEBUG  ]  File ignored by rockhopper because it exceeded search pattern filesize limit: MTOP20-BT-935-AAVS1_S20_L001_R2_001_fastqc.html
[2026-04-30 19:19:37,611] multiqc                                            [DEBUG  ]  File ignored by rseqc/bam_stat because it exceeded search pattern filesize limit: MTOP20-BT-935-AAVS1_S20_L001_R2_001_fastqc.html
[2026-04-30 19:19:37,611] multiqc                                            [DEBUG  ]  File ignored by rseqc/junction_annotation because it exceeded search pattern filesize limit: MTOP20-BT-935-AAVS1_S20_L001_R2_001_fastqc.html
[2026-04-30 19:19:37,611] multiqc                                            [DEBUG  ]  File ignored by rseqc/read_distribution because it exceeded search pattern filesize limit: MTOP20-BT-935-AAVS1_S20_L001_R2_001_fastqc.html
[2026-04-30 19:19:37,611] multiqc                                            [DEBUG  ]  File ignored by rseqc/infer_experiment because it exceeded search pattern filesize limit: MTOP20-BT-935-AAVS1_S20_L001_R2_001_fastqc.html
[2026-04-30 19:19:37,699] multiqc                                            [DEBUG  ]  File ignored by hicexplorer because it exceeded search pattern filesize limit: MTOP19-BT-935-AAVS1_S19_L001_R2_001_fastqc.html
[2026-04-30 19:19:37,701] multiqc                                            [DEBUG  ]  File ignored by longranger/invocation because it exceeded search pattern filesize limit: MTOP19-BT-935-AAVS1_S19_L001_R2_001_fastqc.html
[2026-04-30 19:19:37,701] multiqc                                            [DEBUG  ]  File ignored by rockhopper because it exceeded search pattern filesize limit: MTOP19-BT-935-AAVS1_S19_L001_R2_001_fastqc.html
[2026-04-30 19:19:37,701] multiqc                                            [DEBUG  ]  File ignored by rseqc/bam_stat because it exceeded search pattern filesize limit: MTOP19-BT-935-AAVS1_S19_L001_R2_001_fastqc.html
[2026-04-30 19:19:37,701] multiqc                                            [DEBUG  ]  File ignored by rseqc/junction_annotation because it exceeded search pattern filesize limit: MTOP19-BT-935-AAVS1_S19_L001_R2_001_fastqc.html
[2026-04-30 19:19:37,701] multiqc                                            [DEBUG  ]  File ignored by rseqc/read_distribution because it exceeded search pattern filesize limit: MTOP19-BT-935-AAVS1_S19_L001_R2_001_fastqc.html
[2026-04-30 19:19:37,701] multiqc                                            [DEBUG  ]  File ignored by rseqc/infer_experiment because it exceeded search pattern filesize limit: MTOP19-BT-935-AAVS1_S19_L001_R2_001_fastqc.html
[2026-04-30 19:19:37,780] multiqc                                            [DEBUG  ]  File ignored by hicexplorer because it exceeded search pattern filesize limit: SS3-KO-3_S27_L001_R2_001_fastqc.html
[2026-04-30 19:19:37,782] multiqc                                            [DEBUG  ]  File ignored by longranger/invocation because it exceeded search pattern filesize limit: SS3-KO-3_S27_L001_R2_001_fastqc.html
[2026-04-30 19:19:37,782] multiqc                                            [DEBUG  ]  File ignored by rockhopper because it exceeded search pattern filesize limit: SS3-KO-3_S27_L001_R2_001_fastqc.html
[2026-04-30 19:19:37,782] multiqc                                            [DEBUG  ]  File ignored by rseqc/bam_stat because it exceeded search pattern filesize limit: SS3-KO-3_S27_L001_R2_001_fastqc.html
[2026-04-30 19:19:37,782] multiqc                                            [DEBUG  ]  File ignored by rseqc/junction_annotation because it exceeded search pattern filesize limit: SS3-KO-3_S27_L001_R2_001_fastqc.html
[2026-04-30 19:19:37,782] multiqc                                            [DEBUG  ]  File ignored by rseqc/read_distribution because it exceeded search pattern filesize limit: SS3-KO-3_S27_L001_R2_001_fastqc.html
[2026-04-30 19:19:37,782] multiqc                                            [DEBUG  ]  File ignored by rseqc/infer_experiment because it exceeded search pattern filesize limit: SS3-KO-3_S27_L001_R2_001_fastqc.html
[2026-04-30 19:19:37,854] multiqc                                            [DEBUG  ]  File ignored by hicexplorer because it exceeded search pattern filesize limit: MTOP24-BT-935-HTT-4-1_S24_L001_R2_001_fastqc.html
[2026-04-30 19:19:37,856] multiqc                                            [DEBUG  ]  File ignored by longranger/invocation because it exceeded search pattern filesize limit: MTOP24-BT-935-HTT-4-1_S24_L001_R2_001_fastqc.html
[2026-04-30 19:19:37,856] multiqc                                            [DEBUG  ]  File ignored by rockhopper because it exceeded search pattern filesize limit: MTOP24-BT-935-HTT-4-1_S24_L001_R2_001_fastqc.html
[2026-04-30 19:19:37,856] multiqc                                            [DEBUG  ]  File ignored by rseqc/bam_stat because it exceeded search pattern filesize limit: MTOP24-BT-935-HTT-4-1_S24_L001_R2_001_fastqc.html
[2026-04-30 19:19:37,856] multiqc                                            [DEBUG  ]  File ignored by rseqc/junction_annotation because it exceeded search pattern filesize limit: MTOP24-BT-935-HTT-4-1_S24_L001_R2_001_fastqc.html
[2026-04-30 19:19:37,856] multiqc                                            [DEBUG  ]  File ignored by rseqc/read_distribution because it exceeded search pattern filesize limit: MTOP24-BT-935-HTT-4-1_S24_L001_R2_001_fastqc.html
[2026-04-30 19:19:37,856] multiqc                                            [DEBUG  ]  File ignored by rseqc/infer_experiment because it exceeded search pattern filesize limit: MTOP24-BT-935-HTT-4-1_S24_L001_R2_001_fastqc.html
[2026-04-30 19:19:37,933] multiqc                                            [DEBUG  ]  File ignored by hicexplorer because it exceeded search pattern filesize limit: SS6-AAVS1-3_S30_L001_R1_001_fastqc.html
[2026-04-30 19:19:37,936] multiqc                                            [DEBUG  ]  File ignored by longranger/invocation because it exceeded search pattern filesize limit: SS6-AAVS1-3_S30_L001_R1_001_fastqc.html
[2026-04-30 19:19:37,936] multiqc                                            [DEBUG  ]  File ignored by rockhopper because it exceeded search pattern filesize limit: SS6-AAVS1-3_S30_L001_R1_001_fastqc.html
[2026-04-30 19:19:37,936] multiqc                                            [DEBUG  ]  File ignored by rseqc/bam_stat because it exceeded search pattern filesize limit: SS6-AAVS1-3_S30_L001_R1_001_fastqc.html
[2026-04-30 19:19:37,936] multiqc                                            [DEBUG  ]  File ignored by rseqc/junction_annotation because it exceeded search pattern filesize limit: SS6-AAVS1-3_S30_L001_R1_001_fastqc.html
[2026-04-30 19:19:37,936] multiqc                                            [DEBUG  ]  File ignored by rseqc/read_distribution because it exceeded search pattern filesize limit: SS6-AAVS1-3_S30_L001_R1_001_fastqc.html
[2026-04-30 19:19:37,936] multiqc                                            [DEBUG  ]  File ignored by rseqc/infer_experiment because it exceeded search pattern filesize limit: SS6-AAVS1-3_S30_L001_R1_001_fastqc.html
[2026-04-30 19:19:38,013] multiqc                                            [DEBUG  ]  File ignored by hicexplorer because it exceeded search pattern filesize limit: SS3-KO-3_S27_L001_R1_001_fastqc.html
[2026-04-30 19:19:38,015] multiqc                                            [DEBUG  ]  File ignored by longranger/invocation because it exceeded search pattern filesize limit: SS3-KO-3_S27_L001_R1_001_fastqc.html
[2026-04-30 19:19:38,015] multiqc                                            [DEBUG  ]  File ignored by rockhopper because it exceeded search pattern filesize limit: SS3-KO-3_S27_L001_R1_001_fastqc.html
[2026-04-30 19:19:38,015] multiqc                                            [DEBUG  ]  File ignored by rseqc/bam_stat because it exceeded search pattern filesize limit: SS3-KO-3_S27_L001_R1_001_fastqc.html
[2026-04-30 19:19:38,015] multiqc                                            [DEBUG  ]  File ignored by rseqc/junction_annotation because it exceeded search pattern filesize limit: SS3-KO-3_S27_L001_R1_001_fastqc.html
[2026-04-30 19:19:38,015] multiqc                                            [DEBUG  ]  File ignored by rseqc/read_distribution because it exceeded search pattern filesize limit: SS3-KO-3_S27_L001_R1_001_fastqc.html
[2026-04-30 19:19:38,015] multiqc                                            [DEBUG  ]  File ignored by rseqc/infer_experiment because it exceeded search pattern filesize limit: SS3-KO-3_S27_L001_R1_001_fastqc.html
[2026-04-30 19:19:38,097] multiqc                                            [DEBUG  ]  File ignored by hicexplorer because it exceeded search pattern filesize limit: MTOP1-BT241-DMSO_S1_L001_R1_001_fastqc.html
[2026-04-30 19:19:38,099] multiqc                                            [DEBUG  ]  File ignored by longranger/invocation because it exceeded search pattern filesize limit: MTOP1-BT241-DMSO_S1_L001_R1_001_fastqc.html
[2026-04-30 19:19:38,099] multiqc                                            [DEBUG  ]  File ignored by rockhopper because it exceeded search pattern filesize limit: MTOP1-BT241-DMSO_S1_L001_R1_001_fastqc.html
[2026-04-30 19:19:38,099] multiqc                                            [DEBUG  ]  File ignored by rseqc/bam_stat because it exceeded search pattern filesize limit: MTOP1-BT241-DMSO_S1_L001_R1_001_fastqc.html
[2026-04-30 19:19:38,099] multiqc                                            [DEBUG  ]  File ignored by rseqc/junction_annotation because it exceeded search pattern filesize limit: MTOP1-BT241-DMSO_S1_L001_R1_001_fastqc.html
[2026-04-30 19:19:38,099] multiqc                                            [DEBUG  ]  File ignored by rseqc/read_distribution because it exceeded search pattern filesize limit: MTOP1-BT241-DMSO_S1_L001_R1_001_fastqc.html
[2026-04-30 19:19:38,099] multiqc                                            [DEBUG  ]  File ignored by rseqc/infer_experiment because it exceeded search pattern filesize limit: MTOP1-BT241-DMSO_S1_L001_R1_001_fastqc.html
[2026-04-30 19:19:38,179] multiqc                                            [DEBUG  ]  File ignored by hicexplorer because it exceeded search pattern filesize limit: SS1-KO-1_S25_L001_R1_001_fastqc.html
[2026-04-30 19:19:38,181] multiqc                                            [DEBUG  ]  File ignored by longranger/invocation because it exceeded search pattern filesize limit: SS1-KO-1_S25_L001_R1_001_fastqc.html
[2026-04-30 19:19:38,181] multiqc                                            [DEBUG  ]  File ignored by rockhopper because it exceeded search pattern filesize limit: SS1-KO-1_S25_L001_R1_001_fastqc.html
[2026-04-30 19:19:38,181] multiqc                                            [DEBUG  ]  File ignored by rseqc/bam_stat because it exceeded search pattern filesize limit: SS1-KO-1_S25_L001_R1_001_fastqc.html
[2026-04-30 19:19:38,181] multiqc                                            [DEBUG  ]  File ignored by rseqc/junction_annotation because it exceeded search pattern filesize limit: SS1-KO-1_S25_L001_R1_001_fastqc.html
[2026-04-30 19:19:38,181] multiqc                                            [DEBUG  ]  File ignored by rseqc/read_distribution because it exceeded search pattern filesize limit: SS1-KO-1_S25_L001_R1_001_fastqc.html
[2026-04-30 19:19:38,181] multiqc                                            [DEBUG  ]  File ignored by rseqc/infer_experiment because it exceeded search pattern filesize limit: SS1-KO-1_S25_L001_R1_001_fastqc.html
[2026-04-30 19:19:40,297] multiqc.plots.bargraph                             [DEBUG  ]  Using matplotlib version 3.1.1
[2026-04-30 19:19:40,308] multiqc.plots.linegraph                            [DEBUG  ]  Using matplotlib version 3.1.1
[2026-04-30 19:19:40,311] multiqc                                            [DEBUG  ]  No samples found: custom_content
[2026-04-30 19:19:40,317] multiqc                                            [DEBUG  ]  No samples found: conpair
[2026-04-30 19:19:40,333] multiqc                                            [DEBUG  ]  No samples found: peddy
[2026-04-30 19:19:40,354] multiqc                                            [DEBUG  ]  No samples found: somalier
[2026-04-30 19:19:40,388] multiqc                                            [DEBUG  ]  No samples found: methylQA
[2026-04-30 19:19:40,429] multiqc                                            [DEBUG  ]  No samples found: mosdepth
[2026-04-30 19:19:40,436] multiqc                                            [DEBUG  ]  No samples found: phantompeakqualtools
[2026-04-30 19:19:40,463] multiqc                                            [DEBUG  ]  No samples found: qualimap
[2026-04-30 19:19:40,500] multiqc                                            [DEBUG  ]  No samples found: preseq
[2026-04-30 19:19:40,522] multiqc                                            [DEBUG  ]  No samples found: quast
[2026-04-30 19:19:40,558] multiqc                                            [DEBUG  ]  No samples found: qorts
[2026-04-30 19:19:40,578] multiqc                                            [DEBUG  ]  No samples found: rna_seqc
[2026-04-30 19:19:40,608] multiqc                                            [DEBUG  ]  No samples found: rockhopper
[2026-04-30 19:19:40,625] multiqc                                            [DEBUG  ]  No samples found: rsem
[2026-04-30 19:19:40,640] multiqc                                            [DEBUG  ]  No samples found: rseqc
[2026-04-30 19:19:40,646] multiqc                                            [DEBUG  ]  No samples found: busco
[2026-04-30 19:19:40,657] multiqc                                            [DEBUG  ]  No samples found: goleft_indexcov
[2026-04-30 19:19:40,663] multiqc                                            [DEBUG  ]  No samples found: disambiguate
[2026-04-30 19:19:40,676] multiqc                                            [DEBUG  ]  No samples found: supernova
[2026-04-30 19:19:40,779] multiqc                                            [DEBUG  ]  No samples found: deeptools
[2026-04-30 19:19:40,795] multiqc                                            [DEBUG  ]  No samples found: sargasso
[2026-04-30 19:19:40,812] multiqc                                            [DEBUG  ]  No samples found: verifybamid
[2026-04-30 19:19:40,826] multiqc                                            [DEBUG  ]  No samples found: mirtrace
[2026-04-30 19:19:40,842] multiqc                                            [DEBUG  ]  No samples found: happy
[2026-04-30 19:19:40,858] multiqc                                            [DEBUG  ]  No samples found: mirtop
[2026-04-30 19:19:40,875] multiqc                                            [DEBUG  ]  No samples found: homer
[2026-04-30 19:19:40,892] multiqc                                            [DEBUG  ]  No samples found: macs2
[2026-04-30 19:19:40,899] multiqc                                            [DEBUG  ]  No samples found: theta2
[2026-04-30 19:19:40,925] multiqc                                            [DEBUG  ]  No samples found: snpeff
[2026-04-30 19:19:40,979] multiqc                                            [DEBUG  ]  No samples found: gatk
[2026-04-30 19:19:40,984] multiqc                                            [DEBUG  ]  No samples found: htseq
[2026-04-30 19:19:41,006] multiqc                                            [DEBUG  ]  No samples found: bcftools
[2026-04-30 19:19:41,027] multiqc                                            [DEBUG  ]  No samples found: featureCounts
[2026-04-30 19:19:41,054] multiqc                                            [DEBUG  ]  No samples found: fgbio
[2026-04-30 19:19:41,129] multiqc                                            [DEBUG  ]  No samples found: dragen
[2026-04-30 19:19:41,157] multiqc                                            [DEBUG  ]  No samples found: dedup
[2026-04-30 19:19:41,180] multiqc                                            [DEBUG  ]  No samples found: damageprofiler
[2026-04-30 19:19:41,293] multiqc                                            [DEBUG  ]  No samples found: biobambam2
[2026-04-30 19:19:41,300] multiqc                                            [DEBUG  ]  No samples found: mtnucratio
[2026-04-30 19:19:41,302] multiqc                                            [DEBUG  ]  No samples found: picard
[2026-04-30 19:19:41,316] multiqc                                            [DEBUG  ]  No samples found: prokka
[2026-04-30 19:19:41,320] multiqc                                            [DEBUG  ]  No samples found: samblaster
[2026-04-30 19:19:41,370] multiqc                                            [DEBUG  ]  No samples found: samtools
[2026-04-30 19:19:41,409] multiqc                                            [DEBUG  ]  No samples found: sexdeterrmine
[2026-04-30 19:19:41,416] multiqc                                            [DEBUG  ]  No samples found: bamtools
[2026-04-30 19:19:41,421] multiqc                                            [DEBUG  ]  No samples found: jellyfish
[2026-04-30 19:19:41,432] multiqc                                            [DEBUG  ]  No samples found: vcftools
[2026-04-30 19:19:41,454] multiqc                                            [DEBUG  ]  No samples found: longranger
[2026-04-30 19:19:41,467] multiqc                                            [DEBUG  ]  No samples found: stacks
[2026-04-30 19:19:41,477] multiqc                                            [DEBUG  ]  No samples found: varscan2
[2026-04-30 19:19:41,515] multiqc                                            [DEBUG  ]  No samples found: bbmap
[2026-04-30 19:19:41,533] multiqc                                            [DEBUG  ]  No samples found: bismark
[2026-04-30 19:19:41,555] multiqc                                            [DEBUG  ]  No samples found: biscuit
[2026-04-30 19:19:41,576] multiqc                                            [DEBUG  ]  No samples found: hicexplorer
[2026-04-30 19:19:41,600] multiqc                                            [DEBUG  ]  No samples found: hicup
[2026-04-30 19:19:41,629] multiqc                                            [DEBUG  ]  No samples found: hicpro
[2026-04-30 19:19:41,634] multiqc                                            [DEBUG  ]  No samples found: salmon
[2026-04-30 19:19:41,657] multiqc                                            [DEBUG  ]  No samples found: kallisto
[2026-04-30 19:19:41,696] multiqc                                            [DEBUG  ]  No samples found: slamdunk
[2026-04-30 19:19:41,715] multiqc                                            [DEBUG  ]  No samples found: star
[2026-04-30 19:19:41,734] multiqc                                            [DEBUG  ]  No samples found: hisat2
[2026-04-30 19:19:41,755] multiqc                                            [DEBUG  ]  No samples found: tophat
[2026-04-30 19:19:41,774] multiqc                                            [DEBUG  ]  No samples found: bowtie2
[2026-04-30 19:19:41,788] multiqc                                            [DEBUG  ]  No samples found: bowtie1
[2026-04-30 19:19:41,809] multiqc                                            [DEBUG  ]  No samples found: snpsplit
[2026-04-30 19:19:41,814] multiqc                                            [DEBUG  ]  No samples found: kat
[2026-04-30 19:19:41,819] multiqc                                            [DEBUG  ]  No samples found: leehom
[2026-04-30 19:19:41,840] multiqc                                            [DEBUG  ]  No samples found: adapterRemoval
[2026-04-30 19:19:41,845] multiqc                                            [DEBUG  ]  No samples found: clipandmerge
[2026-04-30 19:19:41,877] multiqc                                            [DEBUG  ]  No samples found: cutadapt
[2026-04-30 19:19:41,882] multiqc                                            [DEBUG  ]  No samples found: flexbar
[2026-04-30 19:19:41,903] multiqc                                            [DEBUG  ]  No samples found: kaiju
[2026-04-30 19:19:41,915] multiqc                                            [DEBUG  ]  No samples found: kraken
[2026-04-30 19:19:41,926] multiqc                                            [DEBUG  ]  No samples found: malt
[2026-04-30 19:19:41,942] multiqc                                            [DEBUG  ]  No samples found: trimmomatic
[2026-04-30 19:19:41,974] multiqc                                            [DEBUG  ]  No samples found: sickle
[2026-04-30 19:19:41,997] multiqc                                            [DEBUG  ]  No samples found: skewer
[2026-04-30 19:19:42,002] multiqc                                            [DEBUG  ]  No samples found: sortmerna
[2026-04-30 19:19:42,007] multiqc                                            [DEBUG  ]  No samples found: biobloomtools
[2026-04-30 19:19:42,029] multiqc                                            [DEBUG  ]  No samples found: fastq_screen
[2026-04-30 19:19:42,035] multiqc                                            [DEBUG  ]  No samples found: afterqc
[2026-04-30 19:19:42,053] multiqc                                            [DEBUG  ]  No samples found: fastp
[2026-04-30 19:19:44,127] multiqc.modules.fastqc.fastqc                      [INFO   ]  Found 60 reports
[2026-04-30 19:19:44,617] multiqc                                            [DEBUG  ]  No samples found: pycoqc
[2026-04-30 19:19:44,637] multiqc                                            [DEBUG  ]  No samples found: minionqc
[2026-04-30 19:19:44,653] multiqc                                            [DEBUG  ]  No samples found: multivcfanalyzer
[2026-04-30 19:19:44,676] multiqc                                            [DEBUG  ]  No samples found: clusterflow
[2026-04-30 19:19:44,703] multiqc                                            [DEBUG  ]  No samples found: bcl2fastq
[2026-04-30 19:19:44,716] multiqc                                            [DEBUG  ]  No samples found: interop
[2026-04-30 19:19:44,721] multiqc                                            [DEBUG  ]  No samples found: ivar
[2026-04-30 19:19:44,740] multiqc                                            [DEBUG  ]  No samples found: flash
[2026-04-30 19:19:44,754] multiqc                                            [DEBUG  ]  No samples found: seqyclean
[2026-04-30 19:19:44,813] multiqc                                            [INFO   ]  Compressing plot data
[2026-04-30 19:19:45,517] multiqc                                            [INFO   ]  Report      : multiqc_report.html
[2026-04-30 19:19:45,517] multiqc                                            [INFO   ]  Data        : multiqc_data
[2026-04-30 19:19:45,517] multiqc                                            [DEBUG  ]  Moving data file from '/tmp/tmpqaefeabq/multiqc_data' to '/rds/projects/g/gendood-preclinomics/260306_Singh-RNAseq/QualityControl/MultiQC/multiqc_data'
[2026-04-30 19:19:46,113] multiqc                                            [INFO   ]  MultiQC complete
